{
"type": "FeatureCollection",
"name": "provinces",
"features": [
{ "type": "Feature", "properties": { "province_code": "11", "name_en": "Seoul Special City", "name_ko": "서울특별시" }, "geometry": { "type": "Polygon", "coordinates": [ [ [ 126.766204, 37.554242 ], [ 126.771552, 37.548318 ], [ 126.791819, 37.543746 ], [ 126.794944, 37.541372 ], [ 126.794425, 37.535829 ], [ 126.806241, 37.544408 ], [ 126.812334, 37.540737 ], [ 126.822121, 37.540678 ], [ 126.821868, 37.534903 ], [ 126.828837, 37.526516 ], [ 126.823105, 37.51622 ], [ 126.826989, 37.508503 ], [ 126.822223, 37.507687 ], [ 126.81964, 37.499211 ], [ 126.813012, 37.496401 ], [ 126.823587, 37.487742 ], [ 126.81929, 37.485475 ], [ 126.819367, 37.479863 ], [ 126.814629, 37.474649 ], [ 126.81764, 37.473188 ], [ 126.819423, 37.476328 ], [ 126.831748, 37.477651 ], [ 126.83464, 37.474363 ], [ 126.844955, 37.473472 ], [ 126.846517, 37.481599 ], [ 126.8527, 37.481819 ], [ 126.868349, 37.495108 ], [ 126.870228, 37.489596 ], [ 126.87413, 37.491338 ], [ 126.872748, 37.488431 ], [ 126.87679, 37.488571 ], [ 126.871763, 37.485269 ], [ 126.872744, 37.482425 ], [ 126.884618, 37.466012 ], [ 126.882746, 37.464391 ], [ 126.888876, 37.460947 ], [ 126.885444, 37.460125 ], [ 126.886265, 37.456363 ], [ 126.889642, 37.452315 ], [ 126.893983, 37.452717 ], [ 126.902988, 37.434068 ], [ 126.909396, 37.43386 ], [ 126.912309, 37.438579 ], [ 126.920275, 37.440466 ], [ 126.928399, 37.450213 ], [ 126.938622, 37.436029 ], [ 126.962943, 37.44028 ], [ 126.96429, 37.446267 ], [ 126.97458, 37.454413 ], [ 126.989499, 37.458523 ], [ 126.996769, 37.461873 ], [ 126.996752, 37.467072 ], [ 127.003675, 37.46772 ], [ 127.008711, 37.457765 ], [ 127.01451, 37.454861 ], [ 127.025995, 37.457817 ], [ 127.029527, 37.465374 ], [ 127.034693, 37.464155 ], [ 127.03823, 37.44518 ], [ 127.035574, 37.439004 ], [ 127.052325, 37.428297 ], [ 127.070953, 37.430213 ], [ 127.072138, 37.442263 ], [ 127.08125, 37.441119 ], [ 127.087855, 37.444894 ], [ 127.09354, 37.455888 ], [ 127.099096, 37.456219 ], [ 127.104341, 37.462175 ], [ 127.116896, 37.458641 ], [ 127.124878, 37.469598 ], [ 127.1328, 37.468394 ], [ 127.132856, 37.474626 ], [ 127.143527, 37.47393 ], [ 127.148683, 37.484043 ], [ 127.158514, 37.489666 ], [ 127.161431, 37.500023 ], [ 127.157729, 37.503179 ], [ 127.141048, 37.505407 ], [ 127.140343, 37.510225 ], [ 127.143528, 37.512657 ], [ 127.140614, 37.515589 ], [ 127.145439, 37.516065 ], [ 127.145666, 37.521932 ], [ 127.163163, 37.544991 ], [ 127.183795, 37.545574 ], [ 127.181995, 37.560992 ], [ 127.175683, 37.574899 ], [ 127.177155, 37.581201 ], [ 127.166747, 37.578976 ], [ 127.14895, 37.568434 ], [ 127.12861, 37.56616 ], [ 127.115253, 37.55676 ], [ 127.112298, 37.559001 ], [ 127.104929, 37.556422 ], [ 127.101801, 37.559567 ], [ 127.10423, 37.571388 ], [ 127.101144, 37.576071 ], [ 127.116665, 37.594017 ], [ 127.114023, 37.599966 ], [ 127.118047, 37.604602 ], [ 127.117147, 37.617888 ], [ 127.104066, 37.621653 ], [ 127.112204, 37.632643 ], [ 127.111155, 37.642564 ], [ 127.106577, 37.645377 ], [ 127.09457, 37.644571 ], [ 127.092695, 37.64858 ], [ 127.091207, 37.659335 ], [ 127.096448, 37.669689 ], [ 127.091947, 37.67919 ], [ 127.095996, 37.689071 ], [ 127.085177, 37.69039 ], [ 127.081105, 37.696137 ], [ 127.063386, 37.694922 ], [ 127.051804, 37.685814 ], [ 127.048632, 37.694063 ], [ 127.044905, 37.692405 ], [ 127.041109, 37.6953 ], [ 127.032414, 37.691839 ], [ 127.027688, 37.700937 ], [ 127.015415, 37.701455 ], [ 127.007621, 37.691618 ], [ 127.008664, 37.68445 ], [ 126.997311, 37.683466 ], [ 126.992198, 37.679627 ], [ 126.994018, 37.666783 ], [ 126.979658, 37.656039 ], [ 126.985718, 37.646093 ], [ 126.983247, 37.643684 ], [ 126.985905, 37.635793 ], [ 126.97558, 37.631753 ], [ 126.958418, 37.62947 ], [ 126.963329, 37.633245 ], [ 126.957108, 37.652837 ], [ 126.947565, 37.659215 ], [ 126.924123, 37.646106 ], [ 126.913721, 37.644756 ], [ 126.904802, 37.649201 ], [ 126.91228, 37.644315 ], [ 126.91121, 37.635906 ], [ 126.906202, 37.63322 ], [ 126.907117, 37.621941 ], [ 126.900304, 37.611191 ], [ 126.89975, 37.589938 ], [ 126.887159, 37.588533 ], [ 126.88514, 37.593751 ], [ 126.877542, 37.586248 ], [ 126.876261, 37.578185 ], [ 126.864941, 37.577472 ], [ 126.853632, 37.57179 ], [ 126.802581, 37.605033 ], [ 126.797083, 37.597739 ], [ 126.80094, 37.588166 ], [ 126.794698, 37.582622 ], [ 126.793441, 37.58452 ], [ 126.793695, 37.581593 ], [ 126.793219, 37.576894 ], [ 126.791349, 37.581414 ], [ 126.789202, 37.575581 ], [ 126.782408, 37.573606 ], [ 126.780318, 37.567504 ], [ 126.774762, 37.567708 ], [ 126.777842, 37.559933 ], [ 126.775636, 37.561897 ], [ 126.772381, 37.556985 ], [ 126.766284, 37.556917 ], [ 126.766204, 37.554242 ] ] ] } },
{ "type": "Feature", "properties": { "province_code": "26", "name_en": "Busan Metropolitan City", "name_ko": "부산광역시" }, "geometry": { "type": "MultiPolygon", "coordinates": [ [ [ [ 128.775589, 35.011417 ], [ 128.774274, 35.014499 ], [ 128.772365, 35.014482 ], [ 128.772449, 35.01104 ], [ 128.775589, 35.011417 ] ] ], [ [ [ 128.770643, 35.015646 ], [ 128.766621, 35.01538 ], [ 128.765998, 35.012344 ], [ 128.771785, 35.014292 ], [ 128.770643, 35.015646 ] ] ], [ [ [ 128.818527, 35.083317 ], [ 128.818528, 35.083001 ], [ 128.811503, 35.082989 ], [ 128.811515, 35.07758 ], [ 128.835119, 35.077626 ], [ 128.834959, 35.074912 ], [ 128.832382, 35.074909 ], [ 128.832389, 35.071303 ], [ 128.804987, 35.066748 ], [ 128.806291, 35.061448 ], [ 128.824048, 35.065382 ], [ 128.82387, 35.063326 ], [ 128.82134, 35.060693 ], [ 128.80606, 35.05975 ], [ 128.805765, 35.055863 ], [ 128.797436, 35.051776 ], [ 128.799788, 35.048323 ], [ 128.805982, 35.047437 ], [ 128.812607, 35.039426 ], [ 128.811142, 35.033615 ], [ 128.807302, 35.032817 ], [ 128.815256, 35.029534 ], [ 128.81497, 35.025026 ], [ 128.805558, 35.024554 ], [ 128.806075, 35.021588 ], [ 128.810799, 35.022232 ], [ 128.811376, 35.019727 ], [ 128.827301, 35.0136 ], [ 128.826513, 35.010316 ], [ 128.820227, 35.009043 ], [ 128.823455, 35.004674 ], [ 128.818507, 35.004077 ], [ 128.822563, 35.001049 ], [ 128.822478, 34.99489 ], [ 128.829599, 34.995511 ], [ 128.829104, 34.989093 ], [ 128.838744, 34.997595 ], [ 128.840311, 35.006619 ], [ 128.834437, 35.01095 ], [ 128.834518, 35.015337 ], [ 128.843121, 35.02439 ], [ 128.841705, 35.02944 ], [ 128.849114, 35.037466 ], [ 128.850592, 35.050311 ], [ 128.846364, 35.057419 ], [ 128.837706, 35.05346 ], [ 128.8327, 35.057611 ], [ 128.835205, 35.063056 ], [ 128.835201, 35.086212 ], [ 128.828656, 35.089933 ], [ 128.826433, 35.086213 ], [ 128.824556, 35.085851 ], [ 128.822466, 35.085821 ], [ 128.822129, 35.08582 ], [ 128.821978, 35.085847 ], [ 128.821538, 35.085846 ], [ 128.821545, 35.084446 ], [ 128.818449, 35.08338 ], [ 128.818527, 35.083317 ] ] ], [ [ [ 128.929012, 35.054263 ], [ 128.927881, 35.056224 ], [ 128.929952, 35.049565 ], [ 128.956792, 35.048934 ], [ 128.930849, 35.050035 ], [ 128.929012, 35.054263 ] ] ], [ [ [ 128.948168, 35.058486 ], [ 128.934579, 35.059287 ], [ 128.935373, 35.054161 ], [ 128.938962, 35.052534 ], [ 128.94756, 35.054399 ], [ 128.939273, 35.052981 ], [ 128.936078, 35.055417 ], [ 128.948168, 35.058486 ] ] ], [ [ [ 128.90153, 35.058962 ], [ 128.886222, 35.06361 ], [ 128.892301, 35.058852 ], [ 128.916832, 35.051843 ], [ 128.922144, 35.053221 ], [ 128.917652, 35.052616 ], [ 128.90153, 35.058962 ] ] ], [ [ [ 128.91294, 35.057877 ], [ 128.917765, 35.056566 ], [ 128.91975, 35.059995 ], [ 128.905931, 35.061561 ], [ 128.908406, 35.058636 ], [ 128.91294, 35.057877 ] ] ], [ [ [ 128.864316, 35.069141 ], [ 128.85835, 35.07008 ], [ 128.875021, 35.063684 ], [ 128.885671, 35.065681 ], [ 128.88506, 35.068651 ], [ 128.864316, 35.069141 ] ] ], [ [ [ 128.838437, 35.074675 ], [ 128.836396, 35.066878 ], [ 128.846189, 35.063751 ], [ 128.846828, 35.061076 ], [ 128.857789, 35.064568 ], [ 128.854965, 35.069234 ], [ 128.842134, 35.069453 ], [ 128.838437, 35.074675 ] ] ], [ [ [ 128.943051, 35.071376 ], [ 128.946307, 35.072528 ], [ 128.943947, 35.075769 ], [ 128.941693, 35.073995 ], [ 128.943051, 35.071376 ] ] ], [ [ [ 128.923521, 35.076697 ], [ 128.911962, 35.076086 ], [ 128.902568, 35.070656 ], [ 128.903717, 35.069487 ], [ 128.913293, 35.075032 ], [ 128.923521, 35.076697 ] ] ], [ [ [ 128.989523, 34.980398 ], [ 128.988, 34.978886 ], [ 128.993901, 34.981763 ], [ 128.990003, 34.981142 ], [ 128.989523, 34.980398 ] ] ], [ [ [ 128.97461, 35.030252 ], [ 128.972317, 35.029422 ], [ 128.972904, 35.027134 ], [ 128.974209, 35.028168 ], [ 128.97461, 35.030252 ] ] ], [ [ [ 129.067145, 35.061119 ], [ 129.070934, 35.058596 ], [ 129.077443, 35.060705 ], [ 129.082844, 35.05045 ], [ 129.091738, 35.051192 ], [ 129.096211, 35.059758 ], [ 129.087552, 35.062782 ], [ 129.083947, 35.071455 ], [ 129.084531, 35.06966 ], [ 129.079856, 35.071425 ], [ 129.090905, 35.074058 ], [ 129.095913, 35.080308 ], [ 129.084406, 35.073657 ], [ 129.077489, 35.083443 ], [ 129.079549, 35.088097 ], [ 129.077601, 35.089611 ], [ 129.077651, 35.086916 ], [ 129.058557, 35.100725 ], [ 129.051203, 35.099616 ], [ 129.051903, 35.096551 ], [ 129.047802, 35.097914 ], [ 129.048927, 35.095313 ], [ 129.045487, 35.097103 ], [ 129.036059, 35.0945 ], [ 129.03711, 35.091847 ], [ 129.031614, 35.094005 ], [ 129.032312, 35.090453 ], [ 129.036421, 35.089624 ], [ 129.032172, 35.088746 ], [ 129.033172, 35.084854 ], [ 129.057023, 35.069642 ], [ 129.065176, 35.068757 ], [ 129.064525, 35.061909 ], [ 129.067145, 35.061119 ] ] ], [ [ [ 128.824044, 35.102086 ], [ 128.824035, 35.102067 ], [ 128.823904, 35.102019 ], [ 128.823831, 35.102002 ], [ 128.823748, 35.102002 ], [ 128.823638, 35.101979 ], [ 128.823469, 35.101877 ], [ 128.821856, 35.097921 ], [ 128.821851, 35.097916 ], [ 128.821836, 35.097888 ], [ 128.82181, 35.09785 ], [ 128.821781, 35.097813 ], [ 128.821749, 35.097777 ], [ 128.821716, 35.097743 ], [ 128.835334, 35.088389 ], [ 128.837607, 35.083391 ], [ 128.868337, 35.083429 ], [ 128.870811, 35.088771 ], [ 128.872398, 35.082847 ], [ 128.869262, 35.081344 ], [ 128.884143, 35.079344 ], [ 128.889856, 35.108973 ], [ 128.899475, 35.119824 ], [ 128.905632, 35.118102 ], [ 128.900587, 35.11126 ], [ 128.895378, 35.079037 ], [ 128.911112, 35.079051 ], [ 128.913155, 35.087602 ], [ 128.930191, 35.092722 ], [ 128.930248, 35.095025 ], [ 128.925079, 35.09291 ], [ 128.930664, 35.096024 ], [ 128.929745, 35.106193 ], [ 128.932429, 35.106257 ], [ 128.932745, 35.110511 ], [ 128.939329, 35.108858 ], [ 128.93261, 35.091134 ], [ 128.934672, 35.085184 ], [ 128.941505, 35.088092 ], [ 128.939694, 35.082126 ], [ 128.948661, 35.107146 ], [ 128.948491, 35.102545 ], [ 128.950533, 35.107361 ], [ 128.956056, 35.106555 ], [ 128.958043, 35.103556 ], [ 128.950613, 35.080768 ], [ 128.966657, 35.083919 ], [ 128.950925, 35.079158 ], [ 128.952708, 35.07231 ], [ 128.958348, 35.073302 ], [ 128.95281, 35.071926 ], [ 128.958164, 35.050645 ], [ 128.968983, 35.045179 ], [ 128.964456, 35.036507 ], [ 128.967441, 35.033332 ], [ 128.973281, 35.04125 ], [ 128.977465, 35.040249 ], [ 128.96958, 35.04501 ], [ 128.970081, 35.048095 ], [ 128.973144, 35.049591 ], [ 128.981891, 35.046692 ], [ 128.983872, 35.053148 ], [ 128.973629, 35.053296 ], [ 128.972773, 35.056873 ], [ 128.980035, 35.055929 ], [ 128.985014, 35.05996 ], [ 128.988426, 35.058031 ], [ 128.992263, 35.045377 ], [ 128.996566, 35.044214 ], [ 129.006968, 35.048945 ], [ 129.001218, 35.048316 ], [ 128.993261, 35.072236 ], [ 128.993047, 35.083939 ], [ 129.001232, 35.079817 ], [ 128.999044, 35.083335 ], [ 129.003952, 35.086325 ], [ 129.005503, 35.071088 ], [ 129.012026, 35.065175 ], [ 129.008288, 35.06275 ], [ 129.011647, 35.052445 ], [ 129.008508, 35.051208 ], [ 129.015489, 35.053132 ], [ 129.01584, 35.057197 ], [ 129.022309, 35.061802 ], [ 129.016561, 35.075308 ], [ 129.020485, 35.077737 ], [ 129.02445, 35.076178 ], [ 129.026526, 35.085471 ], [ 129.030899, 35.085798 ], [ 129.031134, 35.08608 ], [ 129.02612, 35.085823 ], [ 129.02564, 35.095413 ], [ 129.038063, 35.097277 ], [ 129.038173, 35.104356 ], [ 129.042712, 35.102937 ], [ 129.040327, 35.107074 ], [ 129.044444, 35.105729 ], [ 129.040854, 35.108098 ], [ 129.045052, 35.115716 ], [ 129.0498, 35.112992 ], [ 129.047829, 35.11905 ], [ 129.053675, 35.117028 ], [ 129.048532, 35.120492 ], [ 129.049971, 35.123529 ], [ 129.055742, 35.125266 ], [ 129.052843, 35.120463 ], [ 129.055979, 35.118307 ], [ 129.064638, 35.127217 ], [ 129.06546, 35.135627 ], [ 129.065625, 35.122972 ], [ 129.073041, 35.122165 ], [ 129.06956, 35.118291 ], [ 129.073815, 35.116702 ], [ 129.06738, 35.108161 ], [ 129.066845, 35.111397 ], [ 129.065406, 35.109064 ], [ 129.074988, 35.103614 ], [ 129.090343, 35.103613 ], [ 129.090283, 35.108759 ], [ 129.092927, 35.109271 ], [ 129.095691, 35.09359 ], [ 129.099685, 35.09126 ], [ 129.105986, 35.091415 ], [ 129.102277, 35.094488 ], [ 129.109867, 35.10064 ], [ 129.113335, 35.098394 ], [ 129.110412, 35.101081 ], [ 129.112981, 35.103152 ], [ 129.115807, 35.100373 ], [ 129.118888, 35.099469 ], [ 129.1239, 35.09941 ], [ 129.128721, 35.117649 ], [ 129.122284, 35.126588 ], [ 129.121514, 35.135346 ], [ 129.113066, 35.12529 ], [ 129.117797, 35.132109 ], [ 129.112284, 35.135078 ], [ 129.110591, 35.13434 ], [ 129.106852, 35.13 ], [ 129.106523, 35.130307 ], [ 129.113423, 35.137881 ], [ 129.117585, 35.139942 ], [ 129.117714, 35.146035 ], [ 129.114424, 35.147281 ], [ 129.118965, 35.153758 ], [ 129.134885, 35.155578 ], [ 129.126018, 35.165342 ], [ 129.13586, 35.162709 ], [ 129.134881, 35.16152 ], [ 129.138158, 35.158993 ], [ 129.138876, 35.161308 ], [ 129.142727, 35.154499 ], [ 129.146797, 35.153502 ], [ 129.152644, 35.157687 ], [ 129.150482, 35.151948 ], [ 129.155386, 35.157205 ], [ 129.164687, 35.159582 ], [ 129.180932, 35.154854 ], [ 129.193974, 35.161026 ], [ 129.200374, 35.179575 ], [ 129.206531, 35.179042 ], [ 129.206296, 35.181719 ], [ 129.21172, 35.181709 ], [ 129.216478, 35.187406 ], [ 129.219149, 35.18431 ], [ 129.223643, 35.185771 ], [ 129.22456, 35.195062 ], [ 129.229229, 35.196946 ], [ 129.230105, 35.203588 ], [ 129.222037, 35.213094 ], [ 129.228486, 35.217967 ], [ 129.227575, 35.223796 ], [ 129.235565, 35.219738 ], [ 129.239341, 35.222777 ], [ 129.240503, 35.229445 ], [ 129.245165, 35.230833 ], [ 129.242957, 35.238399 ], [ 129.248445, 35.24038 ], [ 129.248043, 35.243834 ], [ 129.246241, 35.241899 ], [ 129.24427, 35.244003 ], [ 129.253082, 35.246527 ], [ 129.2524, 35.2509 ], [ 129.247427, 35.252442 ], [ 129.252009, 35.252334 ], [ 129.251658, 35.259852 ], [ 129.250292, 35.258728 ], [ 129.248118, 35.259399 ], [ 129.246925, 35.26114 ], [ 129.246057, 35.261149 ], [ 129.245982, 35.258007 ], [ 129.245446, 35.260183 ], [ 129.236091, 35.25763 ], [ 129.23362, 35.26206 ], [ 129.235695, 35.265012 ], [ 129.243046, 35.264809 ], [ 129.245608, 35.272359 ], [ 129.246546, 35.269948 ], [ 129.246998, 35.271983 ], [ 129.25298, 35.271467 ], [ 129.255559, 35.280899 ], [ 129.259996, 35.283062 ], [ 129.257102, 35.289215 ], [ 129.262829, 35.299243 ], [ 129.26013, 35.297636 ], [ 129.261459, 35.304258 ], [ 129.259915, 35.30263 ], [ 129.257921, 35.304815 ], [ 129.26014, 35.31441 ], [ 129.266715, 35.321065 ], [ 129.278851, 35.32468 ], [ 129.276845, 35.325394 ], [ 129.281608, 35.328143 ], [ 129.284991, 35.323818 ], [ 129.285869, 35.326321 ], [ 129.287432, 35.326633 ], [ 129.288967, 35.325386 ], [ 129.286589, 35.32037 ], [ 129.288933, 35.31886 ], [ 129.299126, 35.318475 ], [ 129.305428, 35.323959 ], [ 129.304149, 35.330167 ], [ 129.301812, 35.33673 ], [ 129.291889, 35.336817 ], [ 129.289086, 35.340474 ], [ 129.279663, 35.34137 ], [ 129.284931, 35.350732 ], [ 129.280516, 35.356222 ], [ 129.283123, 35.365148 ], [ 129.267976, 35.3801 ], [ 129.265522, 35.387144 ], [ 129.257973, 35.384123 ], [ 129.250642, 35.387365 ], [ 129.248791, 35.383151 ], [ 129.240972, 35.385068 ], [ 129.2354, 35.380257 ], [ 129.218536, 35.378955 ], [ 129.20117, 35.387782 ], [ 129.199368, 35.389037 ], [ 129.193595, 35.382089 ], [ 129.199182, 35.375978 ], [ 129.198762, 35.366496 ], [ 129.178154, 35.351765 ], [ 129.168598, 35.353797 ], [ 129.150122, 35.363934 ], [ 129.118176, 35.369035 ], [ 129.133231, 35.356356 ], [ 129.134587, 35.351451 ], [ 129.127141, 35.345402 ], [ 129.123994, 35.337861 ], [ 129.125756, 35.332064 ], [ 129.113663, 35.320223 ], [ 129.110588, 35.306706 ], [ 129.088353, 35.302615 ], [ 129.074266, 35.290762 ], [ 129.070554, 35.294522 ], [ 129.058362, 35.294835 ], [ 129.047499, 35.274214 ], [ 129.029535, 35.276887 ], [ 129.013483, 35.273758 ], [ 129.011664, 35.263402 ], [ 128.994292, 35.234041 ], [ 128.976313, 35.22777 ], [ 128.956696, 35.225252 ], [ 128.948535, 35.225242 ], [ 128.943998, 35.228325 ], [ 128.920128, 35.216423 ], [ 128.909482, 35.223058 ], [ 128.905018, 35.220073 ], [ 128.909694, 35.215461 ], [ 128.886401, 35.214478 ], [ 128.878988, 35.209995 ], [ 128.870355, 35.201559 ], [ 128.881681, 35.182204 ], [ 128.880851, 35.17145 ], [ 128.873479, 35.174138 ], [ 128.872354, 35.172274 ], [ 128.881931, 35.161716 ], [ 128.881142, 35.159126 ], [ 128.87417, 35.158589 ], [ 128.876657, 35.151279 ], [ 128.871663, 35.150465 ], [ 128.865182, 35.158186 ], [ 128.872949, 35.162532 ], [ 128.867386, 35.167715 ], [ 128.846289, 35.164688 ], [ 128.842933, 35.157989 ], [ 128.836005, 35.159138 ], [ 128.827527, 35.155589 ], [ 128.815966, 35.160162 ], [ 128.79452, 35.158538 ], [ 128.802133, 35.141902 ], [ 128.806686, 35.142504 ], [ 128.815357, 35.132635 ], [ 128.82727, 35.12816 ], [ 128.832975, 35.129941 ], [ 128.837757, 35.123985 ], [ 128.83593, 35.119003 ], [ 128.842962, 35.113158 ], [ 128.8417, 35.10599 ], [ 128.834797, 35.101802 ], [ 128.824044, 35.102086 ] ], [ [ 129.10216, 35.094393 ], [ 129.104951, 35.092063 ], [ 129.099189, 35.091591 ], [ 129.098789, 35.095406 ], [ 129.10216, 35.094393 ] ] ] ] } },
{ "type": "Feature", "properties": { "province_code": "27", "name_en": "Daegu Metropolitan City", "name_ko": "대구광역시" }, "geometry": { "type": "Polygon", "coordinates": [ [ [ 128.529851, 35.683015 ], [ 128.535264, 35.694052 ], [ 128.531864, 35.696616 ], [ 128.533887, 35.70326 ], [ 128.527905, 35.712741 ], [ 128.560987, 35.729714 ], [ 128.564767, 35.736762 ], [ 128.571729, 35.734573 ], [ 128.582416, 35.738333 ], [ 128.589601, 35.731504 ], [ 128.594245, 35.737075 ], [ 128.612435, 35.738519 ], [ 128.614932, 35.730318 ], [ 128.609935, 35.724876 ], [ 128.616926, 35.717635 ], [ 128.613916, 35.709841 ], [ 128.619777, 35.702849 ], [ 128.623997, 35.702297 ], [ 128.630926, 35.706792 ], [ 128.646212, 35.708174 ], [ 128.661033, 35.720049 ], [ 128.68324, 35.721454 ], [ 128.683138, 35.725578 ], [ 128.692, 35.733263 ], [ 128.689126, 35.739773 ], [ 128.693657, 35.743653 ], [ 128.695486, 35.755742 ], [ 128.68635, 35.768724 ], [ 128.682331, 35.789843 ], [ 128.692842, 35.796959 ], [ 128.699809, 35.795049 ], [ 128.717519, 35.806836 ], [ 128.708637, 35.826568 ], [ 128.718324, 35.835456 ], [ 128.725073, 35.836049 ], [ 128.726872, 35.847212 ], [ 128.721874, 35.856948 ], [ 128.725511, 35.857801 ], [ 128.738572, 35.851298 ], [ 128.759795, 35.866075 ], [ 128.75773, 35.870029 ], [ 128.761254, 35.874404 ], [ 128.756924, 35.877833 ], [ 128.762693, 35.888498 ], [ 128.756556, 35.903566 ], [ 128.759801, 35.906833 ], [ 128.755296, 35.915005 ], [ 128.742678, 35.920399 ], [ 128.736672, 35.929631 ], [ 128.744087, 35.943958 ], [ 128.737961, 35.955943 ], [ 128.742995, 35.959945 ], [ 128.74621, 35.972869 ], [ 128.730974, 35.985361 ], [ 128.734856, 35.992956 ], [ 128.726878, 36.003228 ], [ 128.717865, 36.008127 ], [ 128.701382, 36.010853 ], [ 128.695596, 36.016165 ], [ 128.669523, 36.013266 ], [ 128.651011, 36.007307 ], [ 128.640866, 36.010572 ], [ 128.617486, 36.006737 ], [ 128.603504, 35.986013 ], [ 128.592925, 35.983362 ], [ 128.590156, 35.979235 ], [ 128.572838, 35.978313 ], [ 128.564707, 35.972937 ], [ 128.557066, 35.97223 ], [ 128.553322, 35.960765 ], [ 128.546674, 35.965666 ], [ 128.543486, 35.974775 ], [ 128.528354, 35.98035 ], [ 128.526651, 35.975447 ], [ 128.530497, 35.96199 ], [ 128.534811, 35.958383 ], [ 128.532066, 35.950114 ], [ 128.533287, 35.932479 ], [ 128.529044, 35.923695 ], [ 128.506914, 35.906103 ], [ 128.504589, 35.889152 ], [ 128.501494, 35.886766 ], [ 128.490617, 35.897579 ], [ 128.484945, 35.896529 ], [ 128.48462, 35.89393 ], [ 128.478477, 35.896824 ], [ 128.47527, 35.894458 ], [ 128.468379, 35.899471 ], [ 128.465399, 35.90859 ], [ 128.472755, 35.914436 ], [ 128.476419, 35.934439 ], [ 128.454155, 35.943149 ], [ 128.450338, 35.935042 ], [ 128.441561, 35.935207 ], [ 128.438745, 35.931519 ], [ 128.424902, 35.928041 ], [ 128.407129, 35.900725 ], [ 128.398977, 35.899926 ], [ 128.384209, 35.865656 ], [ 128.38351, 35.852835 ], [ 128.415982, 35.851757 ], [ 128.450648, 35.843998 ], [ 128.481217, 35.830086 ], [ 128.482716, 35.815517 ], [ 128.470433, 35.805922 ], [ 128.441029, 35.806017 ], [ 128.440945, 35.809294 ], [ 128.42083, 35.809355 ], [ 128.420816, 35.806304 ], [ 128.415786, 35.806092 ], [ 128.415772, 35.802815 ], [ 128.408119, 35.799208 ], [ 128.383469, 35.760087 ], [ 128.391247, 35.748353 ], [ 128.431816, 35.725598 ], [ 128.434889, 35.714758 ], [ 128.432147, 35.704895 ], [ 128.422223, 35.697269 ], [ 128.412202, 35.695842 ], [ 128.358878, 35.708701 ], [ 128.351797, 35.704016 ], [ 128.35823, 35.680794 ], [ 128.372511, 35.666621 ], [ 128.397912, 35.648809 ], [ 128.40146, 35.639015 ], [ 128.401251, 35.632729 ], [ 128.388376, 35.617928 ], [ 128.371748, 35.610881 ], [ 128.372739, 35.608449 ], [ 128.378125, 35.606843 ], [ 128.380234, 35.609247 ], [ 128.382399, 35.60654 ], [ 128.384407, 35.609909 ], [ 128.402924, 35.61521 ], [ 128.402925, 35.617305 ], [ 128.406498, 35.614191 ], [ 128.410156, 35.615097 ], [ 128.422737, 35.625124 ], [ 128.43098, 35.621639 ], [ 128.446476, 35.638414 ], [ 128.453348, 35.636903 ], [ 128.461111, 35.640657 ], [ 128.470691, 35.636615 ], [ 128.478494, 35.640528 ], [ 128.482709, 35.634991 ], [ 128.50571, 35.639272 ], [ 128.510711, 35.645693 ], [ 128.505692, 35.654921 ], [ 128.508927, 35.661844 ], [ 128.507551, 35.672858 ], [ 128.529851, 35.683015 ] ] ] } },
{ "type": "Feature", "properties": { "province_code": "28", "name_en": "Incheon Metropolitan City", "name_ko": "인천광역시" }, "geometry": { "type": "MultiPolygon", "coordinates": [ [ [ [ 126.766204, 37.554242 ], [ 126.766284, 37.556917 ], [ 126.772381, 37.556985 ], [ 126.775636, 37.561897 ], [ 126.777842, 37.559933 ], [ 126.774762, 37.567708 ], [ 126.780318, 37.567504 ], [ 126.782408, 37.573606 ], [ 126.789202, 37.575581 ], [ 126.791349, 37.581414 ], [ 126.793219, 37.576894 ], [ 126.793695, 37.581593 ], [ 126.787048, 37.585579 ], [ 126.784114, 37.582585 ], [ 126.767517, 37.588395 ], [ 126.763177, 37.584962 ], [ 126.757985, 37.585328 ], [ 126.755726, 37.580328 ], [ 126.751762, 37.579573 ], [ 126.744324, 37.592495 ], [ 126.725484, 37.591782 ], [ 126.716304, 37.599488 ], [ 126.715625, 37.603806 ], [ 126.709603, 37.60513 ], [ 126.704681, 37.602475 ], [ 126.705451, 37.612149 ], [ 126.694469, 37.620339 ], [ 126.682836, 37.624781 ], [ 126.672422, 37.633842 ], [ 126.652555, 37.639488 ], [ 126.64711, 37.627478 ], [ 126.636457, 37.627676 ], [ 126.636575, 37.62049 ], [ 126.631659, 37.617341 ], [ 126.625741, 37.602593 ], [ 126.614356, 37.606287 ], [ 126.605468, 37.600264 ], [ 126.604805, 37.599804 ], [ 126.603629, 37.598993 ], [ 126.601389, 37.5977 ], [ 126.591565, 37.593012 ], [ 126.596718, 37.582127 ], [ 126.602224, 37.58215 ], [ 126.601525, 37.585147 ], [ 126.609631, 37.592083 ], [ 126.612508, 37.591286 ], [ 126.607265, 37.588065 ], [ 126.623918, 37.586361 ], [ 126.623061, 37.578165 ], [ 126.631656, 37.587998 ], [ 126.646914, 37.579188 ], [ 126.663714, 37.578096 ], [ 126.661107, 37.57286 ], [ 126.638175, 37.571035 ], [ 126.616937, 37.565286 ], [ 126.61779, 37.560806 ], [ 126.608738, 37.557816 ], [ 126.610076, 37.554978 ], [ 126.62164, 37.55654 ], [ 126.635439, 37.563923 ], [ 126.632891, 37.567961 ], [ 126.644716, 37.570154 ], [ 126.646138, 37.566347 ], [ 126.650943, 37.567934 ], [ 126.650588, 37.570357 ], [ 126.660866, 37.571077 ], [ 126.657599, 37.567733 ], [ 126.6522, 37.569257 ], [ 126.651441, 37.567974 ], [ 126.646127, 37.566303 ], [ 126.640731, 37.567016 ], [ 126.636893, 37.561101 ], [ 126.638662, 37.556816 ], [ 126.634442, 37.558646 ], [ 126.636751, 37.560885 ], [ 126.630349, 37.558097 ], [ 126.616486, 37.555396 ], [ 126.610704, 37.554983 ], [ 126.608701, 37.554325 ], [ 126.615631, 37.553938 ], [ 126.610522, 37.552529 ], [ 126.607304, 37.554439 ], [ 126.597679, 37.550237 ], [ 126.598668, 37.539712 ], [ 126.60504, 37.539735 ], [ 126.598749, 37.538833 ], [ 126.59929, 37.533274 ], [ 126.602628, 37.533287 ], [ 126.602693, 37.527798 ], [ 126.611036, 37.52694 ], [ 126.602705, 37.526909 ], [ 126.602766, 37.516834 ], [ 126.613063, 37.515237 ], [ 126.613511, 37.512654 ], [ 126.602806, 37.516386 ], [ 126.604543, 37.495904 ], [ 126.622745, 37.496281 ], [ 126.630756, 37.50047 ], [ 126.630768, 37.504253 ], [ 126.639473, 37.504235 ], [ 126.640833, 37.495736 ], [ 126.627479, 37.493366 ], [ 126.637625, 37.482175 ], [ 126.626269, 37.492484 ], [ 126.623969, 37.489034 ], [ 126.62316, 37.491819 ], [ 126.616214, 37.489743 ], [ 126.616671, 37.486435 ], [ 126.615235, 37.489049 ], [ 126.614283, 37.485787 ], [ 126.609905, 37.487351 ], [ 126.611681, 37.483515 ], [ 126.620177, 37.486423 ], [ 126.616891, 37.483509 ], [ 126.612853, 37.48253 ], [ 126.614239, 37.47889 ], [ 126.611949, 37.48208 ], [ 126.605105, 37.480077 ], [ 126.609795, 37.48295 ], [ 126.608052, 37.486766 ], [ 126.607533, 37.483698 ], [ 126.602756, 37.484299 ], [ 126.603935, 37.479735 ], [ 126.600601, 37.481523 ], [ 126.594776, 37.468882 ], [ 126.597629, 37.469865 ], [ 126.600399, 37.465521 ], [ 126.591046, 37.464204 ], [ 126.595705, 37.463842 ], [ 126.594748, 37.457078 ], [ 126.590932, 37.461938 ], [ 126.592462, 37.45813 ], [ 126.594873, 37.456815 ], [ 126.602947, 37.459458 ], [ 126.601734, 37.455692 ], [ 126.593408, 37.454845 ], [ 126.596986, 37.449355 ], [ 126.593456, 37.449348 ], [ 126.591106, 37.454515 ], [ 126.594189, 37.438706 ], [ 126.601048, 37.438701 ], [ 126.610895, 37.45433 ], [ 126.613887, 37.453112 ], [ 126.610624, 37.447947 ], [ 126.618679, 37.444674 ], [ 126.616677, 37.441542 ], [ 126.610187, 37.444222 ], [ 126.608103, 37.440953 ], [ 126.61545, 37.437977 ], [ 126.610202, 37.430109 ], [ 126.632359, 37.429989 ], [ 126.634638, 37.432018 ], [ 126.637948, 37.419435 ], [ 126.634555, 37.418043 ], [ 126.632756, 37.426847 ], [ 126.630069, 37.426943 ], [ 126.608072, 37.426766 ], [ 126.601027, 37.419655 ], [ 126.589659, 37.426685 ], [ 126.589698, 37.419385 ], [ 126.59632, 37.415778 ], [ 126.609815, 37.416322 ], [ 126.609967, 37.387187 ], [ 126.616273, 37.379449 ], [ 126.654658, 37.35596 ], [ 126.642473, 37.347633 ], [ 126.620757, 37.347558 ], [ 126.620721, 37.354855 ], [ 126.583048, 37.354726 ], [ 126.583091, 37.347294 ], [ 126.614688, 37.347451 ], [ 126.614846, 37.343132 ], [ 126.615012, 37.347452 ], [ 126.622681, 37.347478 ], [ 126.622709, 37.341807 ], [ 126.640765, 37.341863 ], [ 126.640737, 37.347538 ], [ 126.642046, 37.347457 ], [ 126.644515, 37.347783 ], [ 126.646109, 37.34825 ], [ 126.647566, 37.348945 ], [ 126.649157, 37.350136 ], [ 126.654738, 37.355899 ], [ 126.66345, 37.350535 ], [ 126.695057, 37.382728 ], [ 126.684058, 37.386203 ], [ 126.721143, 37.382504 ], [ 126.74376, 37.401925 ], [ 126.736009, 37.43338 ], [ 126.743726, 37.414504 ], [ 126.744324, 37.40546 ], [ 126.751442, 37.410798 ], [ 126.754362, 37.41751 ], [ 126.753254, 37.422702 ], [ 126.762419, 37.426967 ], [ 126.760769, 37.42824 ], [ 126.761316, 37.428084 ], [ 126.762578, 37.427283 ], [ 126.762364, 37.426287 ], [ 126.764526, 37.426034 ], [ 126.769206, 37.427506 ], [ 126.771203, 37.436479 ], [ 126.767491, 37.443411 ], [ 126.780432, 37.454978 ], [ 126.77737, 37.457163 ], [ 126.778197, 37.471795 ], [ 126.767753, 37.471743 ], [ 126.754253, 37.483728 ], [ 126.742311, 37.486949 ], [ 126.741471, 37.508988 ], [ 126.745933, 37.515208 ], [ 126.760355, 37.516045 ], [ 126.760144, 37.535493 ], [ 126.766204, 37.554242 ] ], [ [ 126.628303, 37.448889 ], [ 126.629413, 37.451899 ], [ 126.630839, 37.450109 ], [ 126.631497, 37.446981 ], [ 126.629018, 37.447887 ], [ 126.628303, 37.448889 ] ], [ [ 126.611457, 37.47688 ], [ 126.615638, 37.470224 ], [ 126.625064, 37.466562 ], [ 126.61424, 37.466551 ], [ 126.626744, 37.4617 ], [ 126.620017, 37.462009 ], [ 126.624268, 37.457651 ], [ 126.612171, 37.462346 ], [ 126.602607, 37.460884 ], [ 126.603037, 37.465765 ], [ 126.609919, 37.469137 ], [ 126.606974, 37.475623 ], [ 126.611457, 37.47688 ] ] ], [ [ [ 125.821093, 36.957778 ], [ 125.817968, 36.95824 ], [ 125.818275, 36.953509 ], [ 125.820964, 36.955819 ], [ 125.821093, 36.957778 ] ] ], [ [ [ 125.958884, 37.088408 ], [ 125.955988, 37.09196 ], [ 125.950712, 37.091465 ], [ 125.947282, 37.082162 ], [ 125.940997, 37.080883 ], [ 125.943633, 37.075935 ], [ 125.946915, 37.077396 ], [ 125.945371, 37.07112 ], [ 125.950123, 37.06718 ], [ 125.952482, 37.086217 ], [ 125.964696, 37.08101 ], [ 125.965289, 37.086456 ], [ 125.958884, 37.088408 ] ] ], [ [ [ 125.97578, 37.193506 ], [ 125.971762, 37.194856 ], [ 125.973068, 37.188556 ], [ 125.965607, 37.188185 ], [ 125.960394, 37.182813 ], [ 125.974619, 37.184392 ], [ 125.9761, 37.189188 ], [ 125.983159, 37.185088 ], [ 125.986251, 37.187543 ], [ 125.983286, 37.194582 ], [ 125.97578, 37.193506 ] ] ], [ [ [ 125.719842, 37.61438 ], [ 125.708781, 37.613863 ], [ 125.708152, 37.606245 ], [ 125.712753, 37.607656 ], [ 125.718934, 37.604004 ], [ 125.719842, 37.61438 ] ] ], [ [ [ 125.966953, 37.617624 ], [ 125.970221, 37.619406 ], [ 125.967201, 37.621515 ], [ 125.963207, 37.616403 ], [ 125.966953, 37.617624 ] ] ], [ [ [ 125.711497, 37.653559 ], [ 125.712479, 37.652778 ], [ 125.713304, 37.655598 ], [ 125.709544, 37.655002 ], [ 125.711497, 37.653559 ] ] ], [ [ [ 125.692128, 37.676673 ], [ 125.68316, 37.680877 ], [ 125.678338, 37.679887 ], [ 125.677982, 37.674272 ], [ 125.68468, 37.671045 ], [ 125.685806, 37.664503 ], [ 125.681533, 37.662311 ], [ 125.683571, 37.653611 ], [ 125.68673, 37.652376 ], [ 125.692552, 37.65216 ], [ 125.71659, 37.674375 ], [ 125.714423, 37.680958 ], [ 125.692128, 37.676673 ] ] ], [ [ [ 124.770803, 37.77643 ], [ 124.767256, 37.779594 ], [ 124.746946, 37.775037 ], [ 124.740709, 37.778139 ], [ 124.741916, 37.772903 ], [ 124.733611, 37.771305 ], [ 124.734394, 37.766151 ], [ 124.727763, 37.760115 ], [ 124.729695, 37.758603 ], [ 124.737443, 37.762133 ], [ 124.740254, 37.766904 ], [ 124.752148, 37.771175 ], [ 124.765327, 37.766457 ], [ 124.770803, 37.77643 ] ] ], [ [ [ 124.708694, 37.847303 ], [ 124.702018, 37.849049 ], [ 124.703643, 37.84334 ], [ 124.687962, 37.836404 ], [ 124.676821, 37.820036 ], [ 124.662722, 37.821799 ], [ 124.676059, 37.814275 ], [ 124.680078, 37.817324 ], [ 124.686711, 37.813752 ], [ 124.686747, 37.813663 ], [ 124.686514, 37.813666 ], [ 124.684662, 37.814343 ], [ 124.684243, 37.814042 ], [ 124.684187, 37.806596 ], [ 124.679839, 37.802713 ], [ 124.681787, 37.799071 ], [ 124.687125, 37.800361 ], [ 124.683423, 37.802821 ], [ 124.690463, 37.80815 ], [ 124.693824, 37.806499 ], [ 124.702995, 37.809989 ], [ 124.702514, 37.809457 ], [ 124.701149, 37.808598 ], [ 124.698106, 37.807975 ], [ 124.702911, 37.80483 ], [ 124.718882, 37.815483 ], [ 124.719922, 37.820994 ], [ 124.715962, 37.82487 ], [ 124.718561, 37.829266 ], [ 124.715224, 37.824857 ], [ 124.716437, 37.829733 ], [ 124.71354, 37.83096 ], [ 124.727719, 37.840551 ], [ 124.719345, 37.845837 ], [ 124.709889, 37.843792 ], [ 124.708694, 37.847303 ] ] ], [ [ [ 124.694012, 37.979742 ], [ 124.686053, 37.980876 ], [ 124.684617, 37.984198 ], [ 124.683433, 37.979546 ], [ 124.670804, 37.981016 ], [ 124.668007, 37.977206 ], [ 124.655457, 37.972994 ], [ 124.651174, 37.975079 ], [ 124.638529, 37.968441 ], [ 124.621633, 37.977819 ], [ 124.618195, 37.974976 ], [ 124.616789, 37.979533 ], [ 124.609709, 37.969955 ], [ 124.611698, 37.961414 ], [ 124.625833, 37.954374 ], [ 124.637387, 37.923945 ], [ 124.653815, 37.923025 ], [ 124.653446, 37.925037 ], [ 124.655726, 37.921822 ], [ 124.6644, 37.92376 ], [ 124.671917, 37.920183 ], [ 124.674971, 37.921448 ], [ 124.672292, 37.923433 ], [ 124.681503, 37.922872 ], [ 124.688814, 37.915333 ], [ 124.696262, 37.917072 ], [ 124.704016, 37.932862 ], [ 124.702799, 37.937972 ], [ 124.699417, 37.938244 ], [ 124.70308, 37.938253 ], [ 124.703784, 37.937701 ], [ 124.707772, 37.944815 ], [ 124.723821, 37.953994 ], [ 124.730271, 37.954567 ], [ 124.731511, 37.951084 ], [ 124.734949, 37.951499 ], [ 124.73442, 37.956357 ], [ 124.738208, 37.953779 ], [ 124.735512, 37.956525 ], [ 124.730092, 37.957404 ], [ 124.732951, 37.962341 ], [ 124.740991, 37.957077 ], [ 124.745314, 37.957472 ], [ 124.744304, 37.962401 ], [ 124.740439, 37.961399 ], [ 124.73267, 37.965758 ], [ 124.72972, 37.978115 ], [ 124.721665, 37.982202 ], [ 124.698306, 37.983328 ], [ 124.694012, 37.979742 ] ] ], [ [ [ 125.988924, 37.039563 ], [ 125.981136, 37.040304 ], [ 125.978985, 37.033743 ], [ 125.989149, 37.025101 ], [ 125.994462, 37.024772 ], [ 125.994592, 37.0187 ], [ 126.003563, 37.019005 ], [ 126.016559, 37.025949 ], [ 126.010188, 37.026841 ], [ 126.004831, 37.022978 ], [ 125.997218, 37.025922 ], [ 126.003915, 37.029155 ], [ 126.002508, 37.029266 ], [ 125.9992, 37.028448 ], [ 125.997992, 37.027089 ], [ 125.993827, 37.026803 ], [ 125.990338, 37.030614 ], [ 125.994171, 37.037136 ], [ 125.988924, 37.039563 ] ] ], [ [ [ 125.998027, 37.06305 ], [ 125.996483, 37.065531 ], [ 125.992971, 37.064643 ], [ 125.99391, 37.05744 ], [ 125.999714, 37.058821 ], [ 125.998027, 37.06305 ] ] ], [ [ [ 125.993043, 37.070263 ], [ 125.991571, 37.069148 ], [ 125.99259, 37.066947 ], [ 125.994074, 37.068214 ], [ 125.993043, 37.070263 ] ] ], [ [ [ 126.019878, 37.069117 ], [ 126.02326, 37.068254 ], [ 126.018431, 37.072541 ], [ 126.020324, 37.078531 ], [ 126.016606, 37.078178 ], [ 126.012551, 37.063801 ], [ 126.019878, 37.069117 ] ] ], [ [ [ 126.081532, 37.107739 ], [ 126.071457, 37.104511 ], [ 126.067344, 37.106885 ], [ 126.061319, 37.097661 ], [ 126.06083, 37.094966 ], [ 126.065376, 37.09842 ], [ 126.074652, 37.095746 ], [ 126.072991, 37.091741 ], [ 126.066379, 37.092963 ], [ 126.063155, 37.089449 ], [ 126.067893, 37.083352 ], [ 126.07549, 37.084074 ], [ 126.088898, 37.096369 ], [ 126.089741, 37.100108 ], [ 126.084599, 37.104595 ], [ 126.086696, 37.105768 ], [ 126.081532, 37.107739 ] ] ], [ [ [ 126.023837, 37.12847 ], [ 126.021745, 37.135338 ], [ 126.018443, 37.131112 ], [ 126.019912, 37.123687 ], [ 126.023837, 37.12847 ] ] ], [ [ [ 126.010414, 37.153076 ], [ 126.010737, 37.156372 ], [ 126.008063, 37.156071 ], [ 126.010458, 37.148437 ], [ 126.012448, 37.149277 ], [ 126.010414, 37.153076 ] ] ], [ [ [ 126.099799, 37.186462 ], [ 126.093755, 37.187658 ], [ 126.088901, 37.183845 ], [ 126.091989, 37.181813 ], [ 126.084885, 37.176608 ], [ 126.094233, 37.167482 ], [ 126.108803, 37.165879 ], [ 126.113402, 37.170884 ], [ 126.106892, 37.171846 ], [ 126.107776, 37.176457 ], [ 126.114387, 37.181475 ], [ 126.1058, 37.178654 ], [ 126.099799, 37.186462 ] ] ], [ [ [ 126.141388, 37.197735 ], [ 126.141684, 37.200556 ], [ 126.137102, 37.20221 ], [ 126.136671, 37.195926 ], [ 126.141388, 37.197735 ] ] ], [ [ [ 125.986887, 37.203226 ], [ 125.981792, 37.202271 ], [ 125.984705, 37.196063 ], [ 125.99508, 37.194538 ], [ 125.996171, 37.200109 ], [ 125.987584, 37.197579 ], [ 125.986887, 37.203226 ] ] ], [ [ [ 126.173253, 37.223621 ], [ 126.169709, 37.228055 ], [ 126.164013, 37.223389 ], [ 126.159428, 37.224353 ], [ 126.162308, 37.221584 ], [ 126.161545, 37.211217 ], [ 126.166411, 37.212235 ], [ 126.169761, 37.209261 ], [ 126.173908, 37.212557 ], [ 126.178503, 37.211362 ], [ 126.183337, 37.195482 ], [ 126.189068, 37.207746 ], [ 126.194473, 37.20967 ], [ 126.18136, 37.208988 ], [ 126.18004, 37.217326 ], [ 126.173253, 37.223621 ] ] ], [ [ [ 126.109197, 37.269473 ], [ 126.10873, 37.272428 ], [ 126.100457, 37.272291 ], [ 126.103602, 37.266912 ], [ 126.089639, 37.247267 ], [ 126.093017, 37.234822 ], [ 126.085662, 37.222859 ], [ 126.090233, 37.222435 ], [ 126.096147, 37.230606 ], [ 126.103122, 37.229953 ], [ 126.105926, 37.227897 ], [ 126.101557, 37.223314 ], [ 126.103406, 37.220677 ], [ 126.108921, 37.220446 ], [ 126.109975, 37.223059 ], [ 126.114289, 37.225828 ], [ 126.113819, 37.224507 ], [ 126.111406, 37.22366 ], [ 126.114969, 37.222392 ], [ 126.116615, 37.21609 ], [ 126.111117, 37.213649 ], [ 126.114275, 37.210432 ], [ 126.147605, 37.214477 ], [ 126.143378, 37.222485 ], [ 126.149589, 37.225609 ], [ 126.153271, 37.222551 ], [ 126.15501, 37.227685 ], [ 126.16539, 37.231878 ], [ 126.148103, 37.239356 ], [ 126.14083, 37.237448 ], [ 126.144473, 37.242518 ], [ 126.141165, 37.241303 ], [ 126.136074, 37.246616 ], [ 126.129779, 37.247316 ], [ 126.1278, 37.251462 ], [ 126.119636, 37.246147 ], [ 126.115202, 37.250803 ], [ 126.115516, 37.251088 ], [ 126.11675, 37.25146 ], [ 126.117492, 37.252059 ], [ 126.11839, 37.251666 ], [ 126.119559, 37.253311 ], [ 126.12225, 37.253737 ], [ 126.119236, 37.253347 ], [ 126.117598, 37.257978 ], [ 126.111444, 37.257829 ], [ 126.109197, 37.269473 ] ] ], [ [ [ 126.082148, 37.289321 ], [ 126.076291, 37.289247 ], [ 126.075921, 37.284481 ], [ 126.085812, 37.281554 ], [ 126.087683, 37.275742 ], [ 126.096996, 37.277094 ], [ 126.097481, 37.27913 ], [ 126.082148, 37.289321 ] ] ], [ [ [ 126.133614, 37.691427 ], [ 126.126508, 37.692841 ], [ 126.122218, 37.686586 ], [ 126.125466, 37.688008 ], [ 126.126906, 37.681965 ], [ 126.129695, 37.683888 ], [ 126.144348, 37.681547 ], [ 126.142963, 37.685597 ], [ 126.132353, 37.689082 ], [ 126.133614, 37.691427 ] ] ], [ [ [ 126.302134, 37.128616 ], [ 126.300564, 37.128878 ], [ 126.298126, 37.126649 ], [ 126.300805, 37.125939 ], [ 126.302134, 37.128616 ] ] ], [ [ [ 126.30727, 37.135141 ], [ 126.306115, 37.137787 ], [ 126.299131, 37.139648 ], [ 126.307057, 37.131163 ], [ 126.30727, 37.135141 ] ] ], [ [ [ 126.275485, 37.146321 ], [ 126.277303, 37.150444 ], [ 126.271734, 37.148978 ], [ 126.276089, 37.141379 ], [ 126.277308, 37.14294 ], [ 126.275485, 37.146321 ] ] ], [ [ [ 126.322771, 37.151647 ], [ 126.322877, 37.15446 ], [ 126.317942, 37.152529 ], [ 126.321983, 37.151224 ], [ 126.322771, 37.151647 ] ] ], [ [ [ 126.29537, 37.172316 ], [ 126.294296, 37.174951 ], [ 126.29116, 37.173776 ], [ 126.290401, 37.169894 ], [ 126.295407, 37.168619 ], [ 126.294815, 37.164905 ], [ 126.301869, 37.165605 ], [ 126.308797, 37.162211 ], [ 126.306786, 37.158401 ], [ 126.324763, 37.161473 ], [ 126.312317, 37.171632 ], [ 126.29537, 37.172316 ] ] ], [ [ [ 126.260966, 37.180353 ], [ 126.253046, 37.181065 ], [ 126.254326, 37.177313 ], [ 126.247602, 37.178701 ], [ 126.243791, 37.174125 ], [ 126.24863, 37.170597 ], [ 126.255481, 37.172022 ], [ 126.259591, 37.168538 ], [ 126.268675, 37.167404 ], [ 126.273159, 37.160164 ], [ 126.281514, 37.158395 ], [ 126.28314, 37.162831 ], [ 126.273876, 37.164494 ], [ 126.270985, 37.168377 ], [ 126.271076, 37.176034 ], [ 126.265924, 37.17508 ], [ 126.260966, 37.180353 ] ] ], [ [ [ 126.229322, 37.186606 ], [ 126.227055, 37.187514 ], [ 126.227404, 37.184251 ], [ 126.220245, 37.181987 ], [ 126.219628, 37.17923 ], [ 126.238191, 37.178373 ], [ 126.240668, 37.181654 ], [ 126.249574, 37.183093 ], [ 126.238729, 37.186446 ], [ 126.229322, 37.186606 ] ] ], [ [ [ 126.217648, 37.18282 ], [ 126.218953, 37.187624 ], [ 126.216568, 37.188315 ], [ 126.214519, 37.184638 ], [ 126.217648, 37.18282 ] ] ], [ [ [ 126.289173, 37.266959 ], [ 126.287645, 37.271748 ], [ 126.284374, 37.271105 ], [ 126.284158, 37.265521 ], [ 126.27898, 37.262549 ], [ 126.280925, 37.259702 ], [ 126.286841, 37.26055 ], [ 126.296715, 37.252738 ], [ 126.305132, 37.253495 ], [ 126.308494, 37.249825 ], [ 126.314645, 37.249905 ], [ 126.318431, 37.244067 ], [ 126.322401, 37.24793 ], [ 126.330389, 37.246081 ], [ 126.34032, 37.249607 ], [ 126.349031, 37.259214 ], [ 126.335478, 37.262687 ], [ 126.335334, 37.256017 ], [ 126.331699, 37.254901 ], [ 126.328986, 37.259839 ], [ 126.326318, 37.256484 ], [ 126.316876, 37.262627 ], [ 126.310861, 37.262083 ], [ 126.309227, 37.264668 ], [ 126.306401, 37.262357 ], [ 126.302472, 37.265732 ], [ 126.289173, 37.266959 ] ] ], [ [ [ 126.266863, 37.326539 ], [ 126.268783, 37.328742 ], [ 126.267856, 37.329702 ], [ 126.264778, 37.328223 ], [ 126.266863, 37.326539 ] ] ], [ [ [ 126.30376, 37.501031 ], [ 126.306943, 37.501729 ], [ 126.307741, 37.503084 ], [ 126.302342, 37.503191 ], [ 126.30376, 37.501031 ] ] ], [ [ [ 126.26878, 37.548947 ], [ 126.271992, 37.545749 ], [ 126.275895, 37.54464 ], [ 126.27242, 37.547897 ], [ 126.26878, 37.548947 ] ] ], [ [ [ 126.25904, 37.556717 ], [ 126.261661, 37.551278 ], [ 126.264055, 37.551341 ], [ 126.26395, 37.55289 ], [ 126.25904, 37.556717 ] ] ], [ [ [ 126.234128, 37.65528 ], [ 126.228018, 37.65123 ], [ 126.222787, 37.653735 ], [ 126.233711, 37.638774 ], [ 126.263395, 37.625493 ], [ 126.251336, 37.635504 ], [ 126.2562, 37.651801 ], [ 126.239114, 37.652002 ], [ 126.234128, 37.65528 ] ] ], [ [ [ 126.225999, 37.66532 ], [ 126.222285, 37.665488 ], [ 126.223409, 37.658399 ], [ 126.24303, 37.662118 ], [ 126.233738, 37.661601 ], [ 126.225999, 37.66532 ] ] ], [ [ [ 126.195553, 37.686449 ], [ 126.192898, 37.688314 ], [ 126.174703, 37.676809 ], [ 126.167713, 37.679125 ], [ 126.15917, 37.675599 ], [ 126.155922, 37.677263 ], [ 126.156032, 37.672763 ], [ 126.168466, 37.666752 ], [ 126.168796, 37.668971 ], [ 126.178776, 37.6706 ], [ 126.190631, 37.664735 ], [ 126.192711, 37.660317 ], [ 126.189931, 37.657588 ], [ 126.194554, 37.659708 ], [ 126.207893, 37.655236 ], [ 126.204524, 37.65941 ], [ 126.211198, 37.666409 ], [ 126.204657, 37.669264 ], [ 126.195553, 37.686449 ] ] ], [ [ [ 126.212279, 37.719061 ], [ 126.212493, 37.72181 ], [ 126.210569, 37.722817 ], [ 126.210319, 37.717867 ], [ 126.212279, 37.719061 ] ] ], [ [ [ 126.2365, 37.730369 ], [ 126.230961, 37.732978 ], [ 126.22388, 37.722437 ], [ 126.218392, 37.720307 ], [ 126.23232, 37.716042 ], [ 126.247981, 37.717304 ], [ 126.238112, 37.721809 ], [ 126.2365, 37.730369 ] ] ], [ [ [ 126.265749, 37.73713 ], [ 126.258449, 37.733685 ], [ 126.258369, 37.725059 ], [ 126.27011, 37.725689 ], [ 126.265749, 37.73713 ] ] ], [ [ [ 126.284135, 37.747191 ], [ 126.286458, 37.749135 ], [ 126.283269, 37.749335 ], [ 126.279883, 37.74595 ], [ 126.282435, 37.74737 ], [ 126.284135, 37.747191 ] ] ], [ [ [ 126.265659, 37.816852 ], [ 126.256912, 37.814585 ], [ 126.238335, 37.81628 ], [ 126.22322, 37.805037 ], [ 126.223981, 37.800252 ], [ 126.218756, 37.795537 ], [ 126.222989, 37.788589 ], [ 126.216347, 37.778159 ], [ 126.203796, 37.772357 ], [ 126.204671, 37.768027 ], [ 126.231964, 37.751247 ], [ 126.240297, 37.75781 ], [ 126.241991, 37.763694 ], [ 126.259987, 37.764236 ], [ 126.262425, 37.768565 ], [ 126.279869, 37.768796 ], [ 126.290837, 37.762869 ], [ 126.31653, 37.773755 ], [ 126.323247, 37.787175 ], [ 126.331309, 37.789651 ], [ 126.330086, 37.793839 ], [ 126.335114, 37.79761 ], [ 126.32429, 37.808196 ], [ 126.314805, 37.80228 ], [ 126.301159, 37.803717 ], [ 126.294521, 37.801584 ], [ 126.265659, 37.816852 ] ] ], [ [ [ 126.392346, 37.240627 ], [ 126.395175, 37.241291 ], [ 126.398354, 37.241244 ], [ 126.392262, 37.245159 ], [ 126.392346, 37.240627 ] ] ], [ [ [ 126.435026, 37.232297 ], [ 126.439216, 37.231134 ], [ 126.44098, 37.239482 ], [ 126.443513, 37.235176 ], [ 126.445813, 37.241965 ], [ 126.451492, 37.242915 ], [ 126.457823, 37.238568 ], [ 126.458621, 37.233077 ], [ 126.452839, 37.228463 ], [ 126.458767, 37.223994 ], [ 126.45782, 37.226038 ], [ 126.471762, 37.233339 ], [ 126.468622, 37.235381 ], [ 126.470344, 37.239155 ], [ 126.482377, 37.242023 ], [ 126.482187, 37.247803 ], [ 126.476442, 37.253697 ], [ 126.480793, 37.255353 ], [ 126.486952, 37.253066 ], [ 126.487185, 37.259732 ], [ 126.49224, 37.259192 ], [ 126.498753, 37.253344 ], [ 126.501786, 37.258912 ], [ 126.496412, 37.263257 ], [ 126.493915, 37.271747 ], [ 126.497243, 37.277068 ], [ 126.491462, 37.278673 ], [ 126.489059, 37.283738 ], [ 126.481694, 37.280912 ], [ 126.47445, 37.282556 ], [ 126.470691, 37.287424 ], [ 126.46652, 37.283655 ], [ 126.455569, 37.284513 ], [ 126.45145, 37.28194 ], [ 126.454242, 37.277359 ], [ 126.448247, 37.271759 ], [ 126.434379, 37.273765 ], [ 126.436884, 37.265487 ], [ 126.429023, 37.261832 ], [ 126.433653, 37.259814 ], [ 126.437823, 37.247343 ], [ 126.43709, 37.244606 ], [ 126.431651, 37.244329 ], [ 126.431563, 37.23303 ], [ 126.435026, 37.232297 ] ] ], [ [ [ 126.442143, 37.360981 ], [ 126.44255, 37.362182 ], [ 126.43943, 37.36242 ], [ 126.439294, 37.359993 ], [ 126.442143, 37.360981 ] ] ], [ [ [ 126.44538, 37.373699 ], [ 126.441598, 37.374115 ], [ 126.440241, 37.37168 ], [ 126.445844, 37.37096 ], [ 126.44538, 37.373699 ] ] ], [ [ [ 126.413498, 37.409529 ], [ 126.408, 37.412382 ], [ 126.404394, 37.40989 ], [ 126.401202, 37.395734 ], [ 126.396495, 37.392607 ], [ 126.407529, 37.389529 ], [ 126.410948, 37.375109 ], [ 126.408149, 37.37256 ], [ 126.418198, 37.365578 ], [ 126.420084, 37.368039 ], [ 126.433661, 37.368901 ], [ 126.435916, 37.372414 ], [ 126.433223, 37.37141 ], [ 126.433248, 37.374302 ], [ 126.440198, 37.378332 ], [ 126.434512, 37.381756 ], [ 126.441258, 37.381659 ], [ 126.441986, 37.385316 ], [ 126.429739, 37.390897 ], [ 126.422588, 37.401081 ], [ 126.414277, 37.403324 ], [ 126.413498, 37.409529 ] ] ], [ [ [ 126.394283, 37.400573 ], [ 126.395555, 37.404949 ], [ 126.389793, 37.402492 ], [ 126.389713, 37.396638 ], [ 126.392331, 37.399705 ], [ 126.394283, 37.400573 ] ] ], [ [ [ 126.439065, 37.40536 ], [ 126.435467, 37.405255 ], [ 126.439863, 37.403556 ], [ 126.44148, 37.404788 ], [ 126.439065, 37.40536 ] ] ], [ [ [ 126.543217, 37.522774 ], [ 126.524838, 37.524915 ], [ 126.522504, 37.530442 ], [ 126.515635, 37.534227 ], [ 126.511378, 37.533945 ], [ 126.510427, 37.530941 ], [ 126.502389, 37.532356 ], [ 126.497055, 37.527081 ], [ 126.494998, 37.51374 ], [ 126.499733, 37.515162 ], [ 126.500788, 37.513179 ], [ 126.496619, 37.513201 ], [ 126.49427, 37.507496 ], [ 126.476115, 37.499532 ], [ 126.418747, 37.496752 ], [ 126.373048, 37.471299 ], [ 126.368662, 37.470216 ], [ 126.369052, 37.473614 ], [ 126.36417, 37.47456 ], [ 126.359756, 37.473404 ], [ 126.356555, 37.463128 ], [ 126.361796, 37.457936 ], [ 126.369001, 37.456624 ], [ 126.368783, 37.448647 ], [ 126.373441, 37.445052 ], [ 126.373178, 37.444547 ], [ 126.370515, 37.443858 ], [ 126.365205, 37.443871 ], [ 126.364074, 37.44245 ], [ 126.376405, 37.441682 ], [ 126.381068, 37.435952 ], [ 126.381775, 37.436492 ], [ 126.380054, 37.439908 ], [ 126.389973, 37.439661 ], [ 126.389258, 37.443459 ], [ 126.395358, 37.446924 ], [ 126.404445, 37.439368 ], [ 126.400084, 37.434278 ], [ 126.408521, 37.438529 ], [ 126.418002, 37.42984 ], [ 126.41988, 37.422378 ], [ 126.412914, 37.419734 ], [ 126.413377, 37.416846 ], [ 126.415188, 37.416276 ], [ 126.416743, 37.421112 ], [ 126.425091, 37.423579 ], [ 126.442854, 37.421403 ], [ 126.485266, 37.44446 ], [ 126.505834, 37.465503 ], [ 126.534488, 37.475355 ], [ 126.564443, 37.479578 ], [ 126.58235, 37.489747 ], [ 126.576691, 37.503771 ], [ 126.569253, 37.507768 ], [ 126.562439, 37.515283 ], [ 126.564487, 37.516502 ], [ 126.547014, 37.517551 ], [ 126.541, 37.51967 ], [ 126.543217, 37.522774 ] ] ], [ [ [ 126.328062, 37.502694 ], [ 126.328378, 37.499775 ], [ 126.332589, 37.503146 ], [ 126.329046, 37.502309 ], [ 126.328062, 37.502694 ] ] ], [ [ [ 126.46503, 37.541306 ], [ 126.457159, 37.544118 ], [ 126.453827, 37.536886 ], [ 126.431419, 37.525527 ], [ 126.429946, 37.518147 ], [ 126.439299, 37.514252 ], [ 126.445627, 37.519822 ], [ 126.453657, 37.519162 ], [ 126.462888, 37.512288 ], [ 126.469661, 37.512156 ], [ 126.467314, 37.51516 ], [ 126.470395, 37.522117 ], [ 126.466703, 37.528325 ], [ 126.473175, 37.528738 ], [ 126.473128, 37.537247 ], [ 126.46503, 37.541306 ] ] ], [ [ [ 126.413995, 37.536947 ], [ 126.411777, 37.540153 ], [ 126.401758, 37.53118 ], [ 126.409552, 37.526745 ], [ 126.413995, 37.536947 ] ] ], [ [ [ 126.430993, 37.546228 ], [ 126.427138, 37.548305 ], [ 126.424022, 37.546476 ], [ 126.423927, 37.541104 ], [ 126.418951, 37.536574 ], [ 126.42231, 37.533909 ], [ 126.420286, 37.52617 ], [ 126.416763, 37.522457 ], [ 126.426928, 37.522239 ], [ 126.434385, 37.542673 ], [ 126.441382, 37.544601 ], [ 126.431445, 37.54425 ], [ 126.430993, 37.546228 ] ] ], [ [ [ 126.315871, 37.557719 ], [ 126.308131, 37.560103 ], [ 126.321224, 37.545667 ], [ 126.329416, 37.54143 ], [ 126.327068, 37.522923 ], [ 126.336384, 37.530701 ], [ 126.342336, 37.525645 ], [ 126.342678, 37.528267 ], [ 126.349187, 37.527559 ], [ 126.352485, 37.530142 ], [ 126.368211, 37.530707 ], [ 126.380888, 37.527853 ], [ 126.384808, 37.530302 ], [ 126.383768, 37.539049 ], [ 126.365039, 37.534297 ], [ 126.353679, 37.534853 ], [ 126.343381, 37.539282 ], [ 126.337436, 37.551294 ], [ 126.329448, 37.550028 ], [ 126.315871, 37.557719 ] ] ], [ [ [ 126.373353, 37.690782 ], [ 126.374213, 37.692874 ], [ 126.369447, 37.694052 ], [ 126.369688, 37.691829 ], [ 126.373353, 37.690782 ] ] ], [ [ [ 126.341872, 37.644113 ], [ 126.344597, 37.644493 ], [ 126.342421, 37.650806 ], [ 126.347992, 37.651087 ], [ 126.373177, 37.665822 ], [ 126.379005, 37.681949 ], [ 126.366882, 37.691432 ], [ 126.367614, 37.69403 ], [ 126.362903, 37.695693 ], [ 126.360226, 37.692841 ], [ 126.357518, 37.695574 ], [ 126.343255, 37.697162 ], [ 126.319277, 37.71242 ], [ 126.318466, 37.730003 ], [ 126.321487, 37.738514 ], [ 126.329729, 37.746792 ], [ 126.328165, 37.749825 ], [ 126.317973, 37.752424 ], [ 126.289087, 37.742634 ], [ 126.287583, 37.713982 ], [ 126.282038, 37.708991 ], [ 126.275023, 37.71209 ], [ 126.269353, 37.710653 ], [ 126.285806, 37.700658 ], [ 126.288778, 37.695307 ], [ 126.321135, 37.680607 ], [ 126.328719, 37.670165 ], [ 126.325433, 37.653962 ], [ 126.333427, 37.651458 ], [ 126.338719, 37.647439 ], [ 126.337665, 37.644799 ], [ 126.341872, 37.644113 ] ] ], [ [ [ 126.433838, 37.829543 ], [ 126.427664, 37.831618 ], [ 126.41523, 37.821395 ], [ 126.392677, 37.823406 ], [ 126.388176, 37.806705 ], [ 126.351718, 37.791502 ], [ 126.354828, 37.769914 ], [ 126.357968, 37.767454 ], [ 126.35382, 37.744633 ], [ 126.357768, 37.741035 ], [ 126.352598, 37.739947 ], [ 126.354381, 37.718984 ], [ 126.351411, 37.716529 ], [ 126.359209, 37.703574 ], [ 126.383269, 37.700763 ], [ 126.391782, 37.695755 ], [ 126.38828, 37.689611 ], [ 126.403839, 37.676137 ], [ 126.409657, 37.656837 ], [ 126.412632, 37.656405 ], [ 126.410545, 37.649652 ], [ 126.400016, 37.640881 ], [ 126.390601, 37.641229 ], [ 126.365904, 37.6353 ], [ 126.374269, 37.630965 ], [ 126.372832, 37.626628 ], [ 126.377603, 37.619244 ], [ 126.377737, 37.615893 ], [ 126.371247, 37.611839 ], [ 126.385625, 37.608189 ], [ 126.386718, 37.604036 ], [ 126.403168, 37.594283 ], [ 126.438977, 37.592256 ], [ 126.443476, 37.595236 ], [ 126.45576, 37.593708 ], [ 126.461614, 37.589234 ], [ 126.464187, 37.595981 ], [ 126.478298, 37.599031 ], [ 126.479568, 37.605422 ], [ 126.495584, 37.598674 ], [ 126.495436, 37.596279 ], [ 126.498642, 37.598478 ], [ 126.5105, 37.596564 ], [ 126.515449, 37.605549 ], [ 126.521336, 37.607905 ], [ 126.52009, 37.610958 ], [ 126.535094, 37.614036 ], [ 126.535444, 37.617652 ], [ 126.543588, 37.619053 ], [ 126.539504, 37.625623 ], [ 126.535246, 37.622101 ], [ 126.53668, 37.629019 ], [ 126.534135, 37.628741 ], [ 126.525929, 37.645794 ], [ 126.521123, 37.646214 ], [ 126.526801, 37.647496 ], [ 126.522121, 37.652282 ], [ 126.524833, 37.660047 ], [ 126.532992, 37.660387 ], [ 126.532249, 37.663949 ], [ 126.526598, 37.663747 ], [ 126.517035, 37.6737 ], [ 126.520901, 37.696446 ], [ 126.525353, 37.701883 ], [ 126.514409, 37.709523 ], [ 126.512206, 37.717021 ], [ 126.526421, 37.747615 ], [ 126.511307, 37.762747 ], [ 126.513029, 37.770411 ], [ 126.508484, 37.773947 ], [ 126.506898, 37.782348 ], [ 126.488994, 37.788773 ], [ 126.451936, 37.811417 ], [ 126.446916, 37.811699 ], [ 126.44889, 37.812703 ], [ 126.45085, 37.812507 ], [ 126.444869, 37.821211 ], [ 126.441014, 37.820667 ], [ 126.437265, 37.828961 ], [ 126.433838, 37.829543 ] ] ], [ [ [ 126.329638, 37.713151 ], [ 126.326408, 37.714103 ], [ 126.324665, 37.712141 ], [ 126.330477, 37.711619 ], [ 126.329638, 37.713151 ] ] ], [ [ [ 126.516079, 37.234351 ], [ 126.511916, 37.233163 ], [ 126.513041, 37.227865 ], [ 126.519226, 37.231524 ], [ 126.516079, 37.234351 ] ] ], [ [ [ 126.522852, 37.257496 ], [ 126.521964, 37.259509 ], [ 126.513835, 37.258137 ], [ 126.509803, 37.253123 ], [ 126.521447, 37.250298 ], [ 126.526066, 37.245841 ], [ 126.524544, 37.235835 ], [ 126.537327, 37.232477 ], [ 126.538637, 37.235211 ], [ 126.531931, 37.242959 ], [ 126.533636, 37.245584 ], [ 126.527622, 37.246995 ], [ 126.528775, 37.252021 ], [ 126.522852, 37.257496 ] ] ], [ [ [ 126.512977, 37.358964 ], [ 126.509933, 37.359509 ], [ 126.509677, 37.357235 ], [ 126.512665, 37.357162 ], [ 126.512977, 37.358964 ] ] ], [ [ [ 126.543791, 37.523503 ], [ 126.551543, 37.528563 ], [ 126.558091, 37.521198 ], [ 126.575142, 37.521246 ], [ 126.575166, 37.527682 ], [ 126.5806, 37.525606 ], [ 126.574998, 37.52951 ], [ 126.576356, 37.543495 ], [ 126.565932, 37.540119 ], [ 126.543791, 37.523503 ] ] ], [ [ [ 126.601554, 37.560037 ], [ 126.614493, 37.566889 ], [ 126.600142, 37.566895 ], [ 126.600161, 37.562925 ], [ 126.603488, 37.562862 ], [ 126.601554, 37.560037 ] ] ], [ [ [ 126.591909, 37.56686 ], [ 126.588827, 37.569808 ], [ 126.586671, 37.566714 ], [ 126.590275, 37.562386 ], [ 126.59538, 37.563542 ], [ 126.591909, 37.56686 ] ] ], [ [ [ 126.553618, 37.572391 ], [ 126.554767, 37.574039 ], [ 126.551991, 37.574348 ], [ 126.551817, 37.572652 ], [ 126.553618, 37.572391 ] ] ], [ [ [ 126.564331, 37.575296 ], [ 126.555803, 37.578855 ], [ 126.558657, 37.573149 ], [ 126.570014, 37.570467 ], [ 126.571103, 37.572551 ], [ 126.564331, 37.575296 ] ] ], [ [ [ 126.521726, 37.597895 ], [ 126.503156, 37.590493 ], [ 126.515384, 37.579982 ], [ 126.519334, 37.58561 ], [ 126.526084, 37.58632 ], [ 126.517915, 37.592013 ], [ 126.521726, 37.597895 ] ] ], [ [ [ 126.532842, 37.590315 ], [ 126.533997, 37.59196 ], [ 126.531222, 37.592276 ], [ 126.531042, 37.59058 ], [ 126.532842, 37.590315 ] ] ] ] } },
{ "type": "Feature", "properties": { "province_code": "29", "name_en": "Gwangju Metropolitan City", "name_ko": "광주광역시" }, "geometry": { "type": "Polygon", "coordinates": [ [ [ 126.763409, 35.256394 ], [ 126.759396, 35.258622 ], [ 126.741775, 35.250808 ], [ 126.73724, 35.252921 ], [ 126.71988, 35.226766 ], [ 126.717695, 35.21239 ], [ 126.710699, 35.212273 ], [ 126.702556, 35.207564 ], [ 126.687053, 35.215194 ], [ 126.677584, 35.202541 ], [ 126.67715, 35.191029 ], [ 126.669603, 35.194492 ], [ 126.653204, 35.192518 ], [ 126.672067, 35.172296 ], [ 126.67043, 35.169518 ], [ 126.654223, 35.164552 ], [ 126.655336, 35.158878 ], [ 126.651418, 35.154818 ], [ 126.653505, 35.152781 ], [ 126.650153, 35.147652 ], [ 126.644703, 35.146612 ], [ 126.653316, 35.14396 ], [ 126.65193, 35.11965 ], [ 126.657059, 35.113284 ], [ 126.663389, 35.114801 ], [ 126.669304, 35.112023 ], [ 126.667472, 35.105125 ], [ 126.684437, 35.107636 ], [ 126.6849, 35.112017 ], [ 126.69753, 35.107587 ], [ 126.705405, 35.113016 ], [ 126.708827, 35.10947 ], [ 126.715853, 35.110739 ], [ 126.729339, 35.107522 ], [ 126.732656, 35.112855 ], [ 126.735494, 35.107947 ], [ 126.749076, 35.101615 ], [ 126.754282, 35.091678 ], [ 126.761872, 35.091033 ], [ 126.764802, 35.078755 ], [ 126.770544, 35.072682 ], [ 126.768583, 35.068619 ], [ 126.754139, 35.066851 ], [ 126.756737, 35.058244 ], [ 126.765109, 35.064362 ], [ 126.768432, 35.061413 ], [ 126.768341, 35.054556 ], [ 126.774897, 35.05267 ], [ 126.795228, 35.061122 ], [ 126.807436, 35.050895 ], [ 126.818584, 35.052769 ], [ 126.826528, 35.062471 ], [ 126.835965, 35.063857 ], [ 126.836919, 35.066233 ], [ 126.844136, 35.065441 ], [ 126.855609, 35.078359 ], [ 126.861131, 35.078942 ], [ 126.871677, 35.074338 ], [ 126.885403, 35.08159 ], [ 126.891977, 35.077945 ], [ 126.895105, 35.080714 ], [ 126.904532, 35.08139 ], [ 126.910645, 35.088659 ], [ 126.920576, 35.091686 ], [ 126.932528, 35.077807 ], [ 126.932296, 35.074392 ], [ 126.949453, 35.07273 ], [ 126.959473, 35.079132 ], [ 126.958601, 35.082588 ], [ 126.966513, 35.089386 ], [ 126.988951, 35.094988 ], [ 126.986352, 35.105945 ], [ 126.988457, 35.110094 ], [ 126.999932, 35.11405 ], [ 127.004587, 35.121761 ], [ 127.0113, 35.125557 ], [ 127.007744, 35.155929 ], [ 127.01112, 35.15893 ], [ 127.011358, 35.166169 ], [ 127.020872, 35.167257 ], [ 127.022275, 35.17136 ], [ 126.999969, 35.188816 ], [ 126.991111, 35.186391 ], [ 126.985804, 35.188632 ], [ 126.981989, 35.183925 ], [ 126.973973, 35.186133 ], [ 126.971695, 35.179837 ], [ 126.968147, 35.181143 ], [ 126.958624, 35.193089 ], [ 126.965536, 35.20336 ], [ 126.956414, 35.207188 ], [ 126.948901, 35.219081 ], [ 126.953849, 35.225259 ], [ 126.943531, 35.231739 ], [ 126.942277, 35.236165 ], [ 126.932285, 35.240652 ], [ 126.933743, 35.246935 ], [ 126.929359, 35.252453 ], [ 126.90942, 35.258443 ], [ 126.903433, 35.257419 ], [ 126.889623, 35.246658 ], [ 126.879943, 35.24774 ], [ 126.878341, 35.251307 ], [ 126.862545, 35.245239 ], [ 126.859408, 35.240005 ], [ 126.848074, 35.235741 ], [ 126.844299, 35.236992 ], [ 126.838485, 35.229824 ], [ 126.833265, 35.228381 ], [ 126.825051, 35.231834 ], [ 126.823943, 35.225781 ], [ 126.815659, 35.224702 ], [ 126.80539, 35.218275 ], [ 126.804396, 35.221316 ], [ 126.795377, 35.219779 ], [ 126.789536, 35.223895 ], [ 126.781638, 35.224782 ], [ 126.770296, 35.232836 ], [ 126.755259, 35.234361 ], [ 126.754832, 35.241904 ], [ 126.760816, 35.24744 ], [ 126.763409, 35.256394 ] ] ] } },
{ "type": "Feature", "properties": { "province_code": "30", "name_en": "Daejeon Metropolitan City", "name_ko": "대전광역시" }, "geometry": { "type": "Polygon", "coordinates": [ [ [ 127.492577, 36.237954 ], [ 127.487608, 36.251439 ], [ 127.489984, 36.257335 ], [ 127.486048, 36.261248 ], [ 127.490255, 36.26837 ], [ 127.488753, 36.272711 ], [ 127.498987, 36.283084 ], [ 127.491177, 36.297023 ], [ 127.498977, 36.305673 ], [ 127.494098, 36.312103 ], [ 127.497685, 36.315676 ], [ 127.495976, 36.319882 ], [ 127.50296, 36.325616 ], [ 127.500559, 36.339294 ], [ 127.508071, 36.343241 ], [ 127.507438, 36.346295 ], [ 127.517625, 36.348147 ], [ 127.522396, 36.354325 ], [ 127.526578, 36.370068 ], [ 127.524935, 36.387507 ], [ 127.539221, 36.3979 ], [ 127.554024, 36.394871 ], [ 127.559679, 36.398219 ], [ 127.545574, 36.408819 ], [ 127.542281, 36.419279 ], [ 127.529381, 36.41922 ], [ 127.524319, 36.423432 ], [ 127.519931, 36.419818 ], [ 127.51451, 36.422474 ], [ 127.510466, 36.409639 ], [ 127.501555, 36.408654 ], [ 127.489722, 36.434125 ], [ 127.504456, 36.451897 ], [ 127.500591, 36.456203 ], [ 127.486902, 36.452784 ], [ 127.478279, 36.457281 ], [ 127.484033, 36.476617 ], [ 127.470287, 36.473664 ], [ 127.463781, 36.464514 ], [ 127.462559, 36.456127 ], [ 127.451331, 36.449253 ], [ 127.433953, 36.455778 ], [ 127.43677, 36.456401 ], [ 127.400826, 36.454895 ], [ 127.398325, 36.471207 ], [ 127.402422, 36.47309 ], [ 127.404174, 36.480982 ], [ 127.396121, 36.491722 ], [ 127.383855, 36.500231 ], [ 127.369154, 36.488583 ], [ 127.360115, 36.490031 ], [ 127.357764, 36.483181 ], [ 127.363986, 36.474817 ], [ 127.359274, 36.463828 ], [ 127.356067, 36.464019 ], [ 127.358622, 36.455896 ], [ 127.353307, 36.447687 ], [ 127.344858, 36.444249 ], [ 127.338835, 36.429159 ], [ 127.326999, 36.422334 ], [ 127.321698, 36.423696 ], [ 127.316447, 36.42046 ], [ 127.310295, 36.424883 ], [ 127.303502, 36.424676 ], [ 127.301466, 36.421827 ], [ 127.296465, 36.423265 ], [ 127.29108, 36.416156 ], [ 127.282125, 36.414604 ], [ 127.27746, 36.387019 ], [ 127.281038, 36.374865 ], [ 127.277681, 36.365289 ], [ 127.27057, 36.360863 ], [ 127.279126, 36.344827 ], [ 127.268646, 36.341002 ], [ 127.265422, 36.337221 ], [ 127.268237, 36.331445 ], [ 127.259753, 36.32725 ], [ 127.259849, 36.295654 ], [ 127.254053, 36.296875 ], [ 127.246653, 36.29096 ], [ 127.258772, 36.276051 ], [ 127.281229, 36.265185 ], [ 127.291751, 36.264689 ], [ 127.279145, 36.253109 ], [ 127.28184, 36.235803 ], [ 127.287271, 36.234619 ], [ 127.297324, 36.221525 ], [ 127.303244, 36.222635 ], [ 127.303567, 36.229735 ], [ 127.314461, 36.222406 ], [ 127.321531, 36.21343 ], [ 127.323035, 36.203729 ], [ 127.333551, 36.200671 ], [ 127.329815, 36.194182 ], [ 127.331698, 36.184056 ], [ 127.335512, 36.183372 ], [ 127.344022, 36.196664 ], [ 127.347587, 36.197567 ], [ 127.346867, 36.204127 ], [ 127.352968, 36.211839 ], [ 127.364197, 36.218901 ], [ 127.360111, 36.22668 ], [ 127.365137, 36.243634 ], [ 127.359502, 36.262586 ], [ 127.36367, 36.269789 ], [ 127.377628, 36.271486 ], [ 127.389673, 36.263095 ], [ 127.386412, 36.250672 ], [ 127.390886, 36.24295 ], [ 127.387343, 36.234152 ], [ 127.400714, 36.23316 ], [ 127.404571, 36.222433 ], [ 127.410627, 36.217552 ], [ 127.407999, 36.212893 ], [ 127.429371, 36.205206 ], [ 127.433531, 36.198576 ], [ 127.441102, 36.194787 ], [ 127.455592, 36.200801 ], [ 127.454161, 36.206999 ], [ 127.460284, 36.212919 ], [ 127.469627, 36.215243 ], [ 127.467526, 36.222691 ], [ 127.476831, 36.226002 ], [ 127.477857, 36.229669 ], [ 127.48847, 36.232534 ], [ 127.492577, 36.237954 ] ] ] } },
{ "type": "Feature", "properties": { "province_code": "31", "name_en": "Ulsan Metropolitan City", "name_ko": "울산광역시" }, "geometry": { "type": "Polygon", "coordinates": [ [ [ 129.20117, 35.387782 ], [ 129.218536, 35.378955 ], [ 129.2354, 35.380257 ], [ 129.240972, 35.385068 ], [ 129.248791, 35.383151 ], [ 129.250642, 35.387365 ], [ 129.257973, 35.384123 ], [ 129.265522, 35.387144 ], [ 129.267976, 35.3801 ], [ 129.283123, 35.365148 ], [ 129.280516, 35.356222 ], [ 129.284931, 35.350732 ], [ 129.279663, 35.34137 ], [ 129.289086, 35.340474 ], [ 129.291889, 35.336817 ], [ 129.301812, 35.33673 ], [ 129.304149, 35.330167 ], [ 129.312117, 35.330013 ], [ 129.316285, 35.33868 ], [ 129.320084, 35.338708 ], [ 129.322163, 35.346524 ], [ 129.331917, 35.347653 ], [ 129.334555, 35.355882 ], [ 129.342123, 35.3564 ], [ 129.344977, 35.352261 ], [ 129.349983, 35.355411 ], [ 129.358529, 35.355501 ], [ 129.361657, 35.359396 ], [ 129.361232, 35.363225 ], [ 129.354613, 35.366623 ], [ 129.357447, 35.368644 ], [ 129.355116, 35.371374 ], [ 129.34671, 35.373067 ], [ 129.345332, 35.377709 ], [ 129.342054, 35.377788 ], [ 129.347507, 35.385589 ], [ 129.345899, 35.390165 ], [ 129.354979, 35.39408 ], [ 129.351714, 35.402951 ], [ 129.357424, 35.40311 ], [ 129.362611, 35.409234 ], [ 129.355306, 35.410429 ], [ 129.35596, 35.415485 ], [ 129.351579, 35.418179 ], [ 129.354714, 35.419607 ], [ 129.353013, 35.428044 ], [ 129.363453, 35.428505 ], [ 129.368235, 35.432838 ], [ 129.364045, 35.436866 ], [ 129.365119, 35.441358 ], [ 129.354536, 35.437214 ], [ 129.351553, 35.438915 ], [ 129.358808, 35.44283 ], [ 129.3596, 35.447721 ], [ 129.350866, 35.444437 ], [ 129.347843, 35.445895 ], [ 129.346415, 35.464933 ], [ 129.336056, 35.474856 ], [ 129.346571, 35.474661 ], [ 129.346618, 35.470225 ], [ 129.356067, 35.459852 ], [ 129.36356, 35.457791 ], [ 129.361578, 35.459943 ], [ 129.384447, 35.475463 ], [ 129.383722, 35.480851 ], [ 129.386979, 35.483706 ], [ 129.384691, 35.484285 ], [ 129.388901, 35.48769 ], [ 129.379318, 35.499864 ], [ 129.367113, 35.497634 ], [ 129.36378, 35.503785 ], [ 129.354746, 35.507522 ], [ 129.370921, 35.500963 ], [ 129.380278, 35.502992 ], [ 129.385825, 35.500891 ], [ 129.388583, 35.504694 ], [ 129.384816, 35.515949 ], [ 129.37499, 35.517554 ], [ 129.37595, 35.522403 ], [ 129.357638, 35.528606 ], [ 129.372991, 35.524702 ], [ 129.374567, 35.529239 ], [ 129.378065, 35.528036 ], [ 129.362384, 35.540931 ], [ 129.364473, 35.542975 ], [ 129.379336, 35.537087 ], [ 129.396667, 35.515107 ], [ 129.39576, 35.501237 ], [ 129.403229, 35.499807 ], [ 129.408491, 35.493247 ], [ 129.402966, 35.477141 ], [ 129.406286, 35.4722 ], [ 129.410824, 35.471733 ], [ 129.415386, 35.475322 ], [ 129.414239, 35.478409 ], [ 129.418355, 35.482441 ], [ 129.42869, 35.479953 ], [ 129.424737, 35.481484 ], [ 129.426524, 35.485657 ], [ 129.432126, 35.481519 ], [ 129.427796, 35.478153 ], [ 129.431777, 35.478022 ], [ 129.440009, 35.490991 ], [ 129.444495, 35.491568 ], [ 129.441362, 35.495145 ], [ 129.433611, 35.491289 ], [ 129.4312, 35.493607 ], [ 129.432597, 35.500169 ], [ 129.443613, 35.50227 ], [ 129.441465, 35.507042 ], [ 129.432157, 35.505452 ], [ 129.432908, 35.510917 ], [ 129.445107, 35.510988 ], [ 129.450426, 35.524663 ], [ 129.444191, 35.525448 ], [ 129.445974, 35.522334 ], [ 129.438653, 35.519925 ], [ 129.438575, 35.528578 ], [ 129.446749, 35.529358 ], [ 129.454132, 35.526018 ], [ 129.450543, 35.529897 ], [ 129.451026, 35.536872 ], [ 129.458024, 35.553467 ], [ 129.457894, 35.564025 ], [ 129.451766, 35.571614 ], [ 129.451807, 35.58009 ], [ 129.455969, 35.580688 ], [ 129.457591, 35.585115 ], [ 129.463656, 35.58591 ], [ 129.463857, 35.59959 ], [ 129.46127, 35.607124 ], [ 129.457159, 35.608562 ], [ 129.458219, 35.613249 ], [ 129.449969, 35.614109 ], [ 129.451292, 35.614084 ], [ 129.452774, 35.615991 ], [ 129.451111, 35.61447 ], [ 129.450014, 35.614785 ], [ 129.450674, 35.618112 ], [ 129.454051, 35.616395 ], [ 129.443959, 35.623119 ], [ 129.440782, 35.630233 ], [ 129.44126, 35.644556 ], [ 129.449626, 35.651018 ], [ 129.439269, 35.655245 ], [ 129.435079, 35.652446 ], [ 129.432801, 35.656647 ], [ 129.428399, 35.65558 ], [ 129.41097, 35.663827 ], [ 129.403417, 35.662968 ], [ 129.399996, 35.667573 ], [ 129.381849, 35.671185 ], [ 129.372654, 35.669227 ], [ 129.364074, 35.678934 ], [ 129.353559, 35.67938 ], [ 129.340058, 35.669637 ], [ 129.334089, 35.66976 ], [ 129.32864, 35.662689 ], [ 129.32907, 35.658176 ], [ 129.319358, 35.656358 ], [ 129.311143, 35.660524 ], [ 129.304489, 35.657174 ], [ 129.302937, 35.647778 ], [ 129.29837, 35.647647 ], [ 129.296421, 35.643445 ], [ 129.282899, 35.651733 ], [ 129.269777, 35.651079 ], [ 129.260445, 35.654638 ], [ 129.255504, 35.660456 ], [ 129.262593, 35.691127 ], [ 129.25685, 35.700703 ], [ 129.234008, 35.703875 ], [ 129.232983, 35.707629 ], [ 129.224366, 35.709561 ], [ 129.20863, 35.721169 ], [ 129.198095, 35.71445 ], [ 129.181293, 35.723789 ], [ 129.178432, 35.717213 ], [ 129.172387, 35.713859 ], [ 129.160315, 35.71481 ], [ 129.154049, 35.721968 ], [ 129.144533, 35.724827 ], [ 129.137535, 35.720699 ], [ 129.136778, 35.712865 ], [ 129.12707, 35.714084 ], [ 129.122995, 35.707333 ], [ 129.112746, 35.708384 ], [ 129.090291, 35.702675 ], [ 129.077113, 35.693048 ], [ 129.069877, 35.682372 ], [ 129.073028, 35.677379 ], [ 129.067153, 35.671346 ], [ 129.067273, 35.661992 ], [ 129.080689, 35.647953 ], [ 129.080855, 35.643253 ], [ 129.075546, 35.640356 ], [ 129.069302, 35.645413 ], [ 129.046901, 35.650518 ], [ 129.036967, 35.632462 ], [ 129.026611, 35.636395 ], [ 129.020909, 35.635083 ], [ 129.018023, 35.629648 ], [ 129.00274, 35.620258 ], [ 129.008501, 35.615937 ], [ 129.023018, 35.613439 ], [ 129.024623, 35.599916 ], [ 129.019196, 35.584264 ], [ 129.007931, 35.580192 ], [ 128.99408, 35.566997 ], [ 128.97119, 35.5603 ], [ 128.980922, 35.546373 ], [ 128.989348, 35.551605 ], [ 128.996994, 35.544972 ], [ 128.998834, 35.538542 ], [ 128.994586, 35.528131 ], [ 129.007597, 35.529109 ], [ 129.009032, 35.523992 ], [ 129.012955, 35.523141 ], [ 129.055823, 35.532268 ], [ 129.056569, 35.52711 ], [ 129.051056, 35.51984 ], [ 129.052637, 35.514448 ], [ 129.090619, 35.498305 ], [ 129.105268, 35.496465 ], [ 129.108322, 35.481074 ], [ 129.117398, 35.475887 ], [ 129.121766, 35.463443 ], [ 129.143152, 35.445654 ], [ 129.167609, 35.431798 ], [ 129.176948, 35.433822 ], [ 129.178438, 35.431835 ], [ 129.198009, 35.437339 ], [ 129.202112, 35.432074 ], [ 129.200157, 35.424148 ], [ 129.211457, 35.419063 ], [ 129.219072, 35.407684 ], [ 129.20117, 35.387782 ] ] ] } },
{ "type": "Feature", "properties": { "province_code": "36", "name_en": "Sejong Special Self-Governing City", "name_ko": "세종특별자치시" }, "geometry": { "type": "Polygon", "coordinates": [ [ [ 127.282125, 36.414604 ], [ 127.29108, 36.416156 ], [ 127.296465, 36.423265 ], [ 127.301466, 36.421827 ], [ 127.303502, 36.424676 ], [ 127.310295, 36.424883 ], [ 127.316447, 36.42046 ], [ 127.321698, 36.423696 ], [ 127.326999, 36.422334 ], [ 127.338835, 36.429159 ], [ 127.344858, 36.444249 ], [ 127.353307, 36.447687 ], [ 127.358622, 36.455896 ], [ 127.356067, 36.464019 ], [ 127.359274, 36.463828 ], [ 127.363986, 36.474817 ], [ 127.357764, 36.483181 ], [ 127.360115, 36.490031 ], [ 127.369154, 36.488583 ], [ 127.383855, 36.500231 ], [ 127.396121, 36.491722 ], [ 127.410562, 36.496278 ], [ 127.407883, 36.500147 ], [ 127.409044, 36.509748 ], [ 127.397635, 36.520578 ], [ 127.401493, 36.523654 ], [ 127.408601, 36.523691 ], [ 127.408522, 36.528831 ], [ 127.401515, 36.541493 ], [ 127.383884, 36.541533 ], [ 127.383186, 36.547865 ], [ 127.378525, 36.549806 ], [ 127.378097, 36.555167 ], [ 127.372547, 36.559724 ], [ 127.377939, 36.562842 ], [ 127.372042, 36.563569 ], [ 127.377549, 36.567829 ], [ 127.357645, 36.561811 ], [ 127.343251, 36.564656 ], [ 127.338085, 36.562343 ], [ 127.335764, 36.571064 ], [ 127.326586, 36.576524 ], [ 127.321439, 36.58378 ], [ 127.305768, 36.582996 ], [ 127.299562, 36.586327 ], [ 127.304844, 36.59139 ], [ 127.306602, 36.600938 ], [ 127.300129, 36.607732 ], [ 127.301807, 36.612814 ], [ 127.295913, 36.6197 ], [ 127.296303, 36.62424 ], [ 127.29176, 36.625623 ], [ 127.292159, 36.63564 ], [ 127.279398, 36.633518 ], [ 127.275651, 36.639804 ], [ 127.282778, 36.642294 ], [ 127.28916, 36.659322 ], [ 127.301015, 36.662047 ], [ 127.307625, 36.682022 ], [ 127.28529, 36.690671 ], [ 127.277709, 36.691349 ], [ 127.273477, 36.695266 ], [ 127.26523, 36.692204 ], [ 127.257916, 36.69222 ], [ 127.251218, 36.697013 ], [ 127.248049, 36.695048 ], [ 127.236405, 36.707452 ], [ 127.225117, 36.710373 ], [ 127.22363, 36.71572 ], [ 127.207839, 36.71904 ], [ 127.203122, 36.726149 ], [ 127.183219, 36.730319 ], [ 127.174129, 36.728574 ], [ 127.164695, 36.733822 ], [ 127.159644, 36.732844 ], [ 127.157526, 36.727456 ], [ 127.151934, 36.728952 ], [ 127.148246, 36.719887 ], [ 127.12773, 36.708637 ], [ 127.136144, 36.70504 ], [ 127.141749, 36.689984 ], [ 127.156223, 36.690764 ], [ 127.157114, 36.695657 ], [ 127.161445, 36.690219 ], [ 127.164124, 36.678498 ], [ 127.154361, 36.664417 ], [ 127.160569, 36.656119 ], [ 127.154289, 36.65245 ], [ 127.153144, 36.645213 ], [ 127.157498, 36.639544 ], [ 127.15649, 36.628617 ], [ 127.160497, 36.624451 ], [ 127.154321, 36.623891 ], [ 127.150053, 36.619008 ], [ 127.155616, 36.615992 ], [ 127.155884, 36.606011 ], [ 127.167153, 36.602916 ], [ 127.172724, 36.595451 ], [ 127.181684, 36.59551 ], [ 127.184322, 36.591203 ], [ 127.191351, 36.593937 ], [ 127.189255, 36.586839 ], [ 127.192956, 36.580817 ], [ 127.200399, 36.582568 ], [ 127.207751, 36.577959 ], [ 127.2031, 36.567444 ], [ 127.193788, 36.564812 ], [ 127.186114, 36.552321 ], [ 127.191827, 36.546025 ], [ 127.185035, 36.543663 ], [ 127.178956, 36.545564 ], [ 127.174241, 36.542189 ], [ 127.173018, 36.533457 ], [ 127.182349, 36.521438 ], [ 127.16999, 36.509038 ], [ 127.178565, 36.502581 ], [ 127.173466, 36.499207 ], [ 127.176835, 36.492481 ], [ 127.185446, 36.493209 ], [ 127.195075, 36.488949 ], [ 127.190482, 36.479471 ], [ 127.192017, 36.474667 ], [ 127.197908, 36.465967 ], [ 127.203277, 36.464978 ], [ 127.204734, 36.45929 ], [ 127.203078, 36.454265 ], [ 127.198399, 36.452207 ], [ 127.201817, 36.446317 ], [ 127.198934, 36.439884 ], [ 127.217707, 36.433737 ], [ 127.226933, 36.421221 ], [ 127.22878, 36.422796 ], [ 127.235626, 36.418808 ], [ 127.244522, 36.418343 ], [ 127.243284, 36.415049 ], [ 127.250796, 36.406758 ], [ 127.259116, 36.409108 ], [ 127.258646, 36.414243 ], [ 127.262819, 36.416735 ], [ 127.282125, 36.414604 ] ] ] } },
{ "type": "Feature", "properties": { "province_code": "41", "name_en": "Gyeonggi Province", "name_ko": "경기도" }, "geometry": { "type": "MultiPolygon", "coordinates": [ [ [ [ 126.793695, 37.581593 ], [ 126.793441, 37.58452 ], [ 126.794698, 37.582622 ], [ 126.80094, 37.588166 ], [ 126.797083, 37.597739 ], [ 126.802581, 37.605033 ], [ 126.853632, 37.57179 ], [ 126.864941, 37.577472 ], [ 126.876261, 37.578185 ], [ 126.877542, 37.586248 ], [ 126.88514, 37.593751 ], [ 126.887159, 37.588533 ], [ 126.89975, 37.589938 ], [ 126.900304, 37.611191 ], [ 126.907117, 37.621941 ], [ 126.906202, 37.63322 ], [ 126.91121, 37.635906 ], [ 126.91228, 37.644315 ], [ 126.904802, 37.649201 ], [ 126.913721, 37.644756 ], [ 126.924123, 37.646106 ], [ 126.947565, 37.659215 ], [ 126.957108, 37.652837 ], [ 126.963329, 37.633245 ], [ 126.958418, 37.62947 ], [ 126.97558, 37.631753 ], [ 126.985905, 37.635793 ], [ 126.983247, 37.643684 ], [ 126.985718, 37.646093 ], [ 126.979658, 37.656039 ], [ 126.994018, 37.666783 ], [ 126.992198, 37.679627 ], [ 126.997311, 37.683466 ], [ 127.008664, 37.68445 ], [ 127.007621, 37.691618 ], [ 127.015415, 37.701455 ], [ 127.027688, 37.700937 ], [ 127.032414, 37.691839 ], [ 127.041109, 37.6953 ], [ 127.044905, 37.692405 ], [ 127.048632, 37.694063 ], [ 127.051804, 37.685814 ], [ 127.063386, 37.694922 ], [ 127.081105, 37.696137 ], [ 127.085177, 37.69039 ], [ 127.095996, 37.689071 ], [ 127.091947, 37.67919 ], [ 127.096448, 37.669689 ], [ 127.091207, 37.659335 ], [ 127.092695, 37.64858 ], [ 127.09457, 37.644571 ], [ 127.106577, 37.645377 ], [ 127.111155, 37.642564 ], [ 127.112204, 37.632643 ], [ 127.104066, 37.621653 ], [ 127.117147, 37.617888 ], [ 127.118047, 37.604602 ], [ 127.114023, 37.599966 ], [ 127.116665, 37.594017 ], [ 127.101144, 37.576071 ], [ 127.10423, 37.571388 ], [ 127.101801, 37.559567 ], [ 127.104929, 37.556422 ], [ 127.112298, 37.559001 ], [ 127.115253, 37.55676 ], [ 127.12861, 37.56616 ], [ 127.14895, 37.568434 ], [ 127.166747, 37.578976 ], [ 127.177155, 37.581201 ], [ 127.175683, 37.574899 ], [ 127.181995, 37.560992 ], [ 127.183795, 37.545574 ], [ 127.163163, 37.544991 ], [ 127.145666, 37.521932 ], [ 127.145439, 37.516065 ], [ 127.140614, 37.515589 ], [ 127.143528, 37.512657 ], [ 127.140343, 37.510225 ], [ 127.141048, 37.505407 ], [ 127.157729, 37.503179 ], [ 127.161431, 37.500023 ], [ 127.158514, 37.489666 ], [ 127.148683, 37.484043 ], [ 127.143527, 37.47393 ], [ 127.132856, 37.474626 ], [ 127.1328, 37.468394 ], [ 127.124878, 37.469598 ], [ 127.116896, 37.458641 ], [ 127.104341, 37.462175 ], [ 127.099096, 37.456219 ], [ 127.09354, 37.455888 ], [ 127.087855, 37.444894 ], [ 127.08125, 37.441119 ], [ 127.072138, 37.442263 ], [ 127.070953, 37.430213 ], [ 127.052325, 37.428297 ], [ 127.035574, 37.439004 ], [ 127.03823, 37.44518 ], [ 127.034693, 37.464155 ], [ 127.029527, 37.465374 ], [ 127.025995, 37.457817 ], [ 127.01451, 37.454861 ], [ 127.008711, 37.457765 ], [ 127.003675, 37.46772 ], [ 126.996752, 37.467072 ], [ 126.996769, 37.461873 ], [ 126.989499, 37.458523 ], [ 126.97458, 37.454413 ], [ 126.96429, 37.446267 ], [ 126.962943, 37.44028 ], [ 126.938622, 37.436029 ], [ 126.928399, 37.450213 ], [ 126.920275, 37.440466 ], [ 126.912309, 37.438579 ], [ 126.909396, 37.43386 ], [ 126.902988, 37.434068 ], [ 126.893983, 37.452717 ], [ 126.889642, 37.452315 ], [ 126.886265, 37.456363 ], [ 126.885444, 37.460125 ], [ 126.888876, 37.460947 ], [ 126.882746, 37.464391 ], [ 126.884618, 37.466012 ], [ 126.872744, 37.482425 ], [ 126.871763, 37.485269 ], [ 126.87679, 37.488571 ], [ 126.872748, 37.488431 ], [ 126.87413, 37.491338 ], [ 126.870228, 37.489596 ], [ 126.868349, 37.495108 ], [ 126.8527, 37.481819 ], [ 126.846517, 37.481599 ], [ 126.844955, 37.473472 ], [ 126.83464, 37.474363 ], [ 126.831748, 37.477651 ], [ 126.819423, 37.476328 ], [ 126.81764, 37.473188 ], [ 126.814629, 37.474649 ], [ 126.819367, 37.479863 ], [ 126.81929, 37.485475 ], [ 126.823587, 37.487742 ], [ 126.813012, 37.496401 ], [ 126.81964, 37.499211 ], [ 126.822223, 37.507687 ], [ 126.826989, 37.508503 ], [ 126.823105, 37.51622 ], [ 126.828837, 37.526516 ], [ 126.821868, 37.534903 ], [ 126.822121, 37.540678 ], [ 126.812334, 37.540737 ], [ 126.806241, 37.544408 ], [ 126.794425, 37.535829 ], [ 126.794944, 37.541372 ], [ 126.791819, 37.543746 ], [ 126.771552, 37.548318 ], [ 126.766204, 37.554242 ], [ 126.760144, 37.535493 ], [ 126.760355, 37.516045 ], [ 126.745933, 37.515208 ], [ 126.741471, 37.508988 ], [ 126.742311, 37.486949 ], [ 126.754253, 37.483728 ], [ 126.767753, 37.471743 ], [ 126.778197, 37.471795 ], [ 126.77737, 37.457163 ], [ 126.780432, 37.454978 ], [ 126.767491, 37.443411 ], [ 126.771203, 37.436479 ], [ 126.769206, 37.427506 ], [ 126.764526, 37.426034 ], [ 126.762364, 37.426287 ], [ 126.762578, 37.427283 ], [ 126.761316, 37.428084 ], [ 126.760769, 37.42824 ], [ 126.762419, 37.426967 ], [ 126.753254, 37.422702 ], [ 126.754362, 37.41751 ], [ 126.750293, 37.400782 ], [ 126.76383, 37.399332 ], [ 126.76648, 37.394963 ], [ 126.780138, 37.395234 ], [ 126.784625, 37.392164 ], [ 126.789548, 37.39595 ], [ 126.785916, 37.403043 ], [ 126.787101, 37.406954 ], [ 126.787696, 37.407939 ], [ 126.78813, 37.407932 ], [ 126.786015, 37.402889 ], [ 126.788368, 37.40207 ], [ 126.788601, 37.404246 ], [ 126.791527, 37.405601 ], [ 126.79199, 37.405296 ], [ 126.788867, 37.403805 ], [ 126.792068, 37.402986 ], [ 126.78893, 37.401993 ], [ 126.791882, 37.393105 ], [ 126.789511, 37.395471 ], [ 126.782283, 37.388427 ], [ 126.784701, 37.39098 ], [ 126.780016, 37.394779 ], [ 126.777194, 37.39186 ], [ 126.764319, 37.394108 ], [ 126.763003, 37.390911 ], [ 126.76222, 37.397377 ], [ 126.743929, 37.398361 ], [ 126.733913, 37.388984 ], [ 126.742011, 37.384562 ], [ 126.744955, 37.388858 ], [ 126.742073, 37.382474 ], [ 126.730443, 37.385962 ], [ 126.700818, 37.354457 ], [ 126.703299, 37.351282 ], [ 126.683852, 37.34611 ], [ 126.687352, 37.345099 ], [ 126.685954, 37.341148 ], [ 126.691742, 37.339246 ], [ 126.69137, 37.335528 ], [ 126.654305, 37.326792 ], [ 126.628955, 37.317273 ], [ 126.671383, 37.329152 ], [ 126.67654, 37.320242 ], [ 126.692233, 37.318934 ], [ 126.706052, 37.310652 ], [ 126.717894, 37.308022 ], [ 126.723921, 37.31459 ], [ 126.732366, 37.309365 ], [ 126.752927, 37.303821 ], [ 126.750815, 37.298993 ], [ 126.755039, 37.297788 ], [ 126.757345, 37.302543 ], [ 126.775357, 37.297408 ], [ 126.774461, 37.295154 ], [ 126.775576, 37.297345 ], [ 126.789365, 37.293407 ], [ 126.801257, 37.295617 ], [ 126.805251, 37.299516 ], [ 126.817368, 37.297959 ], [ 126.814508, 37.295109 ], [ 126.823291, 37.289518 ], [ 126.828558, 37.279398 ], [ 126.840097, 37.275556 ], [ 126.847271, 37.268448 ], [ 126.858095, 37.274129 ], [ 126.864302, 37.272858 ], [ 126.875309, 37.277399 ], [ 126.874495, 37.275209 ], [ 126.863836, 37.272211 ], [ 126.857438, 37.272665 ], [ 126.856956, 37.271514 ], [ 126.859973, 37.271413 ], [ 126.861777, 37.266439 ], [ 126.865436, 37.266667 ], [ 126.867494, 37.260129 ], [ 126.874533, 37.260748 ], [ 126.876176, 37.259024 ], [ 126.882644, 37.257137 ], [ 126.882178, 37.256568 ], [ 126.877597, 37.257954 ], [ 126.874015, 37.260234 ], [ 126.867443, 37.259603 ], [ 126.865455, 37.265117 ], [ 126.860748, 37.266082 ], [ 126.858501, 37.269827 ], [ 126.849844, 37.266002 ], [ 126.849702, 37.256204 ], [ 126.837372, 37.27072 ], [ 126.831285, 37.273783 ], [ 126.828094, 37.269675 ], [ 126.80971, 37.280501 ], [ 126.812585, 37.286078 ], [ 126.805148, 37.284617 ], [ 126.800283, 37.277966 ], [ 126.811221, 37.267628 ], [ 126.796284, 37.270727 ], [ 126.790324, 37.267168 ], [ 126.79337, 37.25923 ], [ 126.788307, 37.255191 ], [ 126.789565, 37.244129 ], [ 126.778251, 37.245543 ], [ 126.77829, 37.239112 ], [ 126.786647, 37.232956 ], [ 126.783646, 37.226216 ], [ 126.775486, 37.220111 ], [ 126.778713, 37.217426 ], [ 126.774485, 37.218302 ], [ 126.774946, 37.209792 ], [ 126.774297, 37.207677 ], [ 126.773393, 37.207275 ], [ 126.773808, 37.209981 ], [ 126.761154, 37.21034 ], [ 126.760293, 37.212253 ], [ 126.773407, 37.210299 ], [ 126.772846, 37.218033 ], [ 126.766478, 37.219956 ], [ 126.766004, 37.22106 ], [ 126.772181, 37.220563 ], [ 126.781548, 37.23015 ], [ 126.77641, 37.23649 ], [ 126.77441, 37.247923 ], [ 126.767017, 37.247878 ], [ 126.767621, 37.23079 ], [ 126.76471, 37.227206 ], [ 126.766442, 37.237517 ], [ 126.761897, 37.237451 ], [ 126.758568, 37.234487 ], [ 126.757069, 37.235167 ], [ 126.763161, 37.239544 ], [ 126.766594, 37.239516 ], [ 126.766714, 37.24496 ], [ 126.763409, 37.24471 ], [ 126.763677, 37.249142 ], [ 126.757721, 37.248911 ], [ 126.757278, 37.253855 ], [ 126.74073, 37.2544 ], [ 126.733723, 37.249367 ], [ 126.725664, 37.256535 ], [ 126.716102, 37.254786 ], [ 126.687798, 37.262248 ], [ 126.681184, 37.256664 ], [ 126.677171, 37.246268 ], [ 126.668762, 37.242053 ], [ 126.662527, 37.245585 ], [ 126.664865, 37.242145 ], [ 126.661467, 37.23859 ], [ 126.667498, 37.229557 ], [ 126.673337, 37.229506 ], [ 126.67743, 37.223726 ], [ 126.666279, 37.216756 ], [ 126.666575, 37.208494 ], [ 126.672713, 37.200155 ], [ 126.67674, 37.200995 ], [ 126.679006, 37.207371 ], [ 126.684084, 37.20945 ], [ 126.688362, 37.20766 ], [ 126.691155, 37.21551 ], [ 126.699154, 37.213842 ], [ 126.692726, 37.206458 ], [ 126.693745, 37.203145 ], [ 126.683414, 37.201025 ], [ 126.673063, 37.193614 ], [ 126.662061, 37.196779 ], [ 126.657041, 37.1909 ], [ 126.647316, 37.192397 ], [ 126.647079, 37.19354 ], [ 126.647242, 37.193013 ], [ 126.649373, 37.195125 ], [ 126.65356, 37.205327 ], [ 126.654696, 37.211204 ], [ 126.654291, 37.222806 ], [ 126.653341, 37.226087 ], [ 126.651737, 37.229029 ], [ 126.641016, 37.242141 ], [ 126.637155, 37.252249 ], [ 126.638347, 37.248526 ], [ 126.636765, 37.249215 ], [ 126.633414, 37.248731 ], [ 126.632049, 37.251004 ], [ 126.632788, 37.249082 ], [ 126.633256, 37.248659 ], [ 126.63384, 37.248521 ], [ 126.636912, 37.24908 ], [ 126.638486, 37.248199 ], [ 126.641141, 37.241704 ], [ 126.653752, 37.224514 ], [ 126.654552, 37.211198 ], [ 126.6517, 37.213177 ], [ 126.649787, 37.208579 ], [ 126.647443, 37.210968 ], [ 126.65028, 37.225093 ], [ 126.621674, 37.236793 ], [ 126.623664, 37.242349 ], [ 126.619183, 37.245453 ], [ 126.620749, 37.248446 ], [ 126.613934, 37.249734 ], [ 126.616472, 37.25803 ], [ 126.609497, 37.259618 ], [ 126.608426, 37.262851 ], [ 126.593503, 37.262149 ], [ 126.577713, 37.274647 ], [ 126.573822, 37.27565 ], [ 126.568646, 37.271294 ], [ 126.57033, 37.280848 ], [ 126.582747, 37.290456 ], [ 126.578189, 37.292918 ], [ 126.621681, 37.315943 ], [ 126.61191, 37.313539 ], [ 126.5803, 37.294655 ], [ 126.57805, 37.295846 ], [ 126.578011, 37.293172 ], [ 126.57346, 37.297368 ], [ 126.571796, 37.297584 ], [ 126.578197, 37.290671 ], [ 126.566556, 37.283584 ], [ 126.567933, 37.280542 ], [ 126.56393, 37.277653 ], [ 126.55563, 37.275813 ], [ 126.555705, 37.28331 ], [ 126.551872, 37.281302 ], [ 126.538095, 37.286734 ], [ 126.53889, 37.282661 ], [ 126.548816, 37.280171 ], [ 126.550616, 37.27372 ], [ 126.555975, 37.270963 ], [ 126.559349, 37.258165 ], [ 126.564242, 37.255464 ], [ 126.558261, 37.247938 ], [ 126.569267, 37.236838 ], [ 126.542098, 37.233607 ], [ 126.544695, 37.229979 ], [ 126.540859, 37.228795 ], [ 126.541602, 37.223009 ], [ 126.545269, 37.224496 ], [ 126.546748, 37.221084 ], [ 126.550039, 37.22428 ], [ 126.553043, 37.221418 ], [ 126.557339, 37.223319 ], [ 126.553534, 37.221213 ], [ 126.557275, 37.217854 ], [ 126.555299, 37.21496 ], [ 126.543221, 37.214684 ], [ 126.54521, 37.20627 ], [ 126.547713, 37.205956 ], [ 126.548926, 37.205551 ], [ 126.545805, 37.206167 ], [ 126.541897, 37.206076 ], [ 126.552029, 37.20477 ], [ 126.557324, 37.207459 ], [ 126.552413, 37.204673 ], [ 126.560354, 37.199125 ], [ 126.562483, 37.193252 ], [ 126.56937, 37.199556 ], [ 126.568216, 37.204697 ], [ 126.572737, 37.209864 ], [ 126.575635, 37.221055 ], [ 126.577072, 37.222101 ], [ 126.586776, 37.2206 ], [ 126.590572, 37.213529 ], [ 126.601775, 37.217195 ], [ 126.600188, 37.217357 ], [ 126.601424, 37.22144 ], [ 126.603116, 37.216258 ], [ 126.601354, 37.214024 ], [ 126.614497, 37.208047 ], [ 126.611178, 37.21915 ], [ 126.591067, 37.232334 ], [ 126.585536, 37.232275 ], [ 126.584166, 37.234727 ], [ 126.587068, 37.233893 ], [ 126.587667, 37.237045 ], [ 126.587254, 37.233842 ], [ 126.592676, 37.236043 ], [ 126.5945, 37.232212 ], [ 126.597282, 37.235504 ], [ 126.59532, 37.231945 ], [ 126.600203, 37.228181 ], [ 126.604144, 37.2327 ], [ 126.603596, 37.230476 ], [ 126.609778, 37.229441 ], [ 126.610962, 37.233942 ], [ 126.61893, 37.229587 ], [ 126.62094, 37.23597 ], [ 126.624349, 37.235503 ], [ 126.62339, 37.226687 ], [ 126.626385, 37.221355 ], [ 126.629264, 37.222033 ], [ 126.629016, 37.2187 ], [ 126.626295, 37.221258 ], [ 126.626452, 37.2191 ], [ 126.642061, 37.214427 ], [ 126.646914, 37.210916 ], [ 126.646639, 37.206685 ], [ 126.65111, 37.207676 ], [ 126.651683, 37.207328 ], [ 126.650209, 37.207285 ], [ 126.648026, 37.206438 ], [ 126.647426, 37.206765 ], [ 126.645788, 37.205882 ], [ 126.651886, 37.207294 ], [ 126.654531, 37.21103 ], [ 126.653107, 37.204321 ], [ 126.649307, 37.195273 ], [ 126.647791, 37.193691 ], [ 126.648804, 37.202952 ], [ 126.645777, 37.203939 ], [ 126.644735, 37.206061 ], [ 126.644967, 37.206119 ], [ 126.646171, 37.206889 ], [ 126.642606, 37.20588 ], [ 126.641884, 37.204372 ], [ 126.64556, 37.189684 ], [ 126.64725, 37.192199 ], [ 126.655552, 37.190497 ], [ 126.650133, 37.185061 ], [ 126.648651, 37.18662 ], [ 126.649588, 37.183205 ], [ 126.665108, 37.192091 ], [ 126.670046, 37.189198 ], [ 126.665576, 37.188369 ], [ 126.6652, 37.182365 ], [ 126.655089, 37.175006 ], [ 126.660982, 37.162255 ], [ 126.649794, 37.154568 ], [ 126.669688, 37.156036 ], [ 126.682616, 37.160539 ], [ 126.697588, 37.151412 ], [ 126.684261, 37.149388 ], [ 126.673935, 37.137176 ], [ 126.682186, 37.129082 ], [ 126.685326, 37.11917 ], [ 126.683778, 37.116832 ], [ 126.679879, 37.118029 ], [ 126.679402, 37.118121 ], [ 126.675307, 37.118103 ], [ 126.67504, 37.117952 ], [ 126.674423, 37.117226 ], [ 126.680962, 37.117658 ], [ 126.680797, 37.115329 ], [ 126.676456, 37.115775 ], [ 126.683747, 37.114446 ], [ 126.682594, 37.112862 ], [ 126.732463, 37.074312 ], [ 126.730955, 37.072283 ], [ 126.73354, 37.073477 ], [ 126.756681, 37.055455 ], [ 126.746041, 37.042606 ], [ 126.749593, 37.030284 ], [ 126.788957, 37.029911 ], [ 126.794872, 37.026437 ], [ 126.797639, 37.014132 ], [ 126.787296, 37.012769 ], [ 126.779011, 37.007242 ], [ 126.789219, 36.994982 ], [ 126.79715, 36.99743 ], [ 126.798297, 36.992236 ], [ 126.820806, 36.984758 ], [ 126.828082, 36.987473 ], [ 126.828401, 36.982975 ], [ 126.825343, 36.981626 ], [ 126.846245, 36.955373 ], [ 126.828163, 36.946429 ], [ 126.841406, 36.913861 ], [ 126.855251, 36.908136 ], [ 126.905843, 36.91576 ], [ 126.909705, 36.901602 ], [ 126.939626, 36.917331 ], [ 126.973746, 36.925863 ], [ 126.995182, 36.935359 ], [ 127.020827, 36.934602 ], [ 127.021795, 36.930771 ], [ 127.031041, 36.928089 ], [ 127.065487, 36.941926 ], [ 127.074083, 36.938625 ], [ 127.086212, 36.947738 ], [ 127.095425, 36.942204 ], [ 127.102996, 36.95308 ], [ 127.096415, 36.955692 ], [ 127.096432, 36.959419 ], [ 127.113098, 36.973074 ], [ 127.121356, 36.968273 ], [ 127.136107, 36.965563 ], [ 127.135898, 36.967888 ], [ 127.143754, 36.971069 ], [ 127.158878, 36.969924 ], [ 127.155431, 36.964405 ], [ 127.165531, 36.961661 ], [ 127.177772, 36.962697 ], [ 127.180498, 36.956674 ], [ 127.202144, 36.951711 ], [ 127.206867, 36.946134 ], [ 127.205734, 36.942018 ], [ 127.211559, 36.937809 ], [ 127.210451, 36.930539 ], [ 127.220328, 36.930449 ], [ 127.244049, 36.917599 ], [ 127.253132, 36.922437 ], [ 127.258609, 36.915874 ], [ 127.274289, 36.913442 ], [ 127.279157, 36.90041 ], [ 127.288015, 36.893775 ], [ 127.303365, 36.91639 ], [ 127.295634, 36.931287 ], [ 127.308994, 36.929388 ], [ 127.316211, 36.934721 ], [ 127.326812, 36.935936 ], [ 127.34193, 36.943129 ], [ 127.343256, 36.948262 ], [ 127.349631, 36.952794 ], [ 127.353997, 36.952673 ], [ 127.357612, 36.947688 ], [ 127.367302, 36.950299 ], [ 127.375658, 36.94866 ], [ 127.378723, 36.957895 ], [ 127.384818, 36.959624 ], [ 127.387268, 36.964463 ], [ 127.397466, 36.964646 ], [ 127.401534, 36.967678 ], [ 127.384972, 36.983637 ], [ 127.392701, 36.99701 ], [ 127.399793, 36.999861 ], [ 127.413968, 36.999479 ], [ 127.421239, 37.003959 ], [ 127.429571, 37.001244 ], [ 127.440835, 37.012106 ], [ 127.447086, 37.01083 ], [ 127.449737, 37.01838 ], [ 127.453709, 37.021249 ], [ 127.458368, 37.020474 ], [ 127.459744, 37.025064 ], [ 127.456247, 37.030322 ], [ 127.459699, 37.03813 ], [ 127.456857, 37.042213 ], [ 127.468384, 37.05035 ], [ 127.468212, 37.053487 ], [ 127.486219, 37.054856 ], [ 127.496653, 37.048118 ], [ 127.504544, 37.048004 ], [ 127.518261, 37.058397 ], [ 127.522986, 37.055457 ], [ 127.531992, 37.055642 ], [ 127.556834, 37.041247 ], [ 127.569543, 37.04817 ], [ 127.564958, 37.06059 ], [ 127.577977, 37.075341 ], [ 127.596271, 37.07371 ], [ 127.605184, 37.068871 ], [ 127.604938, 37.076153 ], [ 127.595101, 37.087988 ], [ 127.596295, 37.088262 ], [ 127.5998, 37.086325 ], [ 127.611943, 37.087254 ], [ 127.634531, 37.099832 ], [ 127.636273, 37.114464 ], [ 127.633102, 37.120158 ], [ 127.637768, 37.14119 ], [ 127.627455, 37.151724 ], [ 127.628314, 37.155287 ], [ 127.648089, 37.150605 ], [ 127.656374, 37.144881 ], [ 127.655618, 37.142388 ], [ 127.670212, 37.136108 ], [ 127.688593, 37.135541 ], [ 127.695484, 37.140422 ], [ 127.694728, 37.149978 ], [ 127.704273, 37.157648 ], [ 127.70675, 37.170695 ], [ 127.716904, 37.18343 ], [ 127.726407, 37.18254 ], [ 127.735257, 37.208067 ], [ 127.74475, 37.213651 ], [ 127.748935, 37.218336 ], [ 127.747916, 37.243571 ], [ 127.76066, 37.269012 ], [ 127.749883, 37.297159 ], [ 127.762144, 37.302241 ], [ 127.768195, 37.30152 ], [ 127.768281, 37.309338 ], [ 127.758394, 37.330847 ], [ 127.762966, 37.334428 ], [ 127.757884, 37.346408 ], [ 127.760758, 37.352635 ], [ 127.759483, 37.367291 ], [ 127.762873, 37.369977 ], [ 127.778936, 37.370771 ], [ 127.776659, 37.383326 ], [ 127.784094, 37.388829 ], [ 127.781683, 37.393042 ], [ 127.787828, 37.401131 ], [ 127.794559, 37.424402 ], [ 127.804006, 37.428849 ], [ 127.798388, 37.442591 ], [ 127.796266, 37.463044 ], [ 127.800484, 37.471251 ], [ 127.78958, 37.474797 ], [ 127.782167, 37.48168 ], [ 127.780188, 37.488651 ], [ 127.776066, 37.488545 ], [ 127.774689, 37.491746 ], [ 127.759791, 37.492482 ], [ 127.759914, 37.503306 ], [ 127.771791, 37.505185 ], [ 127.781119, 37.513061 ], [ 127.785496, 37.513311 ], [ 127.796399, 37.523106 ], [ 127.796344, 37.528582 ], [ 127.806473, 37.531171 ], [ 127.809581, 37.537862 ], [ 127.828272, 37.536639 ], [ 127.842023, 37.538901 ], [ 127.848076, 37.552302 ], [ 127.836363, 37.560408 ], [ 127.81413, 37.564152 ], [ 127.804247, 37.579134 ], [ 127.79408, 37.585255 ], [ 127.784438, 37.578119 ], [ 127.766571, 37.582669 ], [ 127.754106, 37.592065 ], [ 127.739396, 37.587095 ], [ 127.723125, 37.590626 ], [ 127.707895, 37.586353 ], [ 127.698198, 37.590889 ], [ 127.700836, 37.596117 ], [ 127.69619, 37.600794 ], [ 127.667521, 37.617251 ], [ 127.663846, 37.623796 ], [ 127.651532, 37.622939 ], [ 127.646988, 37.632737 ], [ 127.639433, 37.632643 ], [ 127.633709, 37.635964 ], [ 127.634153, 37.639938 ], [ 127.626439, 37.643083 ], [ 127.621571, 37.639566 ], [ 127.617958, 37.646018 ], [ 127.612788, 37.645609 ], [ 127.606606, 37.650814 ], [ 127.602194, 37.651537 ], [ 127.598824, 37.646885 ], [ 127.584861, 37.642303 ], [ 127.580655, 37.633398 ], [ 127.564681, 37.633157 ], [ 127.559461, 37.628486 ], [ 127.548258, 37.633208 ], [ 127.54725, 37.637707 ], [ 127.535682, 37.645018 ], [ 127.535655, 37.650695 ], [ 127.543854, 37.65173 ], [ 127.546219, 37.65786 ], [ 127.552816, 37.661528 ], [ 127.549049, 37.668614 ], [ 127.550639, 37.687042 ], [ 127.561863, 37.720072 ], [ 127.559912, 37.728577 ], [ 127.556602, 37.729227 ], [ 127.542511, 37.719864 ], [ 127.527205, 37.726859 ], [ 127.511862, 37.715682 ], [ 127.507067, 37.720594 ], [ 127.507112, 37.731359 ], [ 127.511215, 37.736434 ], [ 127.534076, 37.748602 ], [ 127.54488, 37.760075 ], [ 127.540924, 37.770875 ], [ 127.520814, 37.792543 ], [ 127.537354, 37.810541 ], [ 127.53494, 37.817711 ], [ 127.525639, 37.822873 ], [ 127.525619, 37.832924 ], [ 127.537031, 37.845019 ], [ 127.549652, 37.846538 ], [ 127.550088, 37.851931 ], [ 127.557453, 37.856278 ], [ 127.563239, 37.855879 ], [ 127.574577, 37.87235 ], [ 127.584621, 37.876294 ], [ 127.603212, 37.874201 ], [ 127.605849, 37.876492 ], [ 127.609095, 37.883518 ], [ 127.607403, 37.88966 ], [ 127.617141, 37.906362 ], [ 127.612138, 37.920924 ], [ 127.616584, 37.928266 ], [ 127.612672, 37.940476 ], [ 127.603736, 37.944491 ], [ 127.600418, 37.956537 ], [ 127.584723, 37.961752 ], [ 127.55984, 37.962883 ], [ 127.545225, 37.967732 ], [ 127.547166, 37.978281 ], [ 127.539877, 38.000568 ], [ 127.508904, 38.001311 ], [ 127.503923, 37.997953 ], [ 127.4974, 38.003714 ], [ 127.471556, 38.006452 ], [ 127.461543, 38.012854 ], [ 127.451873, 38.034605 ], [ 127.452906, 38.047186 ], [ 127.446239, 38.051214 ], [ 127.444584, 38.057261 ], [ 127.445167, 38.09747 ], [ 127.440453, 38.108832 ], [ 127.433502, 38.111019 ], [ 127.43093, 38.115362 ], [ 127.413408, 38.102013 ], [ 127.405524, 38.102954 ], [ 127.403452, 38.112961 ], [ 127.384289, 38.114319 ], [ 127.378614, 38.118429 ], [ 127.365941, 38.10693 ], [ 127.339765, 38.101295 ], [ 127.336958, 38.089769 ], [ 127.32872, 38.094381 ], [ 127.32067, 38.094684 ], [ 127.316273, 38.098638 ], [ 127.309528, 38.118276 ], [ 127.304736, 38.115432 ], [ 127.292546, 38.114146 ], [ 127.288572, 38.116401 ], [ 127.286087, 38.114288 ], [ 127.281421, 38.124937 ], [ 127.275813, 38.124176 ], [ 127.275011, 38.137282 ], [ 127.286405, 38.152639 ], [ 127.284047, 38.159485 ], [ 127.288996, 38.169457 ], [ 127.296192, 38.172482 ], [ 127.29774, 38.176278 ], [ 127.288253, 38.17685 ], [ 127.283572, 38.18285 ], [ 127.266021, 38.180238 ], [ 127.26448, 38.171744 ], [ 127.258825, 38.169537 ], [ 127.25628, 38.163171 ], [ 127.239392, 38.156604 ], [ 127.234578, 38.14706 ], [ 127.223807, 38.147034 ], [ 127.222042, 38.137432 ], [ 127.189233, 38.161156 ], [ 127.185857, 38.17388 ], [ 127.189225, 38.188321 ], [ 127.183341, 38.185897 ], [ 127.179138, 38.187414 ], [ 127.1697, 38.197652 ], [ 127.175135, 38.205484 ], [ 127.171166, 38.213493 ], [ 127.159714, 38.219546 ], [ 127.163294, 38.238481 ], [ 127.148923, 38.242344 ], [ 127.143, 38.236654 ], [ 127.123049, 38.232804 ], [ 127.11357, 38.236818 ], [ 127.109901, 38.24184 ], [ 127.071877, 38.237551 ], [ 127.066988, 38.242034 ], [ 127.062788, 38.240515 ], [ 127.06288, 38.237903 ], [ 127.060744, 38.23214 ], [ 127.054122, 38.225011 ], [ 127.050942, 38.227505 ], [ 127.053785, 38.227774 ], [ 127.055279, 38.23136 ], [ 127.053707, 38.229746 ], [ 127.049525, 38.227397 ], [ 127.054109, 38.224824 ], [ 127.048223, 38.217915 ], [ 127.050196, 38.213761 ], [ 127.050355, 38.208878 ], [ 127.046243, 38.207841 ], [ 127.048554, 38.208501 ], [ 127.045565, 38.210877 ], [ 127.045056, 38.213128 ], [ 127.044396, 38.214244 ], [ 127.043272, 38.215111 ], [ 127.04374, 38.214723 ], [ 127.043982, 38.214207 ], [ 127.044707, 38.21142 ], [ 127.044573, 38.209378 ], [ 127.039911, 38.206999 ], [ 127.042181, 38.205476 ], [ 127.046441, 38.208425 ], [ 127.042675, 38.20531 ], [ 127.031989, 38.205748 ], [ 127.029593, 38.207074 ], [ 127.031578, 38.216585 ], [ 127.030367, 38.215517 ], [ 127.029447, 38.214935 ], [ 127.027844, 38.214303 ], [ 127.027243, 38.213186 ], [ 127.029087, 38.207159 ], [ 127.026662, 38.20788 ], [ 127.026645, 38.214273 ], [ 127.029505, 38.218497 ], [ 127.027897, 38.220327 ], [ 127.025372, 38.219423 ], [ 127.017525, 38.220377 ], [ 127.009477, 38.226133 ], [ 127.005239, 38.222882 ], [ 127.001885, 38.224636 ], [ 127.001613, 38.224175 ], [ 127.004878, 38.222177 ], [ 127.004436, 38.221343 ], [ 126.996328, 38.223374 ], [ 126.998358, 38.225166 ], [ 126.995644, 38.226883 ], [ 126.991171, 38.225229 ], [ 126.993949, 38.227389 ], [ 126.991591, 38.229472 ], [ 126.98907, 38.225375 ], [ 126.981898, 38.227483 ], [ 126.978165, 38.222107 ], [ 126.986001, 38.201818 ], [ 126.98579, 38.200033 ], [ 126.983232, 38.196749 ], [ 126.980356, 38.194637 ], [ 126.981541, 38.189489 ], [ 126.979228, 38.189145 ], [ 126.980039, 38.192147 ], [ 126.966268, 38.181868 ], [ 126.967312, 38.180882 ], [ 126.968947, 38.180647 ], [ 126.963568, 38.173465 ], [ 126.965598, 38.171103 ], [ 126.958304, 38.16533 ], [ 126.956104, 38.168257 ], [ 126.95606, 38.163746 ], [ 126.951831, 38.16099 ], [ 126.953867, 38.158282 ], [ 126.950657, 38.160049 ], [ 126.953685, 38.165112 ], [ 126.951295, 38.164899 ], [ 126.949435, 38.162342 ], [ 126.950455, 38.158375 ], [ 126.959653, 38.153492 ], [ 126.958381, 38.155629 ], [ 126.963836, 38.15611 ], [ 126.959447, 38.153137 ], [ 126.968744, 38.146255 ], [ 126.966406, 38.137391 ], [ 126.966046, 38.139679 ], [ 126.960858, 38.139677 ], [ 126.957531, 38.134654 ], [ 126.938049, 38.134411 ], [ 126.93894, 38.132281 ], [ 126.932349, 38.131651 ], [ 126.934554, 38.125725 ], [ 126.937722, 38.131133 ], [ 126.93715, 38.126461 ], [ 126.934186, 38.125185 ], [ 126.926877, 38.125948 ], [ 126.917058, 38.136718 ], [ 126.904703, 38.137893 ], [ 126.90207, 38.13413 ], [ 126.888413, 38.128895 ], [ 126.88323, 38.115842 ], [ 126.866958, 38.111149 ], [ 126.85533, 38.099688 ], [ 126.863238, 38.09438 ], [ 126.859075, 38.091822 ], [ 126.860187, 38.085266 ], [ 126.868784, 38.080091 ], [ 126.871296, 38.081252 ], [ 126.869809, 38.080173 ], [ 126.869564, 38.0801 ], [ 126.868896, 38.08012 ], [ 126.867466, 38.069385 ], [ 126.852692, 38.06031 ], [ 126.858427, 38.060008 ], [ 126.858542, 38.05332 ], [ 126.852535, 38.053103 ], [ 126.854814, 38.040433 ], [ 126.852377, 38.03509 ], [ 126.855409, 38.032088 ], [ 126.840731, 38.032907 ], [ 126.834385, 38.018884 ], [ 126.832911, 38.026233 ], [ 126.827721, 38.019457 ], [ 126.825666, 38.01988 ], [ 126.829447, 38.024153 ], [ 126.826002, 38.024237 ], [ 126.824266, 38.019587 ], [ 126.826058, 38.017549 ], [ 126.818425, 38.016629 ], [ 126.822453, 38.014674 ], [ 126.818638, 38.011183 ], [ 126.823402, 38.009314 ], [ 126.822838, 38.008628 ], [ 126.818596, 38.010013 ], [ 126.821519, 38.007794 ], [ 126.818568, 38.006485 ], [ 126.822803, 38.007647 ], [ 126.820796, 38.00511 ], [ 126.823745, 38.003378 ], [ 126.81841, 38.00214 ], [ 126.823278, 38.000716 ], [ 126.815945, 37.99977 ], [ 126.816268, 38.002316 ], [ 126.812921, 38.002595 ], [ 126.812931, 37.998964 ], [ 126.798989, 37.999155 ], [ 126.797953, 37.995833 ], [ 126.800456, 37.99659 ], [ 126.799353, 37.993201 ], [ 126.802403, 37.997802 ], [ 126.805832, 37.997779 ], [ 126.802755, 37.991716 ], [ 126.806517, 37.993693 ], [ 126.806809, 37.998041 ], [ 126.807857, 37.994664 ], [ 126.813165, 37.998548 ], [ 126.809857, 37.994654 ], [ 126.813871, 37.993231 ], [ 126.814752, 37.998452 ], [ 126.815012, 37.994579 ], [ 126.818535, 37.997956 ], [ 126.820334, 37.993892 ], [ 126.819979, 37.998106 ], [ 126.823403, 37.998144 ], [ 126.822908, 37.994994 ], [ 126.828389, 37.99852 ], [ 126.825906, 37.99459 ], [ 126.828145, 37.994358 ], [ 126.830971, 37.99825 ], [ 126.8297, 37.992856 ], [ 126.82369, 37.992193 ], [ 126.808118, 37.993729 ], [ 126.801503, 37.990069 ], [ 126.796394, 37.993695 ], [ 126.783855, 37.981033 ], [ 126.772665, 37.984396 ], [ 126.775346, 37.980419 ], [ 126.772847, 37.978352 ], [ 126.762537, 37.985014 ], [ 126.752384, 37.981863 ], [ 126.748172, 37.976313 ], [ 126.74069, 37.973371 ], [ 126.736878, 37.966036 ], [ 126.727182, 37.969004 ], [ 126.719394, 37.964952 ], [ 126.716654, 37.968863 ], [ 126.711901, 37.967678 ], [ 126.708847, 37.975155 ], [ 126.703715, 37.974841 ], [ 126.700661, 37.969125 ], [ 126.691398, 37.966131 ], [ 126.687307, 37.957197 ], [ 126.681298, 37.958105 ], [ 126.676423, 37.953832 ], [ 126.676546, 37.956289 ], [ 126.670516, 37.957953 ], [ 126.671971, 37.948229 ], [ 126.669114, 37.941797 ], [ 126.672124, 37.939639 ], [ 126.667291, 37.934143 ], [ 126.665996, 37.919061 ], [ 126.672918, 37.913675 ], [ 126.682892, 37.914112 ], [ 126.675469, 37.906558 ], [ 126.677349, 37.897792 ], [ 126.670136, 37.888026 ], [ 126.674451, 37.885957 ], [ 126.672521, 37.882214 ], [ 126.679713, 37.884667 ], [ 126.67872, 37.881579 ], [ 126.68204, 37.879783 ], [ 126.672045, 37.878051 ], [ 126.676831, 37.873359 ], [ 126.672588, 37.870125 ], [ 126.682365, 37.872879 ], [ 126.68659, 37.864125 ], [ 126.679575, 37.84603 ], [ 126.660937, 37.843663 ], [ 126.659318, 37.840239 ], [ 126.671352, 37.834779 ], [ 126.671441, 37.814889 ], [ 126.677119, 37.814905 ], [ 126.677211, 37.793899 ], [ 126.671537, 37.793266 ], [ 126.671633, 37.771644 ], [ 126.677317, 37.76964 ], [ 126.677348, 37.762458 ], [ 126.683025, 37.761938 ], [ 126.683091, 37.746597 ], [ 126.676936, 37.74657 ], [ 126.665106, 37.769328 ], [ 126.663034, 37.780683 ], [ 126.625503, 37.779137 ], [ 126.608123, 37.766566 ], [ 126.593773, 37.761156 ], [ 126.575345, 37.762704 ], [ 126.554681, 37.777619 ], [ 126.522783, 37.790098 ], [ 126.51705, 37.771029 ], [ 126.524501, 37.768455 ], [ 126.518341, 37.76279 ], [ 126.531103, 37.747418 ], [ 126.521626, 37.714414 ], [ 126.530859, 37.705387 ], [ 126.534065, 37.687804 ], [ 126.526827, 37.674252 ], [ 126.538562, 37.670091 ], [ 126.544558, 37.66269 ], [ 126.537722, 37.65569 ], [ 126.531576, 37.654504 ], [ 126.539353, 37.639698 ], [ 126.544743, 37.640014 ], [ 126.550814, 37.632667 ], [ 126.5545, 37.609337 ], [ 126.560791, 37.604558 ], [ 126.559586, 37.59968 ], [ 126.561125, 37.60365 ], [ 126.565778, 37.603955 ], [ 126.573675, 37.599173 ], [ 126.577945, 37.605 ], [ 126.581494, 37.600192 ], [ 126.593739, 37.59955 ], [ 126.590244, 37.59679 ], [ 126.591565, 37.593012 ], [ 126.605468, 37.600264 ], [ 126.614356, 37.606287 ], [ 126.625741, 37.602593 ], [ 126.631659, 37.617341 ], [ 126.636575, 37.62049 ], [ 126.636457, 37.627676 ], [ 126.64711, 37.627478 ], [ 126.652555, 37.639488 ], [ 126.672422, 37.633842 ], [ 126.682836, 37.624781 ], [ 126.694469, 37.620339 ], [ 126.705451, 37.612149 ], [ 126.704681, 37.602475 ], [ 126.709603, 37.60513 ], [ 126.715625, 37.603806 ], [ 126.716304, 37.599488 ], [ 126.725484, 37.591782 ], [ 126.744324, 37.592495 ], [ 126.751762, 37.579573 ], [ 126.755726, 37.580328 ], [ 126.757985, 37.585328 ], [ 126.763177, 37.584962 ], [ 126.767517, 37.588395 ], [ 126.784114, 37.582585 ], [ 126.787048, 37.585579 ], [ 126.793695, 37.581593 ] ], [ [ 126.784136, 37.175031 ], [ 126.788807, 37.173826 ], [ 126.79475, 37.181534 ], [ 126.794766, 37.185739 ], [ 126.790591, 37.187468 ], [ 126.79553, 37.186148 ], [ 126.794199, 37.190909 ], [ 126.797157, 37.190723 ], [ 126.80065, 37.196165 ], [ 126.797162, 37.189232 ], [ 126.798491, 37.17978 ], [ 126.794296, 37.178198 ], [ 126.798492, 37.178024 ], [ 126.793073, 37.176757 ], [ 126.792301, 37.173236 ], [ 126.800184, 37.172705 ], [ 126.796394, 37.170456 ], [ 126.799976, 37.170471 ], [ 126.799733, 37.170304 ], [ 126.799002, 37.170178 ], [ 126.798115, 37.170309 ], [ 126.795871, 37.169308 ], [ 126.796111, 37.165549 ], [ 126.803619, 37.162908 ], [ 126.797814, 37.162332 ], [ 126.792542, 37.155219 ], [ 126.789084, 37.155088 ], [ 126.791332, 37.154436 ], [ 126.781534, 37.152214 ], [ 126.791424, 37.148672 ], [ 126.801627, 37.153535 ], [ 126.808036, 37.144837 ], [ 126.816682, 37.143229 ], [ 126.81193, 37.138879 ], [ 126.801367, 37.138359 ], [ 126.796116, 37.134306 ], [ 126.795003, 37.128753 ], [ 126.787223, 37.12961 ], [ 126.782617, 37.134892 ], [ 126.776557, 37.132219 ], [ 126.76041, 37.117926 ], [ 126.758287, 37.111421 ], [ 126.76659, 37.103824 ], [ 126.771348, 37.106504 ], [ 126.771703, 37.101105 ], [ 126.76291, 37.080207 ], [ 126.763125, 37.063066 ], [ 126.769528, 37.064396 ], [ 126.773652, 37.071054 ], [ 126.772203, 37.067341 ], [ 126.774798, 37.066281 ], [ 126.780059, 37.074528 ], [ 126.781412, 37.070977 ], [ 126.77476, 37.064748 ], [ 126.771532, 37.065937 ], [ 126.770111, 37.063197 ], [ 126.769699, 37.060795 ], [ 126.776168, 37.058225 ], [ 126.772402, 37.057932 ], [ 126.770024, 37.060071 ], [ 126.764247, 37.058522 ], [ 126.764842, 37.056317 ], [ 126.763783, 37.058274 ], [ 126.756786, 37.056012 ], [ 126.684047, 37.11461 ], [ 126.692356, 37.115782 ], [ 126.691421, 37.121492 ], [ 126.701889, 37.12474 ], [ 126.706171, 37.131739 ], [ 126.713775, 37.129828 ], [ 126.722206, 37.137279 ], [ 126.727443, 37.138778 ], [ 126.729181, 37.136586 ], [ 126.727734, 37.139269 ], [ 126.726854, 37.139334 ], [ 126.730817, 37.149342 ], [ 126.741549, 37.152894 ], [ 126.747168, 37.167582 ], [ 126.777502, 37.165204 ], [ 126.779681, 37.170287 ], [ 126.785406, 37.171225 ], [ 126.784136, 37.175031 ] ], [ [ 126.827936, 38.005276 ], [ 126.827043, 37.999735 ], [ 126.825646, 38.006348 ], [ 126.828093, 38.008339 ], [ 126.824493, 38.00878 ], [ 126.827633, 38.010111 ], [ 126.823878, 38.011598 ], [ 126.825181, 38.012689 ], [ 126.829242, 38.012054 ], [ 126.825668, 38.015068 ], [ 126.831799, 38.01582 ], [ 126.830642, 38.017763 ], [ 126.82778, 38.018622 ], [ 126.832961, 38.020644 ], [ 126.833912, 38.01943 ], [ 126.827936, 38.005276 ] ], [ [ 126.871737, 38.053298 ], [ 126.867264, 38.050678 ], [ 126.867051, 38.054038 ], [ 126.870858, 38.054584 ], [ 126.868498, 38.056171 ], [ 126.872417, 38.055231 ], [ 126.870849, 38.05761 ], [ 126.877623, 38.05929 ], [ 126.866906, 38.058022 ], [ 126.865095, 38.055594 ], [ 126.864179, 38.059608 ], [ 126.877049, 38.06223 ], [ 126.866172, 38.063073 ], [ 126.863464, 38.061002 ], [ 126.862273, 38.063444 ], [ 126.873511, 38.066085 ], [ 126.879266, 38.063445 ], [ 126.880306, 38.059375 ], [ 126.887088, 38.067144 ], [ 126.884869, 38.066709 ], [ 126.883012, 38.064592 ], [ 126.881614, 38.066882 ], [ 126.879093, 38.064785 ], [ 126.879528, 38.067026 ], [ 126.868093, 38.066873 ], [ 126.870089, 38.07106 ], [ 126.87419, 38.069451 ], [ 126.874481, 38.07226 ], [ 126.884704, 38.06724 ], [ 126.877858, 38.072827 ], [ 126.888044, 38.067722 ], [ 126.883975, 38.073244 ], [ 126.890006, 38.069894 ], [ 126.885956, 38.074026 ], [ 126.893762, 38.072832 ], [ 126.893329, 38.071649 ], [ 126.890908, 38.069917 ], [ 126.889026, 38.069736 ], [ 126.889259, 38.069107 ], [ 126.886523, 38.062905 ], [ 126.883636, 38.060302 ], [ 126.871737, 38.053298 ] ], [ [ 126.891663, 38.074522 ], [ 126.884867, 38.076461 ], [ 126.881189, 38.074329 ], [ 126.877481, 38.077506 ], [ 126.875672, 38.074841 ], [ 126.870837, 38.080059 ], [ 126.873779, 38.082083 ], [ 126.873917, 38.079431 ], [ 126.879618, 38.078137 ], [ 126.882789, 38.076215 ], [ 126.884353, 38.077081 ], [ 126.887609, 38.076602 ], [ 126.891867, 38.075296 ], [ 126.893769, 38.072853 ], [ 126.891663, 38.074522 ] ], [ [ 126.957741, 38.131221 ], [ 126.955064, 38.123438 ], [ 126.937328, 38.126334 ], [ 126.940256, 38.125991 ], [ 126.940226, 38.132416 ], [ 126.941015, 38.126035 ], [ 126.944435, 38.126466 ], [ 126.941956, 38.134151 ], [ 126.944793, 38.130116 ], [ 126.943361, 38.133321 ], [ 126.946579, 38.132821 ], [ 126.94724, 38.128528 ], [ 126.947267, 38.133758 ], [ 126.949086, 38.131419 ], [ 126.951338, 38.134047 ], [ 126.952488, 38.131235 ], [ 126.952889, 38.133811 ], [ 126.953281, 38.130688 ], [ 126.958804, 38.13404 ], [ 126.957741, 38.131221 ] ], [ [ 126.973233, 38.184513 ], [ 126.977335, 38.187214 ], [ 126.978864, 38.182799 ], [ 126.982197, 38.183285 ], [ 126.975839, 38.181239 ], [ 126.974914, 38.170852 ], [ 126.965899, 38.157781 ], [ 126.968279, 38.164865 ], [ 126.968052, 38.164756 ], [ 126.967251, 38.164026 ], [ 126.966584, 38.163155 ], [ 126.96578, 38.163154 ], [ 126.964106, 38.158705 ], [ 126.964125, 38.163704 ], [ 126.960435, 38.165196 ], [ 126.964802, 38.164975 ], [ 126.964689, 38.168492 ], [ 126.970356, 38.167079 ], [ 126.971554, 38.171037 ], [ 126.967912, 38.172665 ], [ 126.971246, 38.173196 ], [ 126.974409, 38.170757 ], [ 126.971906, 38.173732 ], [ 126.975026, 38.177637 ], [ 126.967978, 38.174075 ], [ 126.974065, 38.178029 ], [ 126.969278, 38.177981 ], [ 126.974561, 38.180941 ], [ 126.973719, 38.181011 ], [ 126.970755, 38.179138 ], [ 126.969055, 38.179138 ], [ 126.970491, 38.181199 ], [ 126.975004, 38.181487 ], [ 126.973861, 38.182044 ], [ 126.970453, 38.181933 ], [ 126.973233, 38.184513 ] ], [ [ 126.993206, 38.183584 ], [ 126.988305, 38.183362 ], [ 126.988175, 38.186555 ], [ 126.99039, 38.186584 ], [ 126.993206, 38.183584 ] ], [ [ 126.982908, 38.187818 ], [ 126.983797, 38.18368 ], [ 126.984446, 38.186845 ], [ 126.987849, 38.183638 ], [ 126.982358, 38.183251 ], [ 126.980611, 38.183704 ], [ 126.978552, 38.187342 ], [ 126.982908, 38.187818 ] ], [ [ 126.994276, 38.186263 ], [ 126.993779, 38.188408 ], [ 126.989281, 38.187275 ], [ 126.990718, 38.189065 ], [ 126.994035, 38.188502 ], [ 126.995884, 38.183568 ], [ 126.991689, 38.186537 ], [ 126.994276, 38.186263 ] ], [ [ 126.986905, 38.189607 ], [ 126.982788, 38.188841 ], [ 126.981444, 38.192132 ], [ 126.984668, 38.191232 ], [ 126.986905, 38.189607 ] ] ], [ [ [ 126.559838, 37.060615 ], [ 126.55679, 37.064269 ], [ 126.551289, 37.057551 ], [ 126.55786, 37.060918 ], [ 126.557669, 37.059734 ], [ 126.559838, 37.060615 ] ] ], [ [ [ 126.456654, 37.091459 ], [ 126.456919, 37.088803 ], [ 126.460578, 37.088552 ], [ 126.458275, 37.092885 ], [ 126.456654, 37.091459 ] ] ], [ [ [ 126.450395, 37.101782 ], [ 126.448113, 37.104317 ], [ 126.447314, 37.099015 ], [ 126.452693, 37.095811 ], [ 126.453848, 37.09728 ], [ 126.450395, 37.101782 ] ] ], [ [ [ 126.54114, 37.108984 ], [ 126.537338, 37.112385 ], [ 126.538435, 37.094446 ], [ 126.541634, 37.102762 ], [ 126.54114, 37.108984 ] ] ], [ [ [ 126.38957, 37.114964 ], [ 126.381031, 37.113658 ], [ 126.380169, 37.106555 ], [ 126.392326, 37.099104 ], [ 126.394859, 37.112484 ], [ 126.394588, 37.112883 ], [ 126.390748, 37.114894 ], [ 126.38957, 37.114964 ] ] ], [ [ [ 126.62408, 37.176897 ], [ 126.623015, 37.179909 ], [ 126.617189, 37.173503 ], [ 126.619705, 37.159612 ], [ 126.632458, 37.174864 ], [ 126.62408, 37.176897 ] ] ], [ [ [ 126.657807, 37.178208 ], [ 126.65685, 37.179998 ], [ 126.653609, 37.181203 ], [ 126.655468, 37.177961 ], [ 126.657807, 37.178208 ] ] ], [ [ [ 126.541643, 37.203332 ], [ 126.539801, 37.206938 ], [ 126.533911, 37.199111 ], [ 126.536877, 37.198106 ], [ 126.541643, 37.203332 ] ] ], [ [ [ 126.615983, 37.223827 ], [ 126.617958, 37.224794 ], [ 126.616592, 37.22802 ], [ 126.614688, 37.225184 ], [ 126.615983, 37.223827 ] ] ], [ [ [ 126.654489, 37.248601 ], [ 126.650067, 37.250131 ], [ 126.653029, 37.239897 ], [ 126.655159, 37.247795 ], [ 126.654489, 37.248601 ] ] ], [ [ [ 126.661515, 37.285918 ], [ 126.661553, 37.292509 ], [ 126.648395, 37.292863 ], [ 126.632982, 37.289064 ], [ 126.628913, 37.284107 ], [ 126.611754, 37.2783 ], [ 126.588288, 37.290692 ], [ 126.582797, 37.290679 ], [ 126.588562, 37.290369 ], [ 126.611829, 37.277179 ], [ 126.628467, 37.282748 ], [ 126.633649, 37.289055 ], [ 126.648778, 37.29269 ], [ 126.661245, 37.292285 ], [ 126.661904, 37.245271 ], [ 126.661515, 37.285918 ] ] ], [ [ [ 126.621732, 37.31598 ], [ 126.623352, 37.315556 ], [ 126.628955, 37.317274 ], [ 126.628701, 37.31792 ], [ 126.621732, 37.31598 ] ] ], [ [ [ 126.549599, 37.601372 ], [ 126.550147, 37.59877 ], [ 126.548652, 37.60635 ], [ 126.547551, 37.60485 ], [ 126.549599, 37.601372 ] ] ], [ [ [ 126.698372, 37.121667 ], [ 126.698108, 37.119581 ], [ 126.70486, 37.123165 ], [ 126.702059, 37.124143 ], [ 126.698372, 37.121667 ] ] ], [ [ [ 126.676081, 37.275192 ], [ 126.682347, 37.279323 ], [ 126.679504, 37.282529 ], [ 126.667715, 37.275248 ], [ 126.676081, 37.275192 ] ] ], [ [ [ 126.744477, 37.287529 ], [ 126.737402, 37.28833 ], [ 126.735271, 37.284092 ], [ 126.745824, 37.283137 ], [ 126.744477, 37.287529 ] ] ], [ [ [ 126.796536, 37.998888 ], [ 126.790083, 37.998953 ], [ 126.785798, 37.988029 ], [ 126.791246, 37.989502 ], [ 126.791887, 37.991434 ], [ 126.787649, 37.991033 ], [ 126.794426, 37.993266 ], [ 126.790981, 37.994465 ], [ 126.794532, 37.995849 ], [ 126.791578, 37.99778 ], [ 126.793884, 37.99812 ], [ 126.795747, 37.996181 ], [ 126.796536, 37.998888 ] ] ], [ [ [ 126.969962, 38.198422 ], [ 126.966533, 38.198952 ], [ 126.966576, 38.192832 ], [ 126.96244, 38.19225 ], [ 126.966637, 38.183981 ], [ 126.96772, 38.187792 ], [ 126.963338, 38.191743 ], [ 126.969054, 38.190876 ], [ 126.968921, 38.186299 ], [ 126.970935, 38.190185 ], [ 126.972246, 38.186735 ], [ 126.973031, 38.188414 ], [ 126.971666, 38.189951 ], [ 126.975193, 38.189112 ], [ 126.974264, 38.19059 ], [ 126.971337, 38.191218 ], [ 126.977911, 38.192199 ], [ 126.975698, 38.195541 ], [ 126.968075, 38.195793 ], [ 126.969962, 38.198422 ] ] ], [ [ [ 126.981682, 38.208803 ], [ 126.982271, 38.208982 ], [ 126.981652, 38.209109 ], [ 126.981615, 38.208925 ], [ 126.980918, 38.20862 ], [ 126.980192, 38.208031 ], [ 126.979417, 38.205076 ], [ 126.974396, 38.204546 ], [ 126.973617, 38.197528 ], [ 126.977849, 38.194855 ], [ 126.982632, 38.197264 ], [ 126.975484, 38.199436 ], [ 126.98162, 38.200475 ], [ 126.978805, 38.20276 ], [ 126.980611, 38.201732 ], [ 126.980794, 38.208482 ], [ 126.981322, 38.201198 ], [ 126.983319, 38.199283 ], [ 126.983142, 38.203679 ], [ 126.985468, 38.199983 ], [ 126.981682, 38.208803 ] ] ], [ [ [ 127.022306, 38.223972 ], [ 127.024661, 38.220253 ], [ 127.025505, 38.220898 ], [ 127.025224, 38.22283 ], [ 127.029552, 38.222253 ], [ 127.023188, 38.223534 ], [ 127.022306, 38.223972 ] ] ], [ [ [ 127.020614, 38.227953 ], [ 127.022558, 38.229285 ], [ 127.021413, 38.228887 ], [ 127.019243, 38.226867 ], [ 127.025766, 38.226894 ], [ 127.026835, 38.227755 ], [ 127.023411, 38.227082 ], [ 127.020614, 38.227953 ] ] ], [ [ [ 126.978167, 38.233536 ], [ 126.975353, 38.233983 ], [ 126.978928, 38.231619 ], [ 126.984708, 38.231824 ], [ 126.97968, 38.231457 ], [ 126.982226, 38.231284 ], [ 126.980599, 38.228561 ], [ 126.992011, 38.232072 ], [ 126.995071, 38.22883 ], [ 126.9922, 38.232673 ], [ 126.98682, 38.230911 ], [ 126.980463, 38.234739 ], [ 126.978167, 38.233536 ] ] ], [ [ [ 127.028159, 38.236895 ], [ 127.02943, 38.238607 ], [ 127.014943, 38.236392 ], [ 127.019777, 38.233078 ], [ 127.017999, 38.236505 ], [ 127.022456, 38.234032 ], [ 127.022376, 38.236401 ], [ 127.027018, 38.235782 ], [ 127.026802, 38.233601 ], [ 127.027919, 38.233945 ], [ 127.028159, 38.236895 ] ] ], [ [ [ 127.030501, 38.243162 ], [ 127.027421, 38.244324 ], [ 127.025223, 38.242106 ], [ 127.024829, 38.241897 ], [ 127.024217, 38.241689 ], [ 127.02363, 38.241149 ], [ 127.023501, 38.241062 ], [ 127.023237, 38.240974 ], [ 127.031692, 38.241021 ], [ 127.030501, 38.243162 ] ] ], [ [ [ 127.023821, 38.241924 ], [ 127.027402, 38.244347 ], [ 127.025917, 38.245839 ], [ 127.025328, 38.245706 ], [ 127.025322, 38.24483 ], [ 127.025227, 38.244398 ], [ 127.025105, 38.244077 ], [ 127.024423, 38.242738 ], [ 127.023821, 38.241924 ] ] ], [ [ [ 127.024195, 38.244601 ], [ 127.023447, 38.246354 ], [ 127.020397, 38.245833 ], [ 127.023504, 38.241646 ], [ 127.024195, 38.244601 ] ] ], [ [ [ 127.03434, 38.207243 ], [ 127.034719, 38.211969 ], [ 127.03369, 38.207782 ], [ 127.033404, 38.208218 ], [ 127.0334, 38.210888 ], [ 127.033062, 38.209955 ], [ 127.03337, 38.208357 ], [ 127.03327, 38.207845 ], [ 127.03434, 38.207243 ] ] ], [ [ [ 127.0325, 38.212213 ], [ 127.030645, 38.207954 ], [ 127.034844, 38.205875 ], [ 127.033239, 38.207803 ], [ 127.032943, 38.209953 ], [ 127.033174, 38.21066 ], [ 127.033453, 38.210989 ], [ 127.0325, 38.212213 ] ] ], [ [ [ 127.037749, 38.219831 ], [ 127.036752, 38.206142 ], [ 127.039237, 38.208136 ], [ 127.037349, 38.212719 ], [ 127.039703, 38.212273 ], [ 127.037749, 38.219831 ] ] ], [ [ [ 127.032596, 38.218076 ], [ 127.030036, 38.219018 ], [ 127.027085, 38.214075 ], [ 127.030287, 38.215549 ], [ 127.032596, 38.218076 ] ] ], [ [ [ 127.040299, 38.220386 ], [ 127.037016, 38.221311 ], [ 127.043574, 38.214446 ], [ 127.042924, 38.211042 ], [ 127.044138, 38.212201 ], [ 127.043941, 38.214118 ], [ 127.042303, 38.216117 ], [ 127.040299, 38.220386 ] ] ], [ [ [ 127.036607, 38.218453 ], [ 127.036386, 38.221073 ], [ 127.033431, 38.217898 ], [ 127.036266, 38.219474 ], [ 127.037089, 38.214288 ], [ 127.037141, 38.21562 ], [ 127.036607, 38.218453 ] ] ], [ [ [ 127.038111, 38.223622 ], [ 127.035119, 38.223319 ], [ 127.033508, 38.219553 ], [ 127.039334, 38.223382 ], [ 127.038111, 38.223622 ] ] ], [ [ [ 127.034693, 38.228266 ], [ 127.034153, 38.230157 ], [ 127.032487, 38.226315 ], [ 127.029511, 38.22763 ], [ 127.03258, 38.221436 ], [ 127.033087, 38.226426 ], [ 127.032263, 38.22591 ], [ 127.031553, 38.225884 ], [ 127.032271, 38.225934 ], [ 127.032886, 38.226495 ], [ 127.033184, 38.226449 ], [ 127.034693, 38.228266 ] ] ], [ [ [ 127.040271, 38.233399 ], [ 127.038678, 38.233514 ], [ 127.037289, 38.232662 ], [ 127.03476, 38.228248 ], [ 127.038421, 38.226808 ], [ 127.035562, 38.228998 ], [ 127.03839, 38.228864 ], [ 127.038156, 38.233086 ], [ 127.041371, 38.23239 ], [ 127.043519, 38.230595 ], [ 127.040235, 38.226086 ], [ 127.041104, 38.226504 ], [ 127.044204, 38.229364 ], [ 127.043776, 38.230653 ], [ 127.041617, 38.232928 ], [ 127.040271, 38.233399 ] ] ], [ [ [ 127.034177, 38.232873 ], [ 127.032546, 38.234245 ], [ 127.03294, 38.233075 ], [ 127.028718, 38.228374 ], [ 127.03166, 38.229383 ], [ 127.034177, 38.232873 ] ] ], [ [ [ 127.031239, 38.234955 ], [ 127.029056, 38.234526 ], [ 127.031165, 38.23161 ], [ 127.032875, 38.233093 ], [ 127.031239, 38.234955 ] ] ], [ [ [ 127.032118, 38.243591 ], [ 127.031317, 38.245002 ], [ 127.031146, 38.246545 ], [ 127.027659, 38.24445 ], [ 127.028789, 38.244514 ], [ 127.028098, 38.244104 ], [ 127.02975, 38.243761 ], [ 127.031285, 38.242691 ], [ 127.031396, 38.242412 ], [ 127.031433, 38.242815 ], [ 127.031519, 38.242967 ], [ 127.032118, 38.243591 ] ] ], [ [ [ 127.037653, 38.249782 ], [ 127.036987, 38.251619 ], [ 127.03132, 38.246782 ], [ 127.032365, 38.243914 ], [ 127.031452, 38.242181 ], [ 127.037086, 38.242726 ], [ 127.037689, 38.247219 ], [ 127.042139, 38.245719 ], [ 127.037653, 38.249782 ] ] ], [ [ [ 127.040659, 38.251905 ], [ 127.045425, 38.244548 ], [ 127.047343, 38.246813 ], [ 127.045232, 38.251569 ], [ 127.044568, 38.250902 ], [ 127.044405, 38.250884 ], [ 127.041931, 38.251086 ], [ 127.041701, 38.251222 ], [ 127.041295, 38.251712 ], [ 127.040659, 38.251905 ] ] ], [ [ [ 127.042127, 38.252562 ], [ 127.039744, 38.25307 ], [ 127.03852, 38.25189 ], [ 127.045674, 38.252031 ], [ 127.042127, 38.252562 ] ] ], [ [ [ 127.043529, 38.25557 ], [ 127.041335, 38.257339 ], [ 127.037514, 38.253233 ], [ 127.044706, 38.253539 ], [ 127.043529, 38.25557 ] ] ], [ [ [ 127.04596, 38.215708 ], [ 127.042467, 38.21619 ], [ 127.043274, 38.215217 ], [ 127.047514, 38.213828 ], [ 127.049445, 38.213987 ], [ 127.047663, 38.215786 ], [ 127.04596, 38.215708 ] ] ], [ [ [ 127.042697, 38.220852 ], [ 127.040723, 38.219725 ], [ 127.04306, 38.217929 ], [ 127.048056, 38.2188 ], [ 127.044899, 38.220772 ], [ 127.041543, 38.219237 ], [ 127.042697, 38.220852 ] ] ], [ [ [ 127.050653, 38.226455 ], [ 127.047467, 38.226407 ], [ 127.051113, 38.224821 ], [ 127.049758, 38.222315 ], [ 127.051463, 38.224093 ], [ 127.052006, 38.225395 ], [ 127.050653, 38.226455 ] ] ], [ [ [ 127.046931, 38.229174 ], [ 127.04526, 38.229229 ], [ 127.044249, 38.229799 ], [ 127.044709, 38.229026 ], [ 127.047928, 38.228133 ], [ 127.047457, 38.227929 ], [ 127.046902, 38.227969 ], [ 127.044281, 38.229092 ], [ 127.039492, 38.22336 ], [ 127.042332, 38.222226 ], [ 127.041822, 38.225397 ], [ 127.044019, 38.221793 ], [ 127.042656, 38.226359 ], [ 127.045704, 38.228056 ], [ 127.04634, 38.22425 ], [ 127.047358, 38.225282 ], [ 127.047469, 38.225575 ], [ 127.047336, 38.225865 ], [ 127.047487, 38.226602 ], [ 127.048868, 38.227904 ], [ 127.046931, 38.229174 ] ] ], [ [ [ 127.055172, 38.23192 ], [ 127.055853, 38.234408 ], [ 127.050963, 38.228806 ], [ 127.049821, 38.231324 ], [ 127.049919, 38.228833 ], [ 127.045948, 38.229696 ], [ 127.048159, 38.228827 ], [ 127.049589, 38.227528 ], [ 127.055172, 38.23192 ] ] ], [ [ [ 127.045323, 38.231934 ], [ 127.043448, 38.232765 ], [ 127.045249, 38.229431 ], [ 127.044489, 38.231835 ], [ 127.045323, 38.231934 ] ] ], [ [ [ 127.04913, 38.238718 ], [ 127.037946, 38.234867 ], [ 127.04109, 38.233697 ], [ 127.043306, 38.235406 ], [ 127.046937, 38.236366 ], [ 127.047442, 38.23712 ], [ 127.048356, 38.237844 ], [ 127.048745, 38.238544 ], [ 127.04913, 38.238718 ] ] ], [ [ [ 127.05127, 38.238301 ], [ 127.049811, 38.239889 ], [ 127.049186, 38.238684 ], [ 127.047194, 38.236434 ], [ 127.044184, 38.234984 ], [ 127.049286, 38.234691 ], [ 127.047873, 38.236986 ], [ 127.05127, 38.238301 ] ] ], [ [ [ 127.051058, 38.24968 ], [ 127.046876, 38.250486 ], [ 127.049069, 38.243812 ], [ 127.053898, 38.246389 ], [ 127.051058, 38.24968 ] ] ], [ [ [ 127.056355, 38.250385 ], [ 127.052943, 38.250264 ], [ 127.053958, 38.246452 ], [ 127.055056, 38.246731 ], [ 127.057037, 38.248618 ], [ 127.05764, 38.248719 ], [ 127.056355, 38.250385 ] ] ], [ [ [ 127.052786, 38.257846 ], [ 127.051526, 38.250212 ], [ 127.054145, 38.252247 ], [ 127.054004, 38.2526 ], [ 127.053832, 38.253637 ], [ 127.053809, 38.254233 ], [ 127.053865, 38.255058 ], [ 127.053538, 38.255616 ], [ 127.053487, 38.255948 ], [ 127.053282, 38.256487 ], [ 127.053068, 38.257423 ], [ 127.052786, 38.257846 ] ] ], [ [ [ 127.050356, 38.255005 ], [ 127.050873, 38.257183 ], [ 127.045921, 38.252586 ], [ 127.048189, 38.252368 ], [ 127.050356, 38.255005 ] ] ], [ [ [ 127.054203, 38.258457 ], [ 127.052229, 38.2586 ], [ 127.0531, 38.257433 ], [ 127.053894, 38.255079 ], [ 127.054157, 38.252295 ], [ 127.055253, 38.254462 ], [ 127.054203, 38.258457 ] ] ], [ [ [ 127.06161, 38.237466 ], [ 127.059331, 38.238552 ], [ 127.058793, 38.235106 ], [ 127.062047, 38.237104 ], [ 127.06161, 38.237466 ] ] ], [ [ [ 127.061732, 38.255553 ], [ 127.059429, 38.25533 ], [ 127.059278, 38.248921 ], [ 127.056839, 38.248143 ], [ 127.059858, 38.245494 ], [ 127.061847, 38.247472 ], [ 127.059791, 38.254886 ], [ 127.061732, 38.255553 ] ] ], [ [ [ 127.05854, 38.251435 ], [ 127.05899, 38.252527 ], [ 127.055412, 38.251117 ], [ 127.058149, 38.249598 ], [ 127.05854, 38.251435 ] ] ], [ [ [ 127.069053, 38.2592 ], [ 127.071652, 38.261123 ], [ 127.071436, 38.256712 ], [ 127.074818, 38.260929 ], [ 127.072291, 38.252956 ], [ 127.076084, 38.254861 ], [ 127.077234, 38.252746 ], [ 127.072996, 38.250194 ], [ 127.077244, 38.251002 ], [ 127.080498, 38.247438 ], [ 127.070578, 38.245543 ], [ 127.073208, 38.244288 ], [ 127.070283, 38.240537 ], [ 127.073627, 38.240192 ], [ 127.075766, 38.244861 ], [ 127.0756, 38.240296 ], [ 127.080759, 38.246705 ], [ 127.091041, 38.246841 ], [ 127.088389, 38.249932 ], [ 127.08121, 38.248861 ], [ 127.078864, 38.257795 ], [ 127.082979, 38.251887 ], [ 127.086676, 38.254606 ], [ 127.087065, 38.251014 ], [ 127.089739, 38.252558 ], [ 127.093963, 38.24935 ], [ 127.091308, 38.252472 ], [ 127.094338, 38.252257 ], [ 127.089313, 38.254834 ], [ 127.093827, 38.254974 ], [ 127.093712, 38.260088 ], [ 127.093312, 38.260255 ], [ 127.08995, 38.255871 ], [ 127.08513, 38.256832 ], [ 127.091214, 38.259366 ], [ 127.090489, 38.263271 ], [ 127.082968, 38.258798 ], [ 127.083812, 38.261903 ], [ 127.080835, 38.259931 ], [ 127.081564, 38.262697 ], [ 127.076825, 38.264559 ], [ 127.084662, 38.267321 ], [ 127.088679, 38.264219 ], [ 127.089915, 38.267006 ], [ 127.081477, 38.268348 ], [ 127.080878, 38.270868 ], [ 127.080669, 38.268124 ], [ 127.072706, 38.267372 ], [ 127.072063, 38.269564 ], [ 127.070959, 38.266543 ], [ 127.068016, 38.269394 ], [ 127.065432, 38.265187 ], [ 127.06639, 38.264138 ], [ 127.060424, 38.264931 ], [ 127.057793, 38.263958 ], [ 127.057638, 38.263156 ], [ 127.058956, 38.263007 ], [ 127.059959, 38.264724 ], [ 127.060988, 38.26253 ], [ 127.063181, 38.263602 ], [ 127.063337, 38.263178 ], [ 127.065122, 38.264007 ], [ 127.066207, 38.263653 ], [ 127.06493, 38.263716 ], [ 127.064022, 38.263047 ], [ 127.061676, 38.262452 ], [ 127.060949, 38.26247 ], [ 127.060397, 38.263129 ], [ 127.056738, 38.260654 ], [ 127.05775, 38.260641 ], [ 127.059165, 38.261161 ], [ 127.060468, 38.262317 ], [ 127.057854, 38.257813 ], [ 127.061744, 38.255798 ], [ 127.058919, 38.257298 ], [ 127.061099, 38.262263 ], [ 127.065237, 38.253546 ], [ 127.062615, 38.249765 ], [ 127.063102, 38.244142 ], [ 127.068113, 38.245688 ], [ 127.063482, 38.247536 ], [ 127.069324, 38.255663 ], [ 127.064398, 38.26163 ], [ 127.069053, 38.2592 ] ] ], [ [ [ 127.057556, 38.2572 ], [ 127.056806, 38.260298 ], [ 127.056737, 38.253528 ], [ 127.057812, 38.254007 ], [ 127.057556, 38.2572 ] ] ], [ [ [ 127.11073, 38.270975 ], [ 127.101042, 38.274178 ], [ 127.103958, 38.280377 ], [ 127.0951, 38.281285 ], [ 127.074776, 38.277467 ], [ 127.07665, 38.274218 ], [ 127.077793, 38.276944 ], [ 127.080511, 38.275823 ], [ 127.079591, 38.271213 ], [ 127.080699, 38.274362 ], [ 127.08247, 38.271375 ], [ 127.082973, 38.275713 ], [ 127.085801, 38.269861 ], [ 127.0882, 38.272536 ], [ 127.085526, 38.274939 ], [ 127.090952, 38.275803 ], [ 127.091282, 38.278384 ], [ 127.095044, 38.275224 ], [ 127.100727, 38.275935 ], [ 127.099769, 38.273072 ], [ 127.089686, 38.269643 ], [ 127.098196, 38.270016 ], [ 127.09564, 38.261876 ], [ 127.101269, 38.267569 ], [ 127.105441, 38.266312 ], [ 127.099825, 38.259082 ], [ 127.095766, 38.261175 ], [ 127.098045, 38.258333 ], [ 127.095226, 38.252484 ], [ 127.098569, 38.253363 ], [ 127.1006, 38.248965 ], [ 127.098857, 38.245589 ], [ 127.10102, 38.248929 ], [ 127.100115, 38.256943 ], [ 127.10407, 38.253022 ], [ 127.105052, 38.255405 ], [ 127.108048, 38.254525 ], [ 127.104935, 38.25642 ], [ 127.107378, 38.257787 ], [ 127.102859, 38.258732 ], [ 127.104026, 38.261316 ], [ 127.106746, 38.259855 ], [ 127.10821, 38.265016 ], [ 127.103222, 38.270037 ], [ 127.11073, 38.270975 ] ] ] ] } },
{ "type": "Feature", "properties": { "province_code": "42", "name_en": "Gangwon Province", "name_ko": "강원도" }, "geometry": { "type": "MultiPolygon", "coordinates": [ [ [ [ 127.109901, 38.24184 ], [ 127.11357, 38.236818 ], [ 127.123049, 38.232804 ], [ 127.143, 38.236654 ], [ 127.148923, 38.242344 ], [ 127.163294, 38.238481 ], [ 127.159714, 38.219546 ], [ 127.171166, 38.213493 ], [ 127.175135, 38.205484 ], [ 127.1697, 38.197652 ], [ 127.179138, 38.187414 ], [ 127.183341, 38.185897 ], [ 127.189225, 38.188321 ], [ 127.185857, 38.17388 ], [ 127.189233, 38.161156 ], [ 127.222042, 38.137432 ], [ 127.223807, 38.147034 ], [ 127.234578, 38.14706 ], [ 127.239392, 38.156604 ], [ 127.25628, 38.163171 ], [ 127.258825, 38.169537 ], [ 127.26448, 38.171744 ], [ 127.266021, 38.180238 ], [ 127.283572, 38.18285 ], [ 127.288253, 38.17685 ], [ 127.29774, 38.176278 ], [ 127.296192, 38.172482 ], [ 127.288996, 38.169457 ], [ 127.284047, 38.159485 ], [ 127.286405, 38.152639 ], [ 127.275011, 38.137282 ], [ 127.275813, 38.124176 ], [ 127.281421, 38.124937 ], [ 127.286087, 38.114288 ], [ 127.288572, 38.116401 ], [ 127.292546, 38.114146 ], [ 127.304736, 38.115432 ], [ 127.309528, 38.118276 ], [ 127.316273, 38.098638 ], [ 127.32067, 38.094684 ], [ 127.32872, 38.094381 ], [ 127.336958, 38.089769 ], [ 127.339765, 38.101295 ], [ 127.365941, 38.10693 ], [ 127.378614, 38.118429 ], [ 127.384289, 38.114319 ], [ 127.403452, 38.112961 ], [ 127.405524, 38.102954 ], [ 127.413408, 38.102013 ], [ 127.43093, 38.115362 ], [ 127.433502, 38.111019 ], [ 127.440453, 38.108832 ], [ 127.445167, 38.09747 ], [ 127.444584, 38.057261 ], [ 127.446239, 38.051214 ], [ 127.452906, 38.047186 ], [ 127.451873, 38.034605 ], [ 127.461543, 38.012854 ], [ 127.471556, 38.006452 ], [ 127.4974, 38.003714 ], [ 127.503923, 37.997953 ], [ 127.508904, 38.001311 ], [ 127.539877, 38.000568 ], [ 127.547166, 37.978281 ], [ 127.545225, 37.967732 ], [ 127.55984, 37.962883 ], [ 127.584723, 37.961752 ], [ 127.600418, 37.956537 ], [ 127.603736, 37.944491 ], [ 127.612672, 37.940476 ], [ 127.616584, 37.928266 ], [ 127.612138, 37.920924 ], [ 127.617141, 37.906362 ], [ 127.607403, 37.88966 ], [ 127.609095, 37.883518 ], [ 127.605849, 37.876492 ], [ 127.603212, 37.874201 ], [ 127.584621, 37.876294 ], [ 127.574577, 37.87235 ], [ 127.563239, 37.855879 ], [ 127.557453, 37.856278 ], [ 127.550088, 37.851931 ], [ 127.549652, 37.846538 ], [ 127.537031, 37.845019 ], [ 127.525619, 37.832924 ], [ 127.525639, 37.822873 ], [ 127.53494, 37.817711 ], [ 127.537354, 37.810541 ], [ 127.520814, 37.792543 ], [ 127.540924, 37.770875 ], [ 127.54488, 37.760075 ], [ 127.534076, 37.748602 ], [ 127.511215, 37.736434 ], [ 127.507112, 37.731359 ], [ 127.507067, 37.720594 ], [ 127.511862, 37.715682 ], [ 127.527205, 37.726859 ], [ 127.542511, 37.719864 ], [ 127.556602, 37.729227 ], [ 127.559912, 37.728577 ], [ 127.561863, 37.720072 ], [ 127.550639, 37.687042 ], [ 127.549049, 37.668614 ], [ 127.552816, 37.661528 ], [ 127.546219, 37.65786 ], [ 127.543854, 37.65173 ], [ 127.535655, 37.650695 ], [ 127.535682, 37.645018 ], [ 127.54725, 37.637707 ], [ 127.548258, 37.633208 ], [ 127.559461, 37.628486 ], [ 127.564681, 37.633157 ], [ 127.580655, 37.633398 ], [ 127.584861, 37.642303 ], [ 127.598824, 37.646885 ], [ 127.602194, 37.651537 ], [ 127.606606, 37.650814 ], [ 127.612788, 37.645609 ], [ 127.617958, 37.646018 ], [ 127.621571, 37.639566 ], [ 127.626439, 37.643083 ], [ 127.634153, 37.639938 ], [ 127.633709, 37.635964 ], [ 127.639433, 37.632643 ], [ 127.646988, 37.632737 ], [ 127.651532, 37.622939 ], [ 127.663846, 37.623796 ], [ 127.667521, 37.617251 ], [ 127.69619, 37.600794 ], [ 127.700836, 37.596117 ], [ 127.698198, 37.590889 ], [ 127.707895, 37.586353 ], [ 127.723125, 37.590626 ], [ 127.739396, 37.587095 ], [ 127.754106, 37.592065 ], [ 127.766571, 37.582669 ], [ 127.784438, 37.578119 ], [ 127.79408, 37.585255 ], [ 127.804247, 37.579134 ], [ 127.81413, 37.564152 ], [ 127.836363, 37.560408 ], [ 127.848076, 37.552302 ], [ 127.842023, 37.538901 ], [ 127.828272, 37.536639 ], [ 127.809581, 37.537862 ], [ 127.806473, 37.531171 ], [ 127.796344, 37.528582 ], [ 127.796399, 37.523106 ], [ 127.785496, 37.513311 ], [ 127.781119, 37.513061 ], [ 127.771791, 37.505185 ], [ 127.759914, 37.503306 ], [ 127.759791, 37.492482 ], [ 127.774689, 37.491746 ], [ 127.776066, 37.488545 ], [ 127.780188, 37.488651 ], [ 127.782167, 37.48168 ], [ 127.78958, 37.474797 ], [ 127.800484, 37.471251 ], [ 127.796266, 37.463044 ], [ 127.798388, 37.442591 ], [ 127.804006, 37.428849 ], [ 127.794559, 37.424402 ], [ 127.787828, 37.401131 ], [ 127.781683, 37.393042 ], [ 127.784094, 37.388829 ], [ 127.776659, 37.383326 ], [ 127.778936, 37.370771 ], [ 127.762873, 37.369977 ], [ 127.759483, 37.367291 ], [ 127.760758, 37.352635 ], [ 127.757884, 37.346408 ], [ 127.762966, 37.334428 ], [ 127.758394, 37.330847 ], [ 127.768281, 37.309338 ], [ 127.768195, 37.30152 ], [ 127.762144, 37.302241 ], [ 127.749883, 37.297159 ], [ 127.76066, 37.269012 ], [ 127.747916, 37.243571 ], [ 127.748935, 37.218336 ], [ 127.74475, 37.213651 ], [ 127.755528, 37.171441 ], [ 127.765489, 37.159141 ], [ 127.789524, 37.143408 ], [ 127.793357, 37.145742 ], [ 127.801647, 37.144263 ], [ 127.816851, 37.147003 ], [ 127.825202, 37.152244 ], [ 127.847391, 37.152936 ], [ 127.853225, 37.160282 ], [ 127.861299, 37.155348 ], [ 127.861965, 37.161045 ], [ 127.87205, 37.164344 ], [ 127.890567, 37.159209 ], [ 127.898894, 37.149805 ], [ 127.908633, 37.167124 ], [ 127.915045, 37.168882 ], [ 127.923842, 37.163632 ], [ 127.933626, 37.175803 ], [ 127.932597, 37.182373 ], [ 127.936259, 37.188767 ], [ 127.930921, 37.201131 ], [ 127.932473, 37.206989 ], [ 127.921915, 37.225838 ], [ 127.938881, 37.240743 ], [ 127.945191, 37.240562 ], [ 127.952684, 37.247924 ], [ 127.964548, 37.25101 ], [ 127.969738, 37.2557 ], [ 127.986943, 37.257841 ], [ 127.994235, 37.253574 ], [ 128.007965, 37.252122 ], [ 128.018257, 37.245714 ], [ 128.023015, 37.225633 ], [ 128.032127, 37.2238 ], [ 128.038755, 37.216037 ], [ 128.028298, 37.202323 ], [ 128.033907, 37.191409 ], [ 128.041074, 37.188991 ], [ 128.060475, 37.194093 ], [ 128.077543, 37.1937 ], [ 128.108699, 37.205669 ], [ 128.125322, 37.234537 ], [ 128.132897, 37.229796 ], [ 128.140552, 37.229546 ], [ 128.142323, 37.224336 ], [ 128.150861, 37.220738 ], [ 128.154161, 37.215858 ], [ 128.16448, 37.213457 ], [ 128.173069, 37.219065 ], [ 128.172532, 37.224938 ], [ 128.176044, 37.228346 ], [ 128.174099, 37.232605 ], [ 128.19317, 37.245242 ], [ 128.207799, 37.248823 ], [ 128.210242, 37.245793 ], [ 128.214646, 37.246075 ], [ 128.214785, 37.24184 ], [ 128.220313, 37.240298 ], [ 128.229244, 37.227567 ], [ 128.237424, 37.229318 ], [ 128.244305, 37.226542 ], [ 128.250933, 37.229582 ], [ 128.268401, 37.207915 ], [ 128.283947, 37.210181 ], [ 128.288181, 37.215073 ], [ 128.309141, 37.217457 ], [ 128.316586, 37.223391 ], [ 128.333397, 37.215787 ], [ 128.326387, 37.197291 ], [ 128.313392, 37.196776 ], [ 128.314198, 37.189997 ], [ 128.295624, 37.183288 ], [ 128.298073, 37.171659 ], [ 128.289676, 37.170148 ], [ 128.276299, 37.172682 ], [ 128.270385, 37.161771 ], [ 128.264442, 37.160415 ], [ 128.273286, 37.147629 ], [ 128.279932, 37.142463 ], [ 128.292674, 37.139299 ], [ 128.296234, 37.134108 ], [ 128.306361, 37.137526 ], [ 128.311112, 37.145784 ], [ 128.324733, 37.148073 ], [ 128.327466, 37.152936 ], [ 128.330673, 37.150343 ], [ 128.337093, 37.157852 ], [ 128.351514, 37.157413 ], [ 128.359715, 37.150221 ], [ 128.364422, 37.157632 ], [ 128.377079, 37.151668 ], [ 128.384352, 37.158122 ], [ 128.3928, 37.154803 ], [ 128.400874, 37.146876 ], [ 128.403663, 37.139618 ], [ 128.396003, 37.128594 ], [ 128.405752, 37.126988 ], [ 128.418473, 37.119814 ], [ 128.423561, 37.112244 ], [ 128.4247, 37.102464 ], [ 128.430123, 37.103671 ], [ 128.43614, 37.111992 ], [ 128.444801, 37.106266 ], [ 128.450836, 37.11236 ], [ 128.477806, 37.110155 ], [ 128.490997, 37.123818 ], [ 128.496554, 37.125791 ], [ 128.510758, 37.113954 ], [ 128.514466, 37.101352 ], [ 128.521836, 37.103091 ], [ 128.531166, 37.100014 ], [ 128.538131, 37.089627 ], [ 128.549747, 37.086189 ], [ 128.561702, 37.090236 ], [ 128.570907, 37.086217 ], [ 128.574406, 37.081317 ], [ 128.591847, 37.078155 ], [ 128.601623, 37.083057 ], [ 128.601015, 37.078872 ], [ 128.60488, 37.079362 ], [ 128.606405, 37.07667 ], [ 128.622642, 37.087402 ], [ 128.628278, 37.081333 ], [ 128.628213, 37.075156 ], [ 128.652096, 37.06544 ], [ 128.65941, 37.060349 ], [ 128.675651, 37.058848 ], [ 128.683732, 37.051435 ], [ 128.689073, 37.053055 ], [ 128.700404, 37.040828 ], [ 128.709099, 37.039356 ], [ 128.718669, 37.043751 ], [ 128.734618, 37.040228 ], [ 128.753765, 37.027832 ], [ 128.75455, 37.031963 ], [ 128.762545, 37.037857 ], [ 128.76142, 37.044439 ], [ 128.75232, 37.055934 ], [ 128.755261, 37.066218 ], [ 128.75751, 37.070012 ], [ 128.765356, 37.064034 ], [ 128.770082, 37.075234 ], [ 128.777928, 37.078935 ], [ 128.773591, 37.087508 ], [ 128.780282, 37.092343 ], [ 128.785806, 37.087853 ], [ 128.799423, 37.086944 ], [ 128.799966, 37.078975 ], [ 128.808004, 37.075757 ], [ 128.81257, 37.078712 ], [ 128.829384, 37.078459 ], [ 128.831666, 37.067404 ], [ 128.835953, 37.065943 ], [ 128.846875, 37.051607 ], [ 128.863654, 37.048695 ], [ 128.872479, 37.043945 ], [ 128.876842, 37.046078 ], [ 128.878544, 37.053255 ], [ 128.89642, 37.044515 ], [ 128.898074, 37.057604 ], [ 128.910417, 37.066135 ], [ 128.91693, 37.078695 ], [ 128.915063, 37.083713 ], [ 128.923316, 37.092117 ], [ 128.932058, 37.090873 ], [ 128.945663, 37.093778 ], [ 128.953301, 37.081255 ], [ 128.959274, 37.077577 ], [ 128.988614, 37.084374 ], [ 129.020383, 37.076559 ], [ 129.02435, 37.078347 ], [ 129.032408, 37.074923 ], [ 129.036668, 37.076171 ], [ 129.041866, 37.071062 ], [ 129.05132, 37.067829 ], [ 129.054276, 37.069817 ], [ 129.057404, 37.065051 ], [ 129.063976, 37.068135 ], [ 129.07042, 37.088222 ], [ 129.096251, 37.100415 ], [ 129.10778, 37.093497 ], [ 129.122891, 37.091277 ], [ 129.127188, 37.084443 ], [ 129.139472, 37.082273 ], [ 129.15524, 37.070283 ], [ 129.166136, 37.069158 ], [ 129.170398, 37.060356 ], [ 129.183681, 37.048861 ], [ 129.18541, 37.041719 ], [ 129.194752, 37.04063 ], [ 129.205046, 37.044972 ], [ 129.21341, 37.042987 ], [ 129.225314, 37.04456 ], [ 129.238012, 37.038665 ], [ 129.238209, 37.040788 ], [ 129.232667, 37.044219 ], [ 129.23206, 37.054428 ], [ 129.228521, 37.057235 ], [ 129.233075, 37.063882 ], [ 129.225378, 37.07372 ], [ 129.240459, 37.085035 ], [ 129.24903, 37.096151 ], [ 129.265993, 37.102324 ], [ 129.270243, 37.106923 ], [ 129.271238, 37.11638 ], [ 129.276739, 37.118553 ], [ 129.294592, 37.114365 ], [ 129.297776, 37.124432 ], [ 129.318147, 37.132952 ], [ 129.32483, 37.142286 ], [ 129.333241, 37.140707 ], [ 129.339506, 37.14683 ], [ 129.340995, 37.144603 ], [ 129.363397, 37.146001 ], [ 129.358509, 37.157491 ], [ 129.347828, 37.163791 ], [ 129.34727, 37.165872 ], [ 129.358454, 37.166585 ], [ 129.351157, 37.171759 ], [ 129.352167, 37.175305 ], [ 129.344113, 37.17142 ], [ 129.342774, 37.176131 ], [ 129.345884, 37.175438 ], [ 129.3441, 37.176231 ], [ 129.341991, 37.176338 ], [ 129.341192, 37.177183 ], [ 129.339402, 37.193209 ], [ 129.34298, 37.200788 ], [ 129.34529, 37.199837 ], [ 129.347783, 37.210636 ], [ 129.339994, 37.221114 ], [ 129.340876, 37.226013 ], [ 129.342064, 37.229008 ], [ 129.341362, 37.225169 ], [ 129.342492, 37.225099 ], [ 129.34364, 37.225432 ], [ 129.343422, 37.229587 ], [ 129.346097, 37.229418 ], [ 129.345242, 37.224789 ], [ 129.346508, 37.229843 ], [ 129.355659, 37.235354 ], [ 129.349878, 37.238806 ], [ 129.34844, 37.247659 ], [ 129.341405, 37.248984 ], [ 129.340552, 37.254596 ], [ 129.327138, 37.263642 ], [ 129.327836, 37.281299 ], [ 129.319849, 37.28206 ], [ 129.318577, 37.289638 ], [ 129.314622, 37.289461 ], [ 129.317593, 37.286706 ], [ 129.315035, 37.288516 ], [ 129.312974, 37.285495 ], [ 129.309378, 37.291023 ], [ 129.30344, 37.289547 ], [ 129.297663, 37.310683 ], [ 129.286553, 37.309921 ], [ 129.267435, 37.322938 ], [ 129.267553, 37.326082 ], [ 129.271798, 37.326331 ], [ 129.269477, 37.329205 ], [ 129.266052, 37.331383 ], [ 129.2658, 37.343257 ], [ 129.250677, 37.362369 ], [ 129.251827, 37.376312 ], [ 129.254821, 37.378416 ], [ 129.254654, 37.375526 ], [ 129.256764, 37.380128 ], [ 129.2351, 37.387618 ], [ 129.19778, 37.415087 ], [ 129.190058, 37.433707 ], [ 129.192184, 37.433768 ], [ 129.193866, 37.432391 ], [ 129.192239, 37.434073 ], [ 129.189228, 37.4344 ], [ 129.190955, 37.43787 ], [ 129.187235, 37.437508 ], [ 129.188291, 37.438734 ], [ 129.191948, 37.438119 ], [ 129.197248, 37.432277 ], [ 129.186672, 37.456278 ], [ 129.17978, 37.460744 ], [ 129.178906, 37.464755 ], [ 129.172956, 37.465418 ], [ 129.165638, 37.473548 ], [ 129.160692, 37.474794 ], [ 129.158364, 37.478606 ], [ 129.160696, 37.479076 ], [ 129.146974, 37.491756 ], [ 129.139606, 37.491556 ], [ 129.144819, 37.496656 ], [ 129.126786, 37.487609 ], [ 129.124429, 37.490686 ], [ 129.136209, 37.496438 ], [ 129.134273, 37.498599 ], [ 129.137537, 37.500405 ], [ 129.133461, 37.498414 ], [ 129.1312, 37.501423 ], [ 129.1354, 37.504176 ], [ 129.14965, 37.497543 ], [ 129.135447, 37.50439 ], [ 129.121634, 37.520662 ], [ 129.125669, 37.525286 ], [ 129.11374, 37.537097 ], [ 129.116718, 37.540636 ], [ 129.113791, 37.5405 ], [ 129.111823, 37.548838 ], [ 129.117118, 37.551717 ], [ 129.118276, 37.542976 ], [ 129.120019, 37.562396 ], [ 129.122439, 37.560601 ], [ 129.116535, 37.569777 ], [ 129.115683, 37.578441 ], [ 129.111448, 37.581594 ], [ 129.114936, 37.582036 ], [ 129.114015, 37.582531 ], [ 129.112652, 37.582587 ], [ 129.112032, 37.582381 ], [ 129.110385, 37.580827 ], [ 129.072471, 37.605294 ], [ 129.057224, 37.61792 ], [ 129.061524, 37.617503 ], [ 129.059988, 37.622871 ], [ 129.059784, 37.622873 ], [ 129.05979, 37.620295 ], [ 129.053922, 37.621232 ], [ 129.053929, 37.62602 ], [ 129.064349, 37.622885 ], [ 129.057738, 37.626068 ], [ 129.050248, 37.62608 ], [ 129.045637, 37.633735 ], [ 129.043533, 37.642746 ], [ 129.049001, 37.652204 ], [ 129.05235, 37.652531 ], [ 129.050806, 37.647753 ], [ 129.052597, 37.650236 ], [ 129.05261, 37.652887 ], [ 129.056781, 37.658822 ], [ 129.052997, 37.665596 ], [ 129.056074, 37.668565 ], [ 129.05505, 37.675224 ], [ 129.015, 37.705758 ], [ 129.010676, 37.713292 ], [ 128.995249, 37.726223 ], [ 128.989277, 37.740199 ], [ 128.977983, 37.745382 ], [ 128.951355, 37.766899 ], [ 128.950488, 37.772126 ], [ 128.9544, 37.773005 ], [ 128.951327, 37.772964 ], [ 128.94918, 37.771277 ], [ 128.922173, 37.792127 ], [ 128.874642, 37.833617 ], [ 128.877561, 37.834054 ], [ 128.875879, 37.83749 ], [ 128.879274, 37.834304 ], [ 128.878896, 37.836321 ], [ 128.87663, 37.837876 ], [ 128.876753, 37.84045 ], [ 128.847327, 37.862408 ], [ 128.849044, 37.867618 ], [ 128.839139, 37.874002 ], [ 128.829588, 37.885717 ], [ 128.82936, 37.892793 ], [ 128.83245, 37.894725 ], [ 128.834026, 37.886168 ], [ 128.834725, 37.897671 ], [ 128.829345, 37.904798 ], [ 128.83187, 37.903819 ], [ 128.828427, 37.906786 ], [ 128.823371, 37.907531 ], [ 128.792882, 37.929113 ], [ 128.786232, 37.937571 ], [ 128.788543, 37.940033 ], [ 128.785564, 37.943464 ], [ 128.789433, 37.942602 ], [ 128.78859, 37.94494 ], [ 128.776063, 37.949677 ], [ 128.762538, 37.966515 ], [ 128.762557, 37.970976 ], [ 128.765541, 37.971501 ], [ 128.760337, 37.972361 ], [ 128.758587, 37.976417 ], [ 128.763617, 37.980258 ], [ 128.751436, 37.984162 ], [ 128.749208, 37.991602 ], [ 128.743329, 37.991433 ], [ 128.730513, 38.005411 ], [ 128.729223, 38.01169 ], [ 128.732852, 38.010906 ], [ 128.734741, 38.023007 ], [ 128.726293, 38.020542 ], [ 128.693627, 38.044441 ], [ 128.692586, 38.049078 ], [ 128.676159, 38.065439 ], [ 128.676802, 38.074584 ], [ 128.672956, 38.078578 ], [ 128.674856, 38.08093 ], [ 128.680258, 38.078917 ], [ 128.674033, 38.083883 ], [ 128.671438, 38.082815 ], [ 128.665039, 38.090117 ], [ 128.661846, 38.088786 ], [ 128.664717, 38.090408 ], [ 128.642069, 38.106589 ], [ 128.631212, 38.121077 ], [ 128.63387, 38.12336 ], [ 128.623021, 38.130136 ], [ 128.623851, 38.134277 ], [ 128.612717, 38.143392 ], [ 128.607686, 38.151772 ], [ 128.609333, 38.15555 ], [ 128.611846, 38.154357 ], [ 128.607807, 38.17362 ], [ 128.610648, 38.17363 ], [ 128.609194, 38.179227 ], [ 128.614258, 38.181247 ], [ 128.608831, 38.182994 ], [ 128.595597, 38.2001 ], [ 128.600565, 38.20206 ], [ 128.593419, 38.200594 ], [ 128.593496, 38.191553 ], [ 128.581982, 38.19411 ], [ 128.583491, 38.199397 ], [ 128.592209, 38.201436 ], [ 128.59445, 38.21069 ], [ 128.601226, 38.21135 ], [ 128.603262, 38.203499 ], [ 128.602015, 38.21467 ], [ 128.597617, 38.21481 ], [ 128.590156, 38.22143 ], [ 128.592827, 38.222184 ], [ 128.592429, 38.223498 ], [ 128.590663, 38.221792 ], [ 128.5891, 38.224316 ], [ 128.58991, 38.227222 ], [ 128.573759, 38.241484 ], [ 128.568709, 38.252229 ], [ 128.560092, 38.257355 ], [ 128.556167, 38.268178 ], [ 128.558208, 38.271939 ], [ 128.555397, 38.27131 ], [ 128.558807, 38.273606 ], [ 128.553141, 38.275405 ], [ 128.553646, 38.280152 ], [ 128.549315, 38.28275 ], [ 128.546816, 38.291275 ], [ 128.551528, 38.295146 ], [ 128.551184, 38.296229 ], [ 128.54976, 38.296878 ], [ 128.545881, 38.296856 ], [ 128.546629, 38.302451 ], [ 128.550934, 38.303428 ], [ 128.542576, 38.306989 ], [ 128.543754, 38.310977 ], [ 128.531705, 38.316982 ], [ 128.526876, 38.323677 ], [ 128.527966, 38.326801 ], [ 128.530612, 38.325253 ], [ 128.527597, 38.332379 ], [ 128.512671, 38.346258 ], [ 128.511841, 38.35586 ], [ 128.505871, 38.363013 ], [ 128.513965, 38.368099 ], [ 128.511418, 38.372376 ], [ 128.477322, 38.40075 ], [ 128.456691, 38.431568 ], [ 128.453768, 38.438288 ], [ 128.458322, 38.443965 ], [ 128.455045, 38.445214 ], [ 128.461825, 38.448892 ], [ 128.459268, 38.44301 ], [ 128.466968, 38.450087 ], [ 128.450048, 38.466499 ], [ 128.449622, 38.471278 ], [ 128.439207, 38.476817 ], [ 128.440012, 38.4854 ], [ 128.438097, 38.487478 ], [ 128.432625, 38.488288 ], [ 128.42771, 38.500357 ], [ 128.424497, 38.500206 ], [ 128.428964, 38.502417 ], [ 128.429221, 38.500463 ], [ 128.429942, 38.504053 ], [ 128.421258, 38.505886 ], [ 128.41715, 38.519195 ], [ 128.423998, 38.522836 ], [ 128.417895, 38.524177 ], [ 128.416974, 38.529373 ], [ 128.411868, 38.531158 ], [ 128.412343, 38.534979 ], [ 128.404952, 38.542346 ], [ 128.410597, 38.547354 ], [ 128.407409, 38.550706 ], [ 128.411042, 38.551806 ], [ 128.41084, 38.555881 ], [ 128.404538, 38.555365 ], [ 128.40662, 38.559657 ], [ 128.403749, 38.559915 ], [ 128.402514, 38.566251 ], [ 128.398187, 38.565495 ], [ 128.393747, 38.568854 ], [ 128.394473, 38.572862 ], [ 128.386617, 38.576163 ], [ 128.369961, 38.593389 ], [ 128.36998, 38.588292 ], [ 128.360247, 38.587388 ], [ 128.368338, 38.58531 ], [ 128.360808, 38.583529 ], [ 128.359209, 38.585846 ], [ 128.358356, 38.584286 ], [ 128.359907, 38.582041 ], [ 128.356676, 38.581673 ], [ 128.356856, 38.581233 ], [ 128.358314, 38.581179 ], [ 128.359086, 38.580226 ], [ 128.361041, 38.581947 ], [ 128.362359, 38.579338 ], [ 128.363241, 38.580195 ], [ 128.362482, 38.582534 ], [ 128.368201, 38.582029 ], [ 128.370762, 38.585558 ], [ 128.363536, 38.572261 ], [ 128.360147, 38.573977 ], [ 128.353324, 38.568748 ], [ 128.345167, 38.576764 ], [ 128.340899, 38.570919 ], [ 128.348556, 38.558297 ], [ 128.345776, 38.551957 ], [ 128.348364, 38.538977 ], [ 128.34187, 38.535841 ], [ 128.341257, 38.530321 ], [ 128.334641, 38.525709 ], [ 128.340877, 38.505011 ], [ 128.345598, 38.50062 ], [ 128.339592, 38.491711 ], [ 128.339209, 38.478896 ], [ 128.325807, 38.470565 ], [ 128.319295, 38.458614 ], [ 128.312407, 38.462445 ], [ 128.308408, 38.46072 ], [ 128.308088, 38.458294 ], [ 128.306649, 38.459862 ], [ 128.302049, 38.456758 ], [ 128.295604, 38.460817 ], [ 128.30108, 38.456461 ], [ 128.302923, 38.456996 ], [ 128.303925, 38.4577 ], [ 128.305494, 38.457955 ], [ 128.306004, 38.458286 ], [ 128.306706, 38.459727 ], [ 128.308055, 38.458056 ], [ 128.311537, 38.46047 ], [ 128.311576, 38.461934 ], [ 128.31271, 38.462042 ], [ 128.312491, 38.45839 ], [ 128.316409, 38.458352 ], [ 128.313317, 38.451452 ], [ 128.316597, 38.45751 ], [ 128.316492, 38.45897 ], [ 128.315606, 38.459917 ], [ 128.316266, 38.459981 ], [ 128.316897, 38.459691 ], [ 128.3208, 38.449427 ], [ 128.316448, 38.441697 ], [ 128.323795, 38.433285 ], [ 128.306831, 38.419788 ], [ 128.303066, 38.420025 ], [ 128.299017, 38.426503 ], [ 128.284373, 38.426037 ], [ 128.287733, 38.43495 ], [ 128.284117, 38.436804 ], [ 128.270122, 38.430096 ], [ 128.28042, 38.432999 ], [ 128.282081, 38.419496 ], [ 128.272979, 38.41881 ], [ 128.267369, 38.413002 ], [ 128.266528, 38.400297 ], [ 128.270768, 38.395036 ], [ 128.268567, 38.376618 ], [ 128.248524, 38.370778 ], [ 128.23867, 38.376288 ], [ 128.23368, 38.372381 ], [ 128.229172, 38.378966 ], [ 128.214453, 38.369833 ], [ 128.205141, 38.358092 ], [ 128.194209, 38.36154 ], [ 128.197982, 38.333592 ], [ 128.192922, 38.326865 ], [ 128.193824, 38.321954 ], [ 128.181855, 38.322875 ], [ 128.170682, 38.315649 ], [ 128.154901, 38.329329 ], [ 128.151027, 38.3257 ], [ 128.14153, 38.324306 ], [ 128.127855, 38.328481 ], [ 128.122824, 38.326089 ], [ 128.112992, 38.327699 ], [ 128.086036, 38.309464 ], [ 128.082406, 38.299605 ], [ 128.085927, 38.290305 ], [ 128.080582, 38.288348 ], [ 128.015966, 38.289887 ], [ 128.002564, 38.27551 ], [ 127.991757, 38.278748 ], [ 127.985804, 38.273477 ], [ 127.97646, 38.287374 ], [ 127.948742, 38.304408 ], [ 127.894905, 38.312915 ], [ 127.86214, 38.282859 ], [ 127.845737, 38.283591 ], [ 127.837572, 38.287286 ], [ 127.81066, 38.288125 ], [ 127.7818, 38.310787 ], [ 127.761131, 38.317741 ], [ 127.760643, 38.323831 ], [ 127.759531, 38.323205 ], [ 127.758933, 38.319304 ], [ 127.760016, 38.317445 ], [ 127.743158, 38.3134 ], [ 127.694166, 38.309141 ], [ 127.682595, 38.310212 ], [ 127.679805, 38.315394 ], [ 127.687544, 38.316656 ], [ 127.682369, 38.325782 ], [ 127.669712, 38.322922 ], [ 127.666393, 38.319627 ], [ 127.667434, 38.311961 ], [ 127.660112, 38.310429 ], [ 127.666819, 38.312955 ], [ 127.663572, 38.318807 ], [ 127.667599, 38.324051 ], [ 127.634224, 38.325362 ], [ 127.633515, 38.322786 ], [ 127.629757, 38.325511 ], [ 127.619395, 38.324905 ], [ 127.615895, 38.326678 ], [ 127.615441, 38.334069 ], [ 127.609141, 38.336773 ], [ 127.6, 38.336186 ], [ 127.599548, 38.333591 ], [ 127.591333, 38.3369 ], [ 127.591555, 38.334376 ], [ 127.588005, 38.337121 ], [ 127.571289, 38.335587 ], [ 127.574166, 38.334283 ], [ 127.570574, 38.33128 ], [ 127.550703, 38.327512 ], [ 127.514615, 38.303888 ], [ 127.49657, 38.299552 ], [ 127.49809, 38.303151 ], [ 127.495983, 38.300654 ], [ 127.488397, 38.304485 ], [ 127.487697, 38.307173 ], [ 127.492402, 38.307265 ], [ 127.48837, 38.307718 ], [ 127.483444, 38.306202 ], [ 127.481623, 38.306797 ], [ 127.476724, 38.313705 ], [ 127.477561, 38.318896 ], [ 127.476249, 38.318754 ], [ 127.475874, 38.318419 ], [ 127.475742, 38.317885 ], [ 127.47633, 38.315485 ], [ 127.465347, 38.316919 ], [ 127.458219, 38.32665 ], [ 127.451561, 38.32654 ], [ 127.45392, 38.318212 ], [ 127.445791, 38.316731 ], [ 127.445176, 38.31902 ], [ 127.439644, 38.318299 ], [ 127.440028, 38.320923 ], [ 127.435553, 38.319355 ], [ 127.437842, 38.321012 ], [ 127.432061, 38.321605 ], [ 127.427554, 38.326799 ], [ 127.417119, 38.329298 ], [ 127.41345, 38.328336 ], [ 127.416589, 38.326119 ], [ 127.412788, 38.324658 ], [ 127.413764, 38.321918 ], [ 127.40776, 38.333797 ], [ 127.408054, 38.331592 ], [ 127.406061, 38.333834 ], [ 127.403119, 38.331514 ], [ 127.401411, 38.334077 ], [ 127.39596, 38.331631 ], [ 127.39257, 38.33342 ], [ 127.387471, 38.330215 ], [ 127.388513, 38.335156 ], [ 127.383725, 38.334338 ], [ 127.381275, 38.337162 ], [ 127.363564, 38.326728 ], [ 127.363648, 38.324546 ], [ 127.361839, 38.322271 ], [ 127.365945, 38.320876 ], [ 127.366689, 38.318053 ], [ 127.358196, 38.313879 ], [ 127.359461, 38.310541 ], [ 127.356919, 38.306819 ], [ 127.353236, 38.303889 ], [ 127.354491, 38.301459 ], [ 127.324992, 38.308569 ], [ 127.314308, 38.306847 ], [ 127.310587, 38.301906 ], [ 127.299114, 38.301158 ], [ 127.299872, 38.306038 ], [ 127.297316, 38.306303 ], [ 127.303064, 38.307867 ], [ 127.2992, 38.310081 ], [ 127.304393, 38.315108 ], [ 127.297673, 38.313378 ], [ 127.298094, 38.323148 ], [ 127.295888, 38.312118 ], [ 127.29476, 38.315085 ], [ 127.288966, 38.313968 ], [ 127.294543, 38.31189 ], [ 127.290537, 38.309278 ], [ 127.295402, 38.309755 ], [ 127.296095, 38.304113 ], [ 127.289943, 38.297829 ], [ 127.29127, 38.306619 ], [ 127.28562, 38.317873 ], [ 127.287653, 38.325643 ], [ 127.284016, 38.32692 ], [ 127.277019, 38.323221 ], [ 127.278658, 38.327248 ], [ 127.274168, 38.325442 ], [ 127.271872, 38.328017 ], [ 127.261423, 38.316585 ], [ 127.256722, 38.315673 ], [ 127.255832, 38.317016 ], [ 127.259031, 38.322472 ], [ 127.259489, 38.322759 ], [ 127.259941, 38.32293 ], [ 127.260377, 38.323003 ], [ 127.263203, 38.322131 ], [ 127.26382, 38.329151 ], [ 127.253714, 38.324295 ], [ 127.257977, 38.327922 ], [ 127.253998, 38.326761 ], [ 127.252773, 38.330034 ], [ 127.248551, 38.328197 ], [ 127.245036, 38.332461 ], [ 127.242785, 38.329994 ], [ 127.242652, 38.334028 ], [ 127.238525, 38.331756 ], [ 127.238941, 38.334035 ], [ 127.235062, 38.330194 ], [ 127.218899, 38.326249 ], [ 127.21737, 38.319883 ], [ 127.215769, 38.323089 ], [ 127.215645, 38.319457 ], [ 127.211113, 38.320933 ], [ 127.199201, 38.31593 ], [ 127.196464, 38.319524 ], [ 127.195175, 38.319435 ], [ 127.199016, 38.316142 ], [ 127.188627, 38.31449 ], [ 127.186096, 38.311471 ], [ 127.189937, 38.313162 ], [ 127.194269, 38.31104 ], [ 127.194527, 38.303643 ], [ 127.190191, 38.309942 ], [ 127.179812, 38.304616 ], [ 127.179052, 38.309296 ], [ 127.182531, 38.312235 ], [ 127.175495, 38.311515 ], [ 127.176888, 38.307706 ], [ 127.173557, 38.306743 ], [ 127.168313, 38.309923 ], [ 127.170027, 38.3069 ], [ 127.165118, 38.300105 ], [ 127.160215, 38.298491 ], [ 127.167466, 38.291553 ], [ 127.166478, 38.285612 ], [ 127.163624, 38.286754 ], [ 127.157347, 38.28136 ], [ 127.149001, 38.28133 ], [ 127.146405, 38.278829 ], [ 127.144674, 38.281586 ], [ 127.142631, 38.278624 ], [ 127.140197, 38.28031 ], [ 127.141906, 38.287088 ], [ 127.150305, 38.283721 ], [ 127.150895, 38.285824 ], [ 127.152299, 38.282254 ], [ 127.155377, 38.285285 ], [ 127.153171, 38.289666 ], [ 127.15112, 38.286832 ], [ 127.143932, 38.287234 ], [ 127.14954, 38.293349 ], [ 127.1392, 38.28811 ], [ 127.13893, 38.293304 ], [ 127.143963, 38.294629 ], [ 127.139958, 38.295218 ], [ 127.140584, 38.302204 ], [ 127.136486, 38.294046 ], [ 127.129533, 38.299485 ], [ 127.135434, 38.301389 ], [ 127.133374, 38.304317 ], [ 127.137929, 38.304223 ], [ 127.13166, 38.308879 ], [ 127.134005, 38.312898 ], [ 127.138745, 38.313282 ], [ 127.136585, 38.31507 ], [ 127.131955, 38.314152 ], [ 127.12747, 38.298982 ], [ 127.110815, 38.295362 ], [ 127.112774, 38.290852 ], [ 127.11808, 38.290161 ], [ 127.115304, 38.279869 ], [ 127.106777, 38.285395 ], [ 127.096586, 38.285774 ], [ 127.0951, 38.281285 ], [ 127.103958, 38.280377 ], [ 127.101042, 38.274178 ], [ 127.11073, 38.270975 ], [ 127.110062, 38.263876 ], [ 127.114509, 38.266855 ], [ 127.108751, 38.260888 ], [ 127.109901, 38.24184 ] ] ], [ [ [ 127.107248, 38.288772 ], [ 127.10472, 38.28981 ], [ 127.102795, 38.287483 ], [ 127.10537, 38.286845 ], [ 127.107248, 38.288772 ] ] ], [ [ [ 127.15135, 38.305503 ], [ 127.148134, 38.309376 ], [ 127.151015, 38.299677 ], [ 127.157547, 38.298843 ], [ 127.159111, 38.302427 ], [ 127.165424, 38.301929 ], [ 127.16838, 38.307488 ], [ 127.166938, 38.308816 ], [ 127.162513, 38.306173 ], [ 127.161717, 38.308472 ], [ 127.162346, 38.303227 ], [ 127.15135, 38.305503 ] ] ], [ [ [ 127.328882, 38.318637 ], [ 127.323255, 38.322768 ], [ 127.32466, 38.319789 ], [ 127.320684, 38.319735 ], [ 127.32477, 38.318767 ], [ 127.322307, 38.315903 ], [ 127.34155, 38.314499 ], [ 127.349362, 38.309842 ], [ 127.352183, 38.304088 ], [ 127.358217, 38.309479 ], [ 127.354417, 38.313474 ], [ 127.352331, 38.310556 ], [ 127.338251, 38.319244 ], [ 127.336674, 38.315251 ], [ 127.330843, 38.321127 ], [ 127.328882, 38.318637 ] ] ], [ [ [ 127.265316, 38.324746 ], [ 127.264075, 38.326007 ], [ 127.264341, 38.324254 ], [ 127.263613, 38.323224 ], [ 127.26342, 38.322559 ], [ 127.263195, 38.322088 ], [ 127.263119, 38.322028 ], [ 127.258911, 38.322152 ], [ 127.262465, 38.318914 ], [ 127.266154, 38.322713 ], [ 127.265316, 38.324746 ] ] ], [ [ [ 127.350214, 38.327527 ], [ 127.348713, 38.328809 ], [ 127.343881, 38.330376 ], [ 127.343939, 38.330168 ], [ 127.346412, 38.329385 ], [ 127.347241, 38.328676 ], [ 127.348505, 38.328606 ], [ 127.349506, 38.327819 ], [ 127.350171, 38.327491 ], [ 127.360227, 38.325168 ], [ 127.359772, 38.323841 ], [ 127.356998, 38.325486 ], [ 127.36039, 38.321295 ], [ 127.364991, 38.319302 ], [ 127.365147, 38.319752 ], [ 127.36463, 38.320466 ], [ 127.361024, 38.321757 ], [ 127.363255, 38.325552 ], [ 127.361962, 38.324061 ], [ 127.360717, 38.324395 ], [ 127.360515, 38.32502 ], [ 127.360272, 38.325222 ], [ 127.355304, 38.327584 ], [ 127.351708, 38.327964 ], [ 127.351109, 38.32786 ], [ 127.350715, 38.327596 ], [ 127.350214, 38.327527 ] ] ], [ [ [ 127.347929, 38.328527 ], [ 127.344247, 38.328612 ], [ 127.344899, 38.325975 ], [ 127.348908, 38.326922 ], [ 127.347929, 38.328527 ] ] ], [ [ [ 127.692224, 38.311988 ], [ 127.694465, 38.309873 ], [ 127.696163, 38.311246 ], [ 127.693804, 38.312197 ], [ 127.692224, 38.311988 ] ] ], [ [ [ 127.487793, 38.322668 ], [ 127.490147, 38.323976 ], [ 127.484144, 38.32918 ], [ 127.482836, 38.325282 ], [ 127.489437, 38.324228 ], [ 127.487793, 38.322668 ] ] ], [ [ [ 127.70307, 38.335855 ], [ 127.696814, 38.334165 ], [ 127.69142, 38.325443 ], [ 127.685213, 38.324555 ], [ 127.688661, 38.314792 ], [ 127.696573, 38.319885 ], [ 127.695727, 38.327537 ], [ 127.698152, 38.32592 ], [ 127.70167, 38.33139 ], [ 127.702793, 38.329275 ], [ 127.698921, 38.326461 ], [ 127.707314, 38.32988 ], [ 127.705197, 38.331814 ], [ 127.705811, 38.334913 ], [ 127.70307, 38.335855 ] ] ], [ [ [ 127.710292, 38.334141 ], [ 127.706073, 38.334714 ], [ 127.705502, 38.331897 ], [ 127.715794, 38.325945 ], [ 127.708983, 38.332351 ], [ 127.710292, 38.334141 ] ] ], [ [ [ 127.713812, 38.330488 ], [ 127.711203, 38.334003 ], [ 127.711197, 38.332066 ], [ 127.714219, 38.329169 ], [ 127.713812, 38.330488 ] ] ], [ [ [ 127.722635, 38.322611 ], [ 127.717752, 38.323306 ], [ 127.723762, 38.321122 ], [ 127.725591, 38.313489 ], [ 127.727924, 38.314499 ], [ 127.725041, 38.323095 ], [ 127.722635, 38.322611 ] ] ], [ [ [ 127.744767, 38.341677 ], [ 127.737243, 38.339515 ], [ 127.732846, 38.342426 ], [ 127.735142, 38.339899 ], [ 127.732623, 38.33746 ], [ 127.718631, 38.329679 ], [ 127.740338, 38.331614 ], [ 127.737106, 38.33397 ], [ 127.730342, 38.334256 ], [ 127.737053, 38.336432 ], [ 127.73915, 38.333888 ], [ 127.737967, 38.337281 ], [ 127.74099, 38.336102 ], [ 127.743252, 38.339783 ], [ 127.744454, 38.339315 ], [ 127.747121, 38.335404 ], [ 127.744678, 38.341116 ], [ 127.742681, 38.340267 ], [ 127.744767, 38.341677 ] ] ], [ [ [ 127.809887, 38.313668 ], [ 127.803683, 38.312089 ], [ 127.808016, 38.306871 ], [ 127.800064, 38.301524 ], [ 127.805427, 38.303515 ], [ 127.806143, 38.304906 ], [ 127.810087, 38.303501 ], [ 127.815311, 38.3097 ], [ 127.813343, 38.306826 ], [ 127.815833, 38.309059 ], [ 127.816513, 38.303633 ], [ 127.820875, 38.303493 ], [ 127.814439, 38.291752 ], [ 127.819674, 38.295244 ], [ 127.820436, 38.297638 ], [ 127.820981, 38.303105 ], [ 127.82092, 38.304389 ], [ 127.814824, 38.310672 ], [ 127.809887, 38.313668 ] ] ], [ [ [ 127.804839, 38.3162 ], [ 127.789238, 38.311019 ], [ 127.788747, 38.30662 ], [ 127.793177, 38.306557 ], [ 127.798042, 38.313554 ], [ 127.804839, 38.3162 ] ] ], [ [ [ 128.04419, 38.335323 ], [ 128.04402, 38.337306 ], [ 128.04165, 38.330428 ], [ 128.042744, 38.327856 ], [ 128.038294, 38.325558 ], [ 128.0391, 38.311618 ], [ 128.030734, 38.311583 ], [ 128.033636, 38.315949 ], [ 128.031463, 38.319226 ], [ 128.035586, 38.32021 ], [ 128.032484, 38.320182 ], [ 128.030305, 38.319048 ], [ 128.02995, 38.321782 ], [ 128.027935, 38.318112 ], [ 128.030433, 38.314034 ], [ 128.028317, 38.312312 ], [ 128.028537, 38.311401 ], [ 128.037189, 38.309139 ], [ 128.035848, 38.303113 ], [ 128.039657, 38.298616 ], [ 128.047268, 38.297251 ], [ 128.061381, 38.303527 ], [ 128.044219, 38.299303 ], [ 128.044655, 38.310691 ], [ 128.039532, 38.311301 ], [ 128.040675, 38.3133 ], [ 128.039885, 38.315309 ], [ 128.045211, 38.316936 ], [ 128.040269, 38.317125 ], [ 128.040855, 38.323251 ], [ 128.051323, 38.325575 ], [ 128.041124, 38.323403 ], [ 128.045875, 38.327976 ], [ 128.043338, 38.327937 ], [ 128.044192, 38.329592 ], [ 128.04318, 38.333082 ], [ 128.046603, 38.334027 ], [ 128.04419, 38.335323 ] ] ], [ [ [ 127.761623, 38.332067 ], [ 127.761354, 38.333403 ], [ 127.760793, 38.324998 ], [ 127.764573, 38.330373 ], [ 127.761623, 38.332067 ] ] ], [ [ [ 127.766124, 38.335551 ], [ 127.762759, 38.337741 ], [ 127.759419, 38.334207 ], [ 127.761568, 38.334439 ], [ 127.762865, 38.337496 ], [ 127.764278, 38.33615 ], [ 127.766124, 38.335551 ] ] ], [ [ [ 127.771582, 38.337508 ], [ 127.772178, 38.335553 ], [ 127.775469, 38.337276 ], [ 127.774691, 38.340516 ], [ 127.772218, 38.339968 ], [ 127.771582, 38.337508 ] ] ], [ [ [ 127.78449, 38.346811 ], [ 127.780003, 38.34725 ], [ 127.777356, 38.343904 ], [ 127.783354, 38.343418 ], [ 127.784825, 38.339383 ], [ 127.785928, 38.343436 ], [ 127.78449, 38.346811 ] ] ], [ [ [ 128.306903, 38.478071 ], [ 128.301888, 38.47586 ], [ 128.298865, 38.471066 ], [ 128.301336, 38.471843 ], [ 128.306903, 38.478071 ] ] ], [ [ [ 128.303814, 38.487355 ], [ 128.301616, 38.488851 ], [ 128.305875, 38.492863 ], [ 128.305748, 38.498524 ], [ 128.305215, 38.498073 ], [ 128.303688, 38.494803 ], [ 128.301935, 38.492533 ], [ 128.301247, 38.49068 ], [ 128.301396, 38.486198 ], [ 128.303281, 38.486347 ], [ 128.303814, 38.487355 ] ] ], [ [ [ 128.309605, 38.498595 ], [ 128.306812, 38.498467 ], [ 128.308303, 38.496099 ], [ 128.312605, 38.496728 ], [ 128.310819, 38.498391 ], [ 128.309605, 38.498595 ] ] ], [ [ [ 128.315086, 38.559643 ], [ 128.316728, 38.560955 ], [ 128.315503, 38.560433 ], [ 128.312207, 38.560368 ], [ 128.312514, 38.555307 ], [ 128.315038, 38.555799 ], [ 128.315086, 38.559643 ] ] ], [ [ [ 128.337156, 38.56271 ], [ 128.339404, 38.555492 ], [ 128.339941, 38.557335 ], [ 128.345, 38.555487 ], [ 128.346213, 38.557585 ], [ 128.340927, 38.557122 ], [ 128.337156, 38.56271 ] ] ], [ [ [ 128.324205, 38.573759 ], [ 128.312122, 38.570085 ], [ 128.311806, 38.56098 ], [ 128.31981, 38.563013 ], [ 128.314998, 38.565647 ], [ 128.321173, 38.566976 ], [ 128.31918, 38.570388 ], [ 128.324205, 38.573759 ] ] ], [ [ [ 128.321913, 38.585481 ], [ 128.313258, 38.579693 ], [ 128.314605, 38.579394 ], [ 128.321687, 38.584265 ], [ 128.321913, 38.585481 ] ] ], [ [ [ 128.311372, 38.587858 ], [ 128.314434, 38.584756 ], [ 128.313075, 38.583611 ], [ 128.312316, 38.580896 ], [ 128.319681, 38.585952 ], [ 128.318444, 38.586954 ], [ 128.314142, 38.584333 ], [ 128.318522, 38.587676 ], [ 128.313602, 38.588003 ], [ 128.318053, 38.589023 ], [ 128.313189, 38.588167 ], [ 128.310834, 38.589573 ], [ 128.315927, 38.590335 ], [ 128.309821, 38.590957 ], [ 128.312614, 38.592462 ], [ 128.317157, 38.590547 ], [ 128.315744, 38.593051 ], [ 128.319682, 38.595868 ], [ 128.309716, 38.593947 ], [ 128.309066, 38.586515 ], [ 128.309672, 38.586585 ], [ 128.310612, 38.586927 ], [ 128.311372, 38.587858 ] ] ], [ [ [ 128.342028, 38.604462 ], [ 128.340882, 38.606292 ], [ 128.339585, 38.601719 ], [ 128.340606, 38.601397 ], [ 128.342672, 38.60171 ], [ 128.342028, 38.604462 ] ] ], [ [ [ 128.350636, 38.593716 ], [ 128.349424, 38.591988 ], [ 128.353728, 38.591214 ], [ 128.349195, 38.589616 ], [ 128.355563, 38.589823 ], [ 128.347114, 38.585164 ], [ 128.356113, 38.587963 ], [ 128.358501, 38.586377 ], [ 128.356623, 38.588095 ], [ 128.359902, 38.591145 ], [ 128.350636, 38.593716 ] ] ], [ [ [ 128.356317, 38.606862 ], [ 128.356715, 38.608009 ], [ 128.350655, 38.604573 ], [ 128.354344, 38.604646 ], [ 128.356317, 38.606862 ] ] ], [ [ [ 128.350617, 38.611084 ], [ 128.349055, 38.608987 ], [ 128.355592, 38.610894 ], [ 128.354671, 38.611256 ], [ 128.353176, 38.610582 ], [ 128.352145, 38.610463 ], [ 128.351282, 38.610523 ], [ 128.350617, 38.611084 ] ] ], [ [ [ 128.357821, 38.612367 ], [ 128.356312, 38.613687 ], [ 128.351243, 38.61061 ], [ 128.354692, 38.611324 ], [ 128.35745, 38.611002 ], [ 128.357794, 38.612237 ], [ 128.357373, 38.612274 ], [ 128.357061, 38.611729 ], [ 128.356135, 38.611528 ], [ 128.355168, 38.611807 ], [ 128.357016, 38.611827 ], [ 128.357308, 38.612273 ], [ 128.357821, 38.612367 ] ] ], [ [ [ 128.599768, 38.206143 ], [ 128.59608, 38.206872 ], [ 128.593256, 38.201518 ], [ 128.596051, 38.206451 ], [ 128.599768, 38.206143 ] ] ], [ [ [ 128.532708, 38.336847 ], [ 128.532354, 38.335488 ], [ 128.536033, 38.334352 ], [ 128.536467, 38.335205 ], [ 128.532708, 38.336847 ] ] ], [ [ [ 128.358505, 38.595764 ], [ 128.363289, 38.591473 ], [ 128.36537, 38.593346 ], [ 128.361147, 38.595958 ], [ 128.358505, 38.595764 ] ] ], [ [ [ 128.363635, 38.60364 ], [ 128.355656, 38.60321 ], [ 128.355191, 38.59728 ], [ 128.355502, 38.597238 ], [ 128.357274, 38.598713 ], [ 128.358526, 38.601852 ], [ 128.359276, 38.598229 ], [ 128.363875, 38.600654 ], [ 128.367275, 38.59755 ], [ 128.363635, 38.60364 ] ] ] ] } },
{ "type": "Feature", "properties": { "province_code": "43", "name_en": "North Chungcheong Province", "name_ko": "충청북도" }, "geometry": { "type": "Polygon", "coordinates": [ [ [ 127.396121, 36.491722 ], [ 127.404174, 36.480982 ], [ 127.402422, 36.47309 ], [ 127.398325, 36.471207 ], [ 127.400826, 36.454895 ], [ 127.43677, 36.456401 ], [ 127.433953, 36.455778 ], [ 127.451331, 36.449253 ], [ 127.462559, 36.456127 ], [ 127.463781, 36.464514 ], [ 127.470287, 36.473664 ], [ 127.484033, 36.476617 ], [ 127.478279, 36.457281 ], [ 127.486902, 36.452784 ], [ 127.500591, 36.456203 ], [ 127.504456, 36.451897 ], [ 127.489722, 36.434125 ], [ 127.501555, 36.408654 ], [ 127.510466, 36.409639 ], [ 127.51451, 36.422474 ], [ 127.519931, 36.419818 ], [ 127.524319, 36.423432 ], [ 127.529381, 36.41922 ], [ 127.542281, 36.419279 ], [ 127.545574, 36.408819 ], [ 127.559679, 36.398219 ], [ 127.554024, 36.394871 ], [ 127.539221, 36.3979 ], [ 127.524935, 36.387507 ], [ 127.526578, 36.370068 ], [ 127.522396, 36.354325 ], [ 127.517625, 36.348147 ], [ 127.507438, 36.346295 ], [ 127.508071, 36.343241 ], [ 127.500559, 36.339294 ], [ 127.50296, 36.325616 ], [ 127.495976, 36.319882 ], [ 127.497685, 36.315676 ], [ 127.494098, 36.312103 ], [ 127.498977, 36.305673 ], [ 127.491177, 36.297023 ], [ 127.498987, 36.283084 ], [ 127.488753, 36.272711 ], [ 127.490255, 36.26837 ], [ 127.486048, 36.261248 ], [ 127.489984, 36.257335 ], [ 127.487608, 36.251439 ], [ 127.492577, 36.237954 ], [ 127.51813, 36.240641 ], [ 127.526949, 36.248336 ], [ 127.536243, 36.251231 ], [ 127.537918, 36.242778 ], [ 127.549861, 36.238424 ], [ 127.545331, 36.225514 ], [ 127.563809, 36.227524 ], [ 127.57024, 36.233523 ], [ 127.579549, 36.232796 ], [ 127.597779, 36.2175 ], [ 127.59928, 36.202643 ], [ 127.592458, 36.195197 ], [ 127.59772, 36.184868 ], [ 127.593061, 36.177377 ], [ 127.601478, 36.169046 ], [ 127.601665, 36.160024 ], [ 127.593413, 36.150519 ], [ 127.589437, 36.134455 ], [ 127.605986, 36.116789 ], [ 127.610086, 36.118607 ], [ 127.613076, 36.111807 ], [ 127.619096, 36.108885 ], [ 127.617275, 36.093578 ], [ 127.632147, 36.082365 ], [ 127.63817, 36.068258 ], [ 127.64455, 36.066814 ], [ 127.64905, 36.057993 ], [ 127.65444, 36.056618 ], [ 127.660898, 36.038194 ], [ 127.672736, 36.04163 ], [ 127.669168, 36.051154 ], [ 127.689015, 36.062672 ], [ 127.690736, 36.058035 ], [ 127.695094, 36.058728 ], [ 127.695019, 36.045908 ], [ 127.701926, 36.035271 ], [ 127.713392, 36.035726 ], [ 127.727531, 36.029704 ], [ 127.734835, 36.032319 ], [ 127.741485, 36.024801 ], [ 127.747305, 36.029701 ], [ 127.753858, 36.024056 ], [ 127.761605, 36.025179 ], [ 127.759284, 36.015212 ], [ 127.764268, 36.01243 ], [ 127.781534, 36.016509 ], [ 127.787619, 36.014504 ], [ 127.799441, 36.026066 ], [ 127.818504, 36.02813 ], [ 127.830396, 36.035229 ], [ 127.848574, 36.039729 ], [ 127.852808, 36.039106 ], [ 127.866147, 36.024291 ], [ 127.876774, 36.022512 ], [ 127.883459, 36.028062 ], [ 127.884837, 36.035889 ], [ 127.902694, 36.039104 ], [ 127.905302, 36.045958 ], [ 127.91634, 36.054465 ], [ 127.930178, 36.049439 ], [ 127.936295, 36.051079 ], [ 127.960875, 36.070339 ], [ 127.961694, 36.082979 ], [ 127.958472, 36.090142 ], [ 127.968687, 36.103129 ], [ 127.965201, 36.112829 ], [ 127.966796, 36.118061 ], [ 127.987784, 36.128818 ], [ 127.987482, 36.147384 ], [ 127.997197, 36.155467 ], [ 127.990481, 36.158876 ], [ 127.990181, 36.165667 ], [ 127.982598, 36.170559 ], [ 127.984134, 36.17817 ], [ 127.975332, 36.187711 ], [ 127.976263, 36.192053 ], [ 127.982716, 36.196304 ], [ 127.978016, 36.198111 ], [ 127.984868, 36.201354 ], [ 127.993039, 36.200033 ], [ 127.998454, 36.207301 ], [ 128.009748, 36.209362 ], [ 128.024048, 36.206649 ], [ 128.038634, 36.194158 ], [ 128.058146, 36.201245 ], [ 128.050791, 36.205996 ], [ 128.050091, 36.216463 ], [ 128.04138, 36.218475 ], [ 128.039339, 36.228677 ], [ 128.029902, 36.240013 ], [ 128.035655, 36.243467 ], [ 128.040262, 36.252025 ], [ 128.045727, 36.252119 ], [ 128.047352, 36.256551 ], [ 128.031814, 36.261692 ], [ 128.026225, 36.267896 ], [ 128.019034, 36.267294 ], [ 128.009071, 36.272008 ], [ 128.000478, 36.266438 ], [ 127.994408, 36.267441 ], [ 127.990528, 36.263378 ], [ 127.981146, 36.263709 ], [ 127.976719, 36.259287 ], [ 127.978324, 36.254588 ], [ 127.970562, 36.250401 ], [ 127.960167, 36.252371 ], [ 127.954608, 36.257215 ], [ 127.949251, 36.256647 ], [ 127.947359, 36.267237 ], [ 127.937931, 36.26906 ], [ 127.930907, 36.278013 ], [ 127.908109, 36.28551 ], [ 127.904287, 36.301454 ], [ 127.889915, 36.289235 ], [ 127.882636, 36.27375 ], [ 127.860873, 36.277081 ], [ 127.850991, 36.274462 ], [ 127.84565, 36.293689 ], [ 127.846862, 36.300763 ], [ 127.841478, 36.310002 ], [ 127.850705, 36.320812 ], [ 127.852822, 36.331956 ], [ 127.865764, 36.335578 ], [ 127.870149, 36.343487 ], [ 127.882607, 36.345915 ], [ 127.891271, 36.359688 ], [ 127.883671, 36.370638 ], [ 127.879808, 36.371384 ], [ 127.884167, 36.380013 ], [ 127.875722, 36.390593 ], [ 127.862905, 36.392968 ], [ 127.866312, 36.394758 ], [ 127.863866, 36.403043 ], [ 127.873317, 36.406109 ], [ 127.88271, 36.422174 ], [ 127.882724, 36.424352 ], [ 127.872994, 36.424282 ], [ 127.875472, 36.42967 ], [ 127.871393, 36.441572 ], [ 127.881961, 36.461839 ], [ 127.878367, 36.467076 ], [ 127.882382, 36.475872 ], [ 127.880619, 36.480627 ], [ 127.875278, 36.483165 ], [ 127.876095, 36.488368 ], [ 127.880364, 36.489966 ], [ 127.880466, 36.493271 ], [ 127.888715, 36.493137 ], [ 127.900819, 36.500016 ], [ 127.906336, 36.506944 ], [ 127.901072, 36.519456 ], [ 127.902463, 36.52807 ], [ 127.875964, 36.536723 ], [ 127.870476, 36.542825 ], [ 127.872989, 36.551328 ], [ 127.870322, 36.559154 ], [ 127.860423, 36.567951 ], [ 127.852363, 36.571153 ], [ 127.837073, 36.570101 ], [ 127.83016, 36.574275 ], [ 127.824471, 36.570907 ], [ 127.816203, 36.578081 ], [ 127.804897, 36.581387 ], [ 127.798476, 36.586442 ], [ 127.796152, 36.595264 ], [ 127.798467, 36.602077 ], [ 127.81857, 36.608302 ], [ 127.820998, 36.613307 ], [ 127.827525, 36.610767 ], [ 127.832287, 36.612758 ], [ 127.840697, 36.608295 ], [ 127.849799, 36.613121 ], [ 127.858304, 36.613533 ], [ 127.849811, 36.61958 ], [ 127.847843, 36.624936 ], [ 127.850562, 36.631255 ], [ 127.846753, 36.633989 ], [ 127.86129, 36.635565 ], [ 127.873936, 36.655045 ], [ 127.879658, 36.656767 ], [ 127.881994, 36.64642 ], [ 127.888706, 36.639645 ], [ 127.889102, 36.628852 ], [ 127.908592, 36.625927 ], [ 127.919962, 36.601118 ], [ 127.926199, 36.602973 ], [ 127.924089, 36.61545 ], [ 127.932377, 36.618743 ], [ 127.931386, 36.624585 ], [ 127.935957, 36.633002 ], [ 127.934312, 36.641086 ], [ 127.939209, 36.647061 ], [ 127.939082, 36.652748 ], [ 127.931637, 36.655399 ], [ 127.929572, 36.668765 ], [ 127.917709, 36.667854 ], [ 127.912969, 36.677671 ], [ 127.900367, 36.682205 ], [ 127.89145, 36.682431 ], [ 127.887622, 36.678631 ], [ 127.874293, 36.681961 ], [ 127.881977, 36.683446 ], [ 127.880914, 36.687317 ], [ 127.89418, 36.692157 ], [ 127.894192, 36.694915 ], [ 127.928919, 36.690839 ], [ 127.933569, 36.706487 ], [ 127.949528, 36.70805 ], [ 127.949184, 36.719876 ], [ 127.953606, 36.722677 ], [ 127.958455, 36.736845 ], [ 127.970722, 36.730905 ], [ 127.97767, 36.722187 ], [ 127.986848, 36.717549 ], [ 128.001939, 36.717257 ], [ 128.009362, 36.728374 ], [ 128.014842, 36.730191 ], [ 128.02093, 36.721925 ], [ 128.03191, 36.718779 ], [ 128.049029, 36.708007 ], [ 128.070384, 36.707705 ], [ 128.072724, 36.711886 ], [ 128.067988, 36.722234 ], [ 128.032325, 36.747576 ], [ 128.032367, 36.75517 ], [ 128.044805, 36.771051 ], [ 128.045565, 36.782441 ], [ 128.054978, 36.792663 ], [ 128.053975, 36.805204 ], [ 128.05795, 36.807013 ], [ 128.059637, 36.816773 ], [ 128.06736, 36.816767 ], [ 128.074428, 36.812815 ], [ 128.085373, 36.804204 ], [ 128.083833, 36.799299 ], [ 128.090068, 36.796638 ], [ 128.093496, 36.796777 ], [ 128.094139, 36.803624 ], [ 128.107081, 36.807309 ], [ 128.109878, 36.82147 ], [ 128.129879, 36.825149 ], [ 128.134639, 36.832936 ], [ 128.141781, 36.833337 ], [ 128.153125, 36.822435 ], [ 128.171319, 36.822101 ], [ 128.1848, 36.816633 ], [ 128.21537, 36.812002 ], [ 128.217316, 36.819374 ], [ 128.211252, 36.846901 ], [ 128.212544, 36.849729 ], [ 128.237023, 36.845346 ], [ 128.238714, 36.850183 ], [ 128.234402, 36.854679 ], [ 128.234656, 36.862831 ], [ 128.239496, 36.865103 ], [ 128.241841, 36.872329 ], [ 128.282434, 36.856399 ], [ 128.286556, 36.845034 ], [ 128.295624, 36.835341 ], [ 128.310708, 36.828473 ], [ 128.31645, 36.816662 ], [ 128.33446, 36.816961 ], [ 128.353181, 36.81245 ], [ 128.364084, 36.802216 ], [ 128.368399, 36.802076 ], [ 128.381264, 36.813881 ], [ 128.421143, 36.811807 ], [ 128.432047, 36.824066 ], [ 128.434113, 36.834144 ], [ 128.441505, 36.837603 ], [ 128.449031, 36.847842 ], [ 128.447998, 36.864388 ], [ 128.438428, 36.873271 ], [ 128.42397, 36.876528 ], [ 128.428158, 36.884768 ], [ 128.426786, 36.889245 ], [ 128.440281, 36.90125 ], [ 128.44475, 36.913693 ], [ 128.441594, 36.927349 ], [ 128.460396, 36.934005 ], [ 128.462782, 36.947384 ], [ 128.46717, 36.95145 ], [ 128.476422, 36.957257 ], [ 128.484896, 36.957471 ], [ 128.486421, 36.962184 ], [ 128.506728, 36.970082 ], [ 128.506418, 36.973193 ], [ 128.514614, 36.977581 ], [ 128.515475, 36.986823 ], [ 128.543027, 36.992092 ], [ 128.554731, 36.998286 ], [ 128.55594, 37.005703 ], [ 128.562922, 37.007894 ], [ 128.571273, 37.015933 ], [ 128.572608, 37.021967 ], [ 128.565414, 37.030718 ], [ 128.569291, 37.034885 ], [ 128.577734, 37.035567 ], [ 128.583526, 37.043734 ], [ 128.606788, 37.043396 ], [ 128.608437, 37.052814 ], [ 128.621714, 37.049075 ], [ 128.622832, 37.045337 ], [ 128.632925, 37.040502 ], [ 128.636742, 37.052431 ], [ 128.652096, 37.06544 ], [ 128.628213, 37.075156 ], [ 128.628278, 37.081333 ], [ 128.622642, 37.087402 ], [ 128.606405, 37.07667 ], [ 128.60488, 37.079362 ], [ 128.601015, 37.078872 ], [ 128.601623, 37.083057 ], [ 128.591847, 37.078155 ], [ 128.574406, 37.081317 ], [ 128.570907, 37.086217 ], [ 128.561702, 37.090236 ], [ 128.549747, 37.086189 ], [ 128.538131, 37.089627 ], [ 128.531166, 37.100014 ], [ 128.521836, 37.103091 ], [ 128.514466, 37.101352 ], [ 128.510758, 37.113954 ], [ 128.496554, 37.125791 ], [ 128.490997, 37.123818 ], [ 128.477806, 37.110155 ], [ 128.450836, 37.11236 ], [ 128.444801, 37.106266 ], [ 128.43614, 37.111992 ], [ 128.430123, 37.103671 ], [ 128.4247, 37.102464 ], [ 128.423561, 37.112244 ], [ 128.418473, 37.119814 ], [ 128.405752, 37.126988 ], [ 128.396003, 37.128594 ], [ 128.403663, 37.139618 ], [ 128.400874, 37.146876 ], [ 128.3928, 37.154803 ], [ 128.384352, 37.158122 ], [ 128.377079, 37.151668 ], [ 128.364422, 37.157632 ], [ 128.359715, 37.150221 ], [ 128.351514, 37.157413 ], [ 128.337093, 37.157852 ], [ 128.330673, 37.150343 ], [ 128.327466, 37.152936 ], [ 128.324733, 37.148073 ], [ 128.311112, 37.145784 ], [ 128.306361, 37.137526 ], [ 128.296234, 37.134108 ], [ 128.292674, 37.139299 ], [ 128.279932, 37.142463 ], [ 128.273286, 37.147629 ], [ 128.264442, 37.160415 ], [ 128.270385, 37.161771 ], [ 128.276299, 37.172682 ], [ 128.289676, 37.170148 ], [ 128.298073, 37.171659 ], [ 128.295624, 37.183288 ], [ 128.314198, 37.189997 ], [ 128.313392, 37.196776 ], [ 128.326387, 37.197291 ], [ 128.333397, 37.215787 ], [ 128.316586, 37.223391 ], [ 128.309141, 37.217457 ], [ 128.288181, 37.215073 ], [ 128.283947, 37.210181 ], [ 128.268401, 37.207915 ], [ 128.250933, 37.229582 ], [ 128.244305, 37.226542 ], [ 128.237424, 37.229318 ], [ 128.229244, 37.227567 ], [ 128.220313, 37.240298 ], [ 128.214785, 37.24184 ], [ 128.214646, 37.246075 ], [ 128.210242, 37.245793 ], [ 128.207799, 37.248823 ], [ 128.19317, 37.245242 ], [ 128.174099, 37.232605 ], [ 128.176044, 37.228346 ], [ 128.172532, 37.224938 ], [ 128.173069, 37.219065 ], [ 128.16448, 37.213457 ], [ 128.154161, 37.215858 ], [ 128.150861, 37.220738 ], [ 128.142323, 37.224336 ], [ 128.140552, 37.229546 ], [ 128.132897, 37.229796 ], [ 128.125322, 37.234537 ], [ 128.108699, 37.205669 ], [ 128.077543, 37.1937 ], [ 128.060475, 37.194093 ], [ 128.041074, 37.188991 ], [ 128.033907, 37.191409 ], [ 128.028298, 37.202323 ], [ 128.038755, 37.216037 ], [ 128.032127, 37.2238 ], [ 128.023015, 37.225633 ], [ 128.018257, 37.245714 ], [ 128.007965, 37.252122 ], [ 127.994235, 37.253574 ], [ 127.986943, 37.257841 ], [ 127.969738, 37.2557 ], [ 127.964548, 37.25101 ], [ 127.952684, 37.247924 ], [ 127.945191, 37.240562 ], [ 127.938881, 37.240743 ], [ 127.921915, 37.225838 ], [ 127.932473, 37.206989 ], [ 127.930921, 37.201131 ], [ 127.936259, 37.188767 ], [ 127.932597, 37.182373 ], [ 127.933626, 37.175803 ], [ 127.923842, 37.163632 ], [ 127.915045, 37.168882 ], [ 127.908633, 37.167124 ], [ 127.898894, 37.149805 ], [ 127.890567, 37.159209 ], [ 127.87205, 37.164344 ], [ 127.861965, 37.161045 ], [ 127.861299, 37.155348 ], [ 127.853225, 37.160282 ], [ 127.847391, 37.152936 ], [ 127.825202, 37.152244 ], [ 127.816851, 37.147003 ], [ 127.801647, 37.144263 ], [ 127.793357, 37.145742 ], [ 127.789524, 37.143408 ], [ 127.765489, 37.159141 ], [ 127.755528, 37.171441 ], [ 127.74475, 37.213651 ], [ 127.735257, 37.208067 ], [ 127.726407, 37.18254 ], [ 127.716904, 37.18343 ], [ 127.70675, 37.170695 ], [ 127.704273, 37.157648 ], [ 127.694728, 37.149978 ], [ 127.695484, 37.140422 ], [ 127.688593, 37.135541 ], [ 127.670212, 37.136108 ], [ 127.655618, 37.142388 ], [ 127.656374, 37.144881 ], [ 127.648089, 37.150605 ], [ 127.628314, 37.155287 ], [ 127.627455, 37.151724 ], [ 127.637768, 37.14119 ], [ 127.633102, 37.120158 ], [ 127.636273, 37.114464 ], [ 127.634531, 37.099832 ], [ 127.611943, 37.087254 ], [ 127.5998, 37.086325 ], [ 127.596295, 37.088262 ], [ 127.595101, 37.087988 ], [ 127.604938, 37.076153 ], [ 127.605184, 37.068871 ], [ 127.596271, 37.07371 ], [ 127.577977, 37.075341 ], [ 127.564958, 37.06059 ], [ 127.569543, 37.04817 ], [ 127.556834, 37.041247 ], [ 127.531992, 37.055642 ], [ 127.522986, 37.055457 ], [ 127.518261, 37.058397 ], [ 127.504544, 37.048004 ], [ 127.496653, 37.048118 ], [ 127.486219, 37.054856 ], [ 127.468212, 37.053487 ], [ 127.468384, 37.05035 ], [ 127.456857, 37.042213 ], [ 127.459699, 37.03813 ], [ 127.456247, 37.030322 ], [ 127.459744, 37.025064 ], [ 127.458368, 37.020474 ], [ 127.453709, 37.021249 ], [ 127.449737, 37.01838 ], [ 127.447086, 37.01083 ], [ 127.440835, 37.012106 ], [ 127.429571, 37.001244 ], [ 127.421239, 37.003959 ], [ 127.413968, 36.999479 ], [ 127.399793, 36.999861 ], [ 127.392701, 36.99701 ], [ 127.384972, 36.983637 ], [ 127.401534, 36.967678 ], [ 127.397466, 36.964646 ], [ 127.387268, 36.964463 ], [ 127.384818, 36.959624 ], [ 127.378723, 36.957895 ], [ 127.375658, 36.94866 ], [ 127.367302, 36.950299 ], [ 127.357612, 36.947688 ], [ 127.353997, 36.952673 ], [ 127.349631, 36.952794 ], [ 127.343256, 36.948262 ], [ 127.34193, 36.943129 ], [ 127.326812, 36.935936 ], [ 127.316211, 36.934721 ], [ 127.308994, 36.929388 ], [ 127.295634, 36.931287 ], [ 127.303365, 36.91639 ], [ 127.288015, 36.893775 ], [ 127.307816, 36.885435 ], [ 127.311213, 36.880344 ], [ 127.307297, 36.859703 ], [ 127.31273, 36.857467 ], [ 127.328131, 36.858163 ], [ 127.336543, 36.854624 ], [ 127.334539, 36.830667 ], [ 127.354445, 36.829475 ], [ 127.360752, 36.820553 ], [ 127.382157, 36.813753 ], [ 127.401182, 36.798751 ], [ 127.395497, 36.782478 ], [ 127.403318, 36.774475 ], [ 127.41295, 36.773216 ], [ 127.420417, 36.760838 ], [ 127.419698, 36.757662 ], [ 127.410796, 36.756118 ], [ 127.404198, 36.74485 ], [ 127.388655, 36.753489 ], [ 127.386371, 36.759285 ], [ 127.372302, 36.757927 ], [ 127.369586, 36.761575 ], [ 127.357815, 36.760973 ], [ 127.352253, 36.754082 ], [ 127.335508, 36.752642 ], [ 127.332396, 36.747506 ], [ 127.341513, 36.73847 ], [ 127.342469, 36.732823 ], [ 127.336896, 36.729345 ], [ 127.328303, 36.734555 ], [ 127.318013, 36.724908 ], [ 127.309436, 36.724577 ], [ 127.306101, 36.70827 ], [ 127.308398, 36.704805 ], [ 127.292012, 36.697299 ], [ 127.28529, 36.690671 ], [ 127.307625, 36.682022 ], [ 127.301015, 36.662047 ], [ 127.28916, 36.659322 ], [ 127.282778, 36.642294 ], [ 127.275651, 36.639804 ], [ 127.279398, 36.633518 ], [ 127.292159, 36.63564 ], [ 127.29176, 36.625623 ], [ 127.296303, 36.62424 ], [ 127.295913, 36.6197 ], [ 127.301807, 36.612814 ], [ 127.300129, 36.607732 ], [ 127.306602, 36.600938 ], [ 127.304844, 36.59139 ], [ 127.299562, 36.586327 ], [ 127.305768, 36.582996 ], [ 127.321439, 36.58378 ], [ 127.326586, 36.576524 ], [ 127.335764, 36.571064 ], [ 127.338085, 36.562343 ], [ 127.343251, 36.564656 ], [ 127.357645, 36.561811 ], [ 127.377549, 36.567829 ], [ 127.372042, 36.563569 ], [ 127.377939, 36.562842 ], [ 127.372547, 36.559724 ], [ 127.378097, 36.555167 ], [ 127.378525, 36.549806 ], [ 127.383186, 36.547865 ], [ 127.383884, 36.541533 ], [ 127.401515, 36.541493 ], [ 127.408522, 36.528831 ], [ 127.408601, 36.523691 ], [ 127.401493, 36.523654 ], [ 127.397635, 36.520578 ], [ 127.409044, 36.509748 ], [ 127.407883, 36.500147 ], [ 127.410562, 36.496278 ], [ 127.396121, 36.491722 ] ] ] } },
{ "type": "Feature", "properties": { "province_code": "44", "name_en": "South Chungcheong Province", "name_ko": "충청남도" }, "geometry": { "type": "MultiPolygon", "coordinates": [ [ [ [ 127.492577, 36.237954 ], [ 127.48847, 36.232534 ], [ 127.477857, 36.229669 ], [ 127.476831, 36.226002 ], [ 127.467526, 36.222691 ], [ 127.469627, 36.215243 ], [ 127.460284, 36.212919 ], [ 127.454161, 36.206999 ], [ 127.455592, 36.200801 ], [ 127.441102, 36.194787 ], [ 127.433531, 36.198576 ], [ 127.429371, 36.205206 ], [ 127.407999, 36.212893 ], [ 127.410627, 36.217552 ], [ 127.404571, 36.222433 ], [ 127.400714, 36.23316 ], [ 127.387343, 36.234152 ], [ 127.390886, 36.24295 ], [ 127.386412, 36.250672 ], [ 127.389673, 36.263095 ], [ 127.377628, 36.271486 ], [ 127.36367, 36.269789 ], [ 127.359502, 36.262586 ], [ 127.365137, 36.243634 ], [ 127.360111, 36.22668 ], [ 127.364197, 36.218901 ], [ 127.352968, 36.211839 ], [ 127.346867, 36.204127 ], [ 127.347587, 36.197567 ], [ 127.344022, 36.196664 ], [ 127.335512, 36.183372 ], [ 127.331698, 36.184056 ], [ 127.329815, 36.194182 ], [ 127.333551, 36.200671 ], [ 127.323035, 36.203729 ], [ 127.321531, 36.21343 ], [ 127.314461, 36.222406 ], [ 127.303567, 36.229735 ], [ 127.303244, 36.222635 ], [ 127.297324, 36.221525 ], [ 127.287271, 36.234619 ], [ 127.28184, 36.235803 ], [ 127.279145, 36.253109 ], [ 127.291751, 36.264689 ], [ 127.281229, 36.265185 ], [ 127.258772, 36.276051 ], [ 127.246653, 36.29096 ], [ 127.254053, 36.296875 ], [ 127.259849, 36.295654 ], [ 127.259753, 36.32725 ], [ 127.268237, 36.331445 ], [ 127.265422, 36.337221 ], [ 127.268646, 36.341002 ], [ 127.279126, 36.344827 ], [ 127.27057, 36.360863 ], [ 127.277681, 36.365289 ], [ 127.281038, 36.374865 ], [ 127.27746, 36.387019 ], [ 127.282125, 36.414604 ], [ 127.262819, 36.416735 ], [ 127.258646, 36.414243 ], [ 127.259116, 36.409108 ], [ 127.250796, 36.406758 ], [ 127.243284, 36.415049 ], [ 127.244522, 36.418343 ], [ 127.235626, 36.418808 ], [ 127.22878, 36.422796 ], [ 127.226933, 36.421221 ], [ 127.217707, 36.433737 ], [ 127.198934, 36.439884 ], [ 127.201817, 36.446317 ], [ 127.198399, 36.452207 ], [ 127.203078, 36.454265 ], [ 127.204734, 36.45929 ], [ 127.203277, 36.464978 ], [ 127.197908, 36.465967 ], [ 127.192017, 36.474667 ], [ 127.190482, 36.479471 ], [ 127.195075, 36.488949 ], [ 127.185446, 36.493209 ], [ 127.176835, 36.492481 ], [ 127.173466, 36.499207 ], [ 127.178565, 36.502581 ], [ 127.16999, 36.509038 ], [ 127.182349, 36.521438 ], [ 127.173018, 36.533457 ], [ 127.174241, 36.542189 ], [ 127.178956, 36.545564 ], [ 127.185035, 36.543663 ], [ 127.191827, 36.546025 ], [ 127.186114, 36.552321 ], [ 127.193788, 36.564812 ], [ 127.2031, 36.567444 ], [ 127.207751, 36.577959 ], [ 127.200399, 36.582568 ], [ 127.192956, 36.580817 ], [ 127.189255, 36.586839 ], [ 127.191351, 36.593937 ], [ 127.184322, 36.591203 ], [ 127.181684, 36.59551 ], [ 127.172724, 36.595451 ], [ 127.167153, 36.602916 ], [ 127.155884, 36.606011 ], [ 127.155616, 36.615992 ], [ 127.150053, 36.619008 ], [ 127.154321, 36.623891 ], [ 127.160497, 36.624451 ], [ 127.15649, 36.628617 ], [ 127.157498, 36.639544 ], [ 127.153144, 36.645213 ], [ 127.154289, 36.65245 ], [ 127.160569, 36.656119 ], [ 127.154361, 36.664417 ], [ 127.164124, 36.678498 ], [ 127.161445, 36.690219 ], [ 127.157114, 36.695657 ], [ 127.156223, 36.690764 ], [ 127.141749, 36.689984 ], [ 127.136144, 36.70504 ], [ 127.12773, 36.708637 ], [ 127.148246, 36.719887 ], [ 127.151934, 36.728952 ], [ 127.157526, 36.727456 ], [ 127.159644, 36.732844 ], [ 127.164695, 36.733822 ], [ 127.174129, 36.728574 ], [ 127.183219, 36.730319 ], [ 127.203122, 36.726149 ], [ 127.207839, 36.71904 ], [ 127.22363, 36.71572 ], [ 127.225117, 36.710373 ], [ 127.236405, 36.707452 ], [ 127.248049, 36.695048 ], [ 127.251218, 36.697013 ], [ 127.257916, 36.69222 ], [ 127.26523, 36.692204 ], [ 127.273477, 36.695266 ], [ 127.277709, 36.691349 ], [ 127.28529, 36.690671 ], [ 127.292012, 36.697299 ], [ 127.308398, 36.704805 ], [ 127.306101, 36.70827 ], [ 127.309436, 36.724577 ], [ 127.318013, 36.724908 ], [ 127.328303, 36.734555 ], [ 127.336896, 36.729345 ], [ 127.342469, 36.732823 ], [ 127.341513, 36.73847 ], [ 127.332396, 36.747506 ], [ 127.335508, 36.752642 ], [ 127.352253, 36.754082 ], [ 127.357815, 36.760973 ], [ 127.369586, 36.761575 ], [ 127.372302, 36.757927 ], [ 127.386371, 36.759285 ], [ 127.388655, 36.753489 ], [ 127.404198, 36.74485 ], [ 127.410796, 36.756118 ], [ 127.419698, 36.757662 ], [ 127.420417, 36.760838 ], [ 127.41295, 36.773216 ], [ 127.403318, 36.774475 ], [ 127.395497, 36.782478 ], [ 127.401182, 36.798751 ], [ 127.382157, 36.813753 ], [ 127.360752, 36.820553 ], [ 127.354445, 36.829475 ], [ 127.334539, 36.830667 ], [ 127.336543, 36.854624 ], [ 127.328131, 36.858163 ], [ 127.31273, 36.857467 ], [ 127.307297, 36.859703 ], [ 127.311213, 36.880344 ], [ 127.307816, 36.885435 ], [ 127.288015, 36.893775 ], [ 127.279157, 36.90041 ], [ 127.274289, 36.913442 ], [ 127.258609, 36.915874 ], [ 127.253132, 36.922437 ], [ 127.244049, 36.917599 ], [ 127.220328, 36.930449 ], [ 127.210451, 36.930539 ], [ 127.211559, 36.937809 ], [ 127.205734, 36.942018 ], [ 127.206867, 36.946134 ], [ 127.202144, 36.951711 ], [ 127.180498, 36.956674 ], [ 127.177772, 36.962697 ], [ 127.165531, 36.961661 ], [ 127.155431, 36.964405 ], [ 127.158878, 36.969924 ], [ 127.143754, 36.971069 ], [ 127.135898, 36.967888 ], [ 127.136107, 36.965563 ], [ 127.121356, 36.968273 ], [ 127.113098, 36.973074 ], [ 127.096432, 36.959419 ], [ 127.096415, 36.955692 ], [ 127.102996, 36.95308 ], [ 127.095425, 36.942204 ], [ 127.086212, 36.947738 ], [ 127.074083, 36.938625 ], [ 127.065487, 36.941926 ], [ 127.031041, 36.928089 ], [ 127.021795, 36.930771 ], [ 127.020827, 36.934602 ], [ 126.995182, 36.935359 ], [ 126.973746, 36.925863 ], [ 126.939626, 36.917331 ], [ 126.909705, 36.901602 ], [ 126.912441, 36.889398 ], [ 126.882648, 36.886765 ], [ 126.862847, 36.879685 ], [ 126.827066, 36.888574 ], [ 126.816544, 36.896673 ], [ 126.811022, 36.926701 ], [ 126.80649, 36.93052 ], [ 126.802374, 36.924437 ], [ 126.791526, 36.936802 ], [ 126.794343, 36.942492 ], [ 126.779589, 36.966801 ], [ 126.783755, 36.973592 ], [ 126.780453, 36.976139 ], [ 126.776375, 36.974642 ], [ 126.747922, 36.984367 ], [ 126.748538, 36.987099 ], [ 126.741039, 36.984474 ], [ 126.739482, 36.988116 ], [ 126.721619, 36.991453 ], [ 126.719274, 36.991508 ], [ 126.720027, 36.981188 ], [ 126.715548, 36.994273 ], [ 126.703098, 36.99105 ], [ 126.701833, 36.982882 ], [ 126.697755, 36.985405 ], [ 126.697293, 36.996261 ], [ 126.700341, 36.997708 ], [ 126.695541, 37.001697 ], [ 126.684557, 36.998138 ], [ 126.632655, 37.001601 ], [ 126.579006, 37.024113 ], [ 126.579895, 37.026288 ], [ 126.574142, 37.023371 ], [ 126.570823, 37.028075 ], [ 126.563844, 37.028255 ], [ 126.563252, 37.027453 ], [ 126.563088, 37.027391 ], [ 126.562577, 37.027286 ], [ 126.562451, 37.027284 ], [ 126.557926, 37.033361 ], [ 126.559697, 37.035985 ], [ 126.541244, 37.03516 ], [ 126.527935, 37.042622 ], [ 126.527195, 37.050043 ], [ 126.517983, 37.057164 ], [ 126.519212, 37.059117 ], [ 126.498429, 37.064754 ], [ 126.494859, 37.059157 ], [ 126.496751, 37.052812 ], [ 126.460406, 37.020396 ], [ 126.470532, 37.006864 ], [ 126.454574, 36.99783 ], [ 126.449492, 37.00602 ], [ 126.452023, 37.006942 ], [ 126.431676, 37.008395 ], [ 126.431018, 37.013693 ], [ 126.417809, 37.014903 ], [ 126.420785, 37.019805 ], [ 126.417622, 37.017241 ], [ 126.417783, 37.012009 ], [ 126.410069, 37.013832 ], [ 126.408668, 37.011801 ], [ 126.385808, 37.010604 ], [ 126.384528, 37.012959 ], [ 126.383708, 37.009669 ], [ 126.361183, 37.006345 ], [ 126.358473, 37.011817 ], [ 126.353485, 37.005006 ], [ 126.332014, 36.996281 ], [ 126.327213, 36.998661 ], [ 126.326773, 36.992829 ], [ 126.331731, 36.985344 ], [ 126.362355, 36.982913 ], [ 126.365454, 36.979244 ], [ 126.370501, 36.982546 ], [ 126.382298, 36.980656 ], [ 126.375958, 36.974033 ], [ 126.38644, 36.973648 ], [ 126.389923, 36.969956 ], [ 126.386555, 36.967301 ], [ 126.377035, 36.968422 ], [ 126.370291, 36.960208 ], [ 126.362402, 36.96885 ], [ 126.34337, 36.966698 ], [ 126.337153, 36.968228 ], [ 126.337271, 36.969561 ], [ 126.335108, 36.972574 ], [ 126.337032, 36.968287 ], [ 126.33374, 36.961375 ], [ 126.350257, 36.961597 ], [ 126.350988, 36.952612 ], [ 126.358688, 36.952973 ], [ 126.362006, 36.949702 ], [ 126.356543, 36.941858 ], [ 126.359704, 36.938771 ], [ 126.371971, 36.951142 ], [ 126.375435, 36.943851 ], [ 126.381026, 36.945855 ], [ 126.383952, 36.933053 ], [ 126.391015, 36.929675 ], [ 126.393, 36.935675 ], [ 126.408625, 36.933464 ], [ 126.407076, 36.937932 ], [ 126.408409, 36.940584 ], [ 126.41004, 36.941707 ], [ 126.416084, 36.937559 ], [ 126.420311, 36.938535 ], [ 126.421806, 36.928033 ], [ 126.41455, 36.919117 ], [ 126.405122, 36.922441 ], [ 126.409772, 36.914621 ], [ 126.41239, 36.914917 ], [ 126.408944, 36.909187 ], [ 126.417846, 36.906282 ], [ 126.427293, 36.907054 ], [ 126.434393, 36.901401 ], [ 126.431712, 36.898157 ], [ 126.422193, 36.89963 ], [ 126.414753, 36.893814 ], [ 126.405226, 36.897618 ], [ 126.404847, 36.890788 ], [ 126.396225, 36.893012 ], [ 126.395237, 36.887376 ], [ 126.399843, 36.884051 ], [ 126.397733, 36.88054 ], [ 126.375759, 36.88185 ], [ 126.374963, 36.879239 ], [ 126.364293, 36.876501 ], [ 126.371484, 36.869806 ], [ 126.370422, 36.857136 ], [ 126.363443, 36.850668 ], [ 126.356079, 36.849451 ], [ 126.359308, 36.840487 ], [ 126.366139, 36.833958 ], [ 126.36549, 36.829504 ], [ 126.35476, 36.832385 ], [ 126.348138, 36.844044 ], [ 126.341952, 36.847184 ], [ 126.347544, 36.860922 ], [ 126.342971, 36.86234 ], [ 126.338671, 36.859712 ], [ 126.331591, 36.862916 ], [ 126.324566, 36.856531 ], [ 126.32498, 36.851995 ], [ 126.320289, 36.851886 ], [ 126.325101, 36.847577 ], [ 126.31752, 36.842346 ], [ 126.321447, 36.837377 ], [ 126.328216, 36.837636 ], [ 126.326655, 36.826715 ], [ 126.337175, 36.827797 ], [ 126.337488, 36.816228 ], [ 126.329685, 36.813108 ], [ 126.322391, 36.81965 ], [ 126.318891, 36.814157 ], [ 126.304928, 36.814662 ], [ 126.305674, 36.812789 ], [ 126.29613, 36.808566 ], [ 126.297534, 36.803255 ], [ 126.29293, 36.797655 ], [ 126.287044, 36.799477 ], [ 126.288341, 36.814055 ], [ 126.280904, 36.817591 ], [ 126.282295, 36.824994 ], [ 126.295274, 36.824531 ], [ 126.307449, 36.831621 ], [ 126.312455, 36.830684 ], [ 126.315856, 36.834103 ], [ 126.312104, 36.836078 ], [ 126.316805, 36.836953 ], [ 126.315014, 36.838936 ], [ 126.302565, 36.838255 ], [ 126.303777, 36.841558 ], [ 126.293955, 36.84226 ], [ 126.295453, 36.852801 ], [ 126.304724, 36.859174 ], [ 126.302238, 36.86389 ], [ 126.311642, 36.873278 ], [ 126.313006, 36.884156 ], [ 126.317915, 36.887181 ], [ 126.324919, 36.884233 ], [ 126.329817, 36.886425 ], [ 126.330155, 36.891668 ], [ 126.319315, 36.891957 ], [ 126.319408, 36.904648 ], [ 126.312634, 36.905264 ], [ 126.313541, 36.908359 ], [ 126.311016, 36.90731 ], [ 126.307736, 36.914037 ], [ 126.299833, 36.919232 ], [ 126.303646, 36.923673 ], [ 126.301317, 36.929685 ], [ 126.306843, 36.931948 ], [ 126.300921, 36.943888 ], [ 126.307117, 36.946986 ], [ 126.311763, 36.954994 ], [ 126.308173, 36.958159 ], [ 126.301261, 36.95471 ], [ 126.29767, 36.957926 ], [ 126.299353, 36.961445 ], [ 126.291917, 36.962384 ], [ 126.297716, 36.967229 ], [ 126.305785, 36.966769 ], [ 126.304157, 36.971871 ], [ 126.307235, 36.973408 ], [ 126.301971, 36.977788 ], [ 126.294686, 36.969283 ], [ 126.286202, 36.969266 ], [ 126.285372, 36.964342 ], [ 126.290959, 36.952269 ], [ 126.289333, 36.936461 ], [ 126.29272, 36.936131 ], [ 126.29165, 36.931876 ], [ 126.294784, 36.92913 ], [ 126.284623, 36.907085 ], [ 126.287354, 36.902538 ], [ 126.293186, 36.902115 ], [ 126.288683, 36.898739 ], [ 126.280577, 36.899836 ], [ 126.277033, 36.89715 ], [ 126.278705, 36.891803 ], [ 126.272766, 36.889546 ], [ 126.27096, 36.884663 ], [ 126.273089, 36.880714 ], [ 126.278777, 36.880122 ], [ 126.272603, 36.879399 ], [ 126.272227, 36.875965 ], [ 126.259671, 36.880531 ], [ 126.250503, 36.876732 ], [ 126.252231, 36.871025 ], [ 126.242487, 36.863771 ], [ 126.244482, 36.861222 ], [ 126.239, 36.856466 ], [ 126.24172, 36.852244 ], [ 126.238841, 36.856256 ], [ 126.241707, 36.86407 ], [ 126.2349, 36.866256 ], [ 126.235459, 36.872222 ], [ 126.218134, 36.879935 ], [ 126.218362, 36.883905 ], [ 126.225254, 36.888699 ], [ 126.229939, 36.887692 ], [ 126.229867, 36.890868 ], [ 126.23427, 36.887655 ], [ 126.231771, 36.893621 ], [ 126.237716, 36.896227 ], [ 126.237373, 36.901386 ], [ 126.248146, 36.904325 ], [ 126.246072, 36.908527 ], [ 126.24882, 36.911752 ], [ 126.251933, 36.910742 ], [ 126.250423, 36.91335 ], [ 126.216196, 36.903554 ], [ 126.212522, 36.898762 ], [ 126.208452, 36.898534 ], [ 126.207639, 36.898686 ], [ 126.206202, 36.899081 ], [ 126.206396, 36.902641 ], [ 126.203078, 36.90268 ], [ 126.204717, 36.899906 ], [ 126.198245, 36.884965 ], [ 126.192843, 36.884504 ], [ 126.188026, 36.88806 ], [ 126.178896, 36.885802 ], [ 126.188087, 36.883144 ], [ 126.191456, 36.872297 ], [ 126.184756, 36.869008 ], [ 126.190748, 36.867668 ], [ 126.191806, 36.858792 ], [ 126.199584, 36.856587 ], [ 126.190941, 36.840359 ], [ 126.177943, 36.832283 ], [ 126.185059, 36.830179 ], [ 126.188797, 36.825073 ], [ 126.181842, 36.819723 ], [ 126.18604, 36.815164 ], [ 126.184254, 36.810651 ], [ 126.187484, 36.805572 ], [ 126.195452, 36.805552 ], [ 126.192445, 36.800875 ], [ 126.199284, 36.7833 ], [ 126.196833, 36.781829 ], [ 126.192003, 36.785232 ], [ 126.178498, 36.810296 ], [ 126.171647, 36.811686 ], [ 126.17041, 36.818915 ], [ 126.174003, 36.824619 ], [ 126.170812, 36.824266 ], [ 126.166361, 36.830732 ], [ 126.171098, 36.840503 ], [ 126.16731, 36.841848 ], [ 126.165599, 36.839995 ], [ 126.162381, 36.840316 ], [ 126.160983, 36.840806 ], [ 126.160463, 36.841017 ], [ 126.15994, 36.841303 ], [ 126.16177, 36.846795 ], [ 126.157677, 36.848642 ], [ 126.155963, 36.843293 ], [ 126.149872, 36.84565 ], [ 126.155357, 36.841425 ], [ 126.155285, 36.837653 ], [ 126.147129, 36.837843 ], [ 126.161027, 36.826533 ], [ 126.155292, 36.822258 ], [ 126.156512, 36.816629 ], [ 126.150423, 36.816399 ], [ 126.155384, 36.813318 ], [ 126.154417, 36.810188 ], [ 126.150796, 36.811729 ], [ 126.144601, 36.809073 ], [ 126.149009, 36.80702 ], [ 126.144776, 36.803282 ], [ 126.149747, 36.80425 ], [ 126.151033, 36.802044 ], [ 126.146985, 36.795496 ], [ 126.143225, 36.795537 ], [ 126.146941, 36.793341 ], [ 126.145733, 36.789838 ], [ 126.138831, 36.783183 ], [ 126.133387, 36.78283 ], [ 126.134358, 36.786585 ], [ 126.130667, 36.785886 ], [ 126.132799, 36.781812 ], [ 126.127055, 36.778087 ], [ 126.132625, 36.78085 ], [ 126.13562, 36.776248 ], [ 126.1288, 36.777907 ], [ 126.13122, 36.773298 ], [ 126.121565, 36.773612 ], [ 126.116533, 36.768758 ], [ 126.114763, 36.772831 ], [ 126.112334, 36.772394 ], [ 126.114492, 36.768084 ], [ 126.12316, 36.764774 ], [ 126.123208, 36.752988 ], [ 126.127628, 36.749263 ], [ 126.128022, 36.75287 ], [ 126.133385, 36.750739 ], [ 126.13203, 36.745738 ], [ 126.136035, 36.739791 ], [ 126.129476, 36.736977 ], [ 126.130406, 36.732926 ], [ 126.122333, 36.725309 ], [ 126.127623, 36.717421 ], [ 126.121967, 36.714161 ], [ 126.12088, 36.707616 ], [ 126.143249, 36.724895 ], [ 126.143012, 36.729049 ], [ 126.151058, 36.732302 ], [ 126.151641, 36.733979 ], [ 126.151286, 36.734723 ], [ 126.151289, 36.734352 ], [ 126.151174, 36.734216 ], [ 126.150613, 36.733735 ], [ 126.150492, 36.733673 ], [ 126.150378, 36.733686 ], [ 126.150537, 36.732587 ], [ 126.150249, 36.732403 ], [ 126.148771, 36.732699 ], [ 126.151287, 36.734354 ], [ 126.148448, 36.744033 ], [ 126.150537, 36.747935 ], [ 126.140003, 36.753908 ], [ 126.158423, 36.756593 ], [ 126.161096, 36.752904 ], [ 126.160987, 36.755805 ], [ 126.166344, 36.758529 ], [ 126.185014, 36.75318 ], [ 126.186711, 36.747998 ], [ 126.182766, 36.745999 ], [ 126.185328, 36.745221 ], [ 126.186226, 36.745817 ], [ 126.18637, 36.745851 ], [ 126.186531, 36.745867 ], [ 126.187038, 36.745842 ], [ 126.187192, 36.745797 ], [ 126.187313, 36.745985 ], [ 126.187491, 36.746 ], [ 126.187719, 36.745897 ], [ 126.199002, 36.737375 ], [ 126.205852, 36.736591 ], [ 126.211339, 36.741354 ], [ 126.211609, 36.73335 ], [ 126.202286, 36.721486 ], [ 126.214942, 36.727281 ], [ 126.223546, 36.722434 ], [ 126.217823, 36.710789 ], [ 126.2074, 36.705172 ], [ 126.194679, 36.70597 ], [ 126.175619, 36.716485 ], [ 126.166965, 36.716738 ], [ 126.160112, 36.710857 ], [ 126.163424, 36.710604 ], [ 126.163782, 36.709844 ], [ 126.161943, 36.706883 ], [ 126.147309, 36.702796 ], [ 126.152055, 36.697748 ], [ 126.151855, 36.681009 ], [ 126.15553, 36.67708 ], [ 126.171979, 36.680037 ], [ 126.177201, 36.676286 ], [ 126.180615, 36.678861 ], [ 126.195908, 36.675592 ], [ 126.196246, 36.681047 ], [ 126.200488, 36.682398 ], [ 126.196576, 36.685114 ], [ 126.208794, 36.688293 ], [ 126.207058, 36.692669 ], [ 126.213193, 36.69408 ], [ 126.213788, 36.694297 ], [ 126.214511, 36.695199 ], [ 126.214708, 36.695294 ], [ 126.215084, 36.695418 ], [ 126.229182, 36.693292 ], [ 126.227195, 36.694677 ], [ 126.232034, 36.695972 ], [ 126.230999, 36.701165 ], [ 126.239825, 36.703877 ], [ 126.233898, 36.707606 ], [ 126.234925, 36.71807 ], [ 126.241574, 36.7142 ], [ 126.241707, 36.718027 ], [ 126.247926, 36.718512 ], [ 126.251106, 36.714463 ], [ 126.252583, 36.718142 ], [ 126.262163, 36.72141 ], [ 126.265763, 36.72671 ], [ 126.269167, 36.73044 ], [ 126.269562, 36.730795 ], [ 126.27025, 36.731212 ], [ 126.269906, 36.731172 ], [ 126.270257, 36.731214 ], [ 126.267551, 36.728338 ], [ 126.276923, 36.73327 ], [ 126.279145, 36.732894 ], [ 126.279484, 36.732789 ], [ 126.279648, 36.73266 ], [ 126.279836, 36.728614 ], [ 126.270801, 36.726497 ], [ 126.273727, 36.720287 ], [ 126.271247, 36.714462 ], [ 126.271195, 36.711272 ], [ 126.272606, 36.708332 ], [ 126.272141, 36.70765 ], [ 126.273317, 36.703529 ], [ 126.273232, 36.70127 ], [ 126.273209, 36.703439 ], [ 126.267786, 36.700924 ], [ 126.261416, 36.694339 ], [ 126.263049, 36.684383 ], [ 126.26764, 36.681344 ], [ 126.264601, 36.679184 ], [ 126.265483, 36.672268 ], [ 126.270823, 36.673659 ], [ 126.273196, 36.669836 ], [ 126.28072, 36.674174 ], [ 126.296992, 36.659741 ], [ 126.301162, 36.627163 ], [ 126.303747, 36.625739 ], [ 126.30129, 36.62662 ], [ 126.296836, 36.619278 ], [ 126.288712, 36.615049 ], [ 126.287371, 36.619679 ], [ 126.291328, 36.620844 ], [ 126.283463, 36.62218 ], [ 126.287324, 36.618882 ], [ 126.28987, 36.607522 ], [ 126.290213, 36.608922 ], [ 126.291272, 36.609121 ], [ 126.2899, 36.598272 ], [ 126.283386, 36.59414 ], [ 126.292892, 36.583992 ], [ 126.302842, 36.588955 ], [ 126.304115, 36.594233 ], [ 126.299561, 36.594897 ], [ 126.296384, 36.601149 ], [ 126.308012, 36.598806 ], [ 126.306309, 36.597692 ], [ 126.308328, 36.597393 ], [ 126.307663, 36.595307 ], [ 126.310497, 36.59423 ], [ 126.311717, 36.589545 ], [ 126.312737, 36.5885 ], [ 126.313791, 36.588197 ], [ 126.319435, 36.594244 ], [ 126.319564, 36.601547 ], [ 126.325539, 36.602566 ], [ 126.32315, 36.602269 ], [ 126.319986, 36.606566 ], [ 126.328317, 36.605116 ], [ 126.323132, 36.608662 ], [ 126.326687, 36.611449 ], [ 126.33218, 36.609698 ], [ 126.33532, 36.61156 ], [ 126.32946, 36.612799 ], [ 126.334857, 36.614906 ], [ 126.332449, 36.616653 ], [ 126.33693, 36.621013 ], [ 126.3407, 36.620822 ], [ 126.336932, 36.621011 ], [ 126.340082, 36.615794 ], [ 126.344375, 36.616589 ], [ 126.349236, 36.621448 ], [ 126.354313, 36.619139 ], [ 126.356034, 36.623478 ], [ 126.366116, 36.627069 ], [ 126.368515, 36.624191 ], [ 126.374143, 36.625751 ], [ 126.37081, 36.622116 ], [ 126.373474, 36.620099 ], [ 126.375547, 36.623912 ], [ 126.386064, 36.618544 ], [ 126.398514, 36.619112 ], [ 126.414913, 36.614861 ], [ 126.415955, 36.608267 ], [ 126.409697, 36.604845 ], [ 126.423602, 36.606227 ], [ 126.456464, 36.595211 ], [ 126.457836, 36.589086 ], [ 126.455494, 36.588523 ], [ 126.4643, 36.583545 ], [ 126.466861, 36.56217 ], [ 126.473874, 36.560415 ], [ 126.462771, 36.549425 ], [ 126.4696, 36.539583 ], [ 126.467989, 36.538635 ], [ 126.46669, 36.537442 ], [ 126.466348, 36.534835 ], [ 126.467045, 36.534054 ], [ 126.46879, 36.533471 ], [ 126.47012, 36.533379 ], [ 126.466875, 36.537368 ], [ 126.47386, 36.538791 ], [ 126.488187, 36.526572 ], [ 126.48114, 36.515685 ], [ 126.484002, 36.507595 ], [ 126.479387, 36.488696 ], [ 126.482554, 36.487181 ], [ 126.4811, 36.477717 ], [ 126.490103, 36.468307 ], [ 126.485099, 36.464553 ], [ 126.488967, 36.460393 ], [ 126.486581, 36.452954 ], [ 126.500262, 36.444889 ], [ 126.496343, 36.438698 ], [ 126.498201, 36.432699 ], [ 126.508196, 36.437838 ], [ 126.509894, 36.44201 ], [ 126.511848, 36.44002 ], [ 126.523651, 36.44412 ], [ 126.524248, 36.446714 ], [ 126.531691, 36.440957 ], [ 126.525852, 36.439452 ], [ 126.526378, 36.43889 ], [ 126.526929, 36.437548 ], [ 126.522563, 36.440436 ], [ 126.517832, 36.438647 ], [ 126.505942, 36.427387 ], [ 126.495508, 36.425854 ], [ 126.500359, 36.421829 ], [ 126.497226, 36.419173 ], [ 126.491811, 36.421348 ], [ 126.487062, 36.399222 ], [ 126.479585, 36.385092 ], [ 126.481673, 36.382681 ], [ 126.493285, 36.381817 ], [ 126.506757, 36.384428 ], [ 126.508112, 36.387578 ], [ 126.508272, 36.383978 ], [ 126.501903, 36.383138 ], [ 126.501091, 36.37986 ], [ 126.51023, 36.380876 ], [ 126.545957, 36.355091 ], [ 126.581863, 36.350561 ], [ 126.588643, 36.345412 ], [ 126.586385, 36.342591 ], [ 126.580858, 36.348904 ], [ 126.561589, 36.351009 ], [ 126.55043, 36.346658 ], [ 126.543295, 36.338685 ], [ 126.520087, 36.335249 ], [ 126.515351, 36.327502 ], [ 126.504593, 36.328773 ], [ 126.505641, 36.330965 ], [ 126.504575, 36.329823 ], [ 126.504021, 36.324924 ], [ 126.500993, 36.324821 ], [ 126.510036, 36.316566 ], [ 126.517186, 36.299219 ], [ 126.519206, 36.297497 ], [ 126.521963, 36.300577 ], [ 126.528178, 36.297137 ], [ 126.540205, 36.278974 ], [ 126.535342, 36.276803 ], [ 126.538893, 36.275266 ], [ 126.540774, 36.278123 ], [ 126.548547, 36.265418 ], [ 126.547084, 36.261001 ], [ 126.540976, 36.260681 ], [ 126.542631, 36.256319 ], [ 126.537351, 36.251834 ], [ 126.540704, 36.248749 ], [ 126.535147, 36.249829 ], [ 126.537986, 36.247416 ], [ 126.530071, 36.23862 ], [ 126.52964, 36.220238 ], [ 126.53823, 36.211692 ], [ 126.539706, 36.199646 ], [ 126.534322, 36.198365 ], [ 126.524237, 36.185517 ], [ 126.528381, 36.174974 ], [ 126.522044, 36.162126 ], [ 126.51028, 36.15751 ], [ 126.504607, 36.160648 ], [ 126.506869, 36.159314 ], [ 126.501534, 36.156084 ], [ 126.499693, 36.159402 ], [ 126.502559, 36.160613 ], [ 126.503495, 36.161479 ], [ 126.492969, 36.159185 ], [ 126.494365, 36.133542 ], [ 126.50261, 36.128956 ], [ 126.506853, 36.128612 ], [ 126.507392, 36.128753 ], [ 126.508767, 36.12947 ], [ 126.503882, 36.129301 ], [ 126.502942, 36.134025 ], [ 126.506374, 36.133614 ], [ 126.502937, 36.134061 ], [ 126.500846, 36.140832 ], [ 126.507446, 36.150754 ], [ 126.520295, 36.152353 ], [ 126.534585, 36.150294 ], [ 126.55613, 36.135727 ], [ 126.556275, 36.129138 ], [ 126.56425, 36.132657 ], [ 126.56301, 36.134908 ], [ 126.567573, 36.134863 ], [ 126.570035, 36.140669 ], [ 126.591209, 36.129081 ], [ 126.603398, 36.110793 ], [ 126.60679, 36.112147 ], [ 126.608527, 36.099338 ], [ 126.613077, 36.096613 ], [ 126.616764, 36.102043 ], [ 126.620806, 36.10224 ], [ 126.631991, 36.099691 ], [ 126.631966, 36.091575 ], [ 126.640248, 36.091078 ], [ 126.64108, 36.092895 ], [ 126.643744, 36.094203 ], [ 126.645443, 36.093968 ], [ 126.646716, 36.088352 ], [ 126.632722, 36.081469 ], [ 126.624165, 36.084146 ], [ 126.619468, 36.078554 ], [ 126.627941, 36.080391 ], [ 126.631659, 36.07612 ], [ 126.630995, 36.054296 ], [ 126.643685, 36.056526 ], [ 126.65001, 36.047147 ], [ 126.657826, 36.045132 ], [ 126.668749, 36.031203 ], [ 126.659648, 36.028779 ], [ 126.664469, 36.017554 ], [ 126.660746, 36.010375 ], [ 126.667059, 36.004524 ], [ 126.676496, 36.009233 ], [ 126.702281, 36.006811 ], [ 126.723233, 36.000237 ], [ 126.729647, 36.00363 ], [ 126.736483, 36.000432 ], [ 126.743845, 36.018814 ], [ 126.744988, 36.021304 ], [ 126.746101, 36.023248 ], [ 126.748047, 36.025751 ], [ 126.749155, 36.026025 ], [ 126.751176, 36.026099 ], [ 126.756651, 36.026295 ], [ 126.761655, 36.026025 ], [ 126.76227, 36.026256 ], [ 126.764723, 36.027177 ], [ 126.76502, 36.027361 ], [ 126.766938, 36.02853 ], [ 126.767809, 36.02888 ], [ 126.769713, 36.029641 ], [ 126.802769, 36.033523 ], [ 126.812164, 36.039335 ], [ 126.821098, 36.049919 ], [ 126.840541, 36.052964 ], [ 126.868037, 36.062412 ], [ 126.873588, 36.086835 ], [ 126.873812, 36.110438 ], [ 126.882205, 36.131293 ], [ 126.889697, 36.139622 ], [ 126.900803, 36.142404 ], [ 126.911089, 36.13657 ], [ 126.919692, 36.136299 ], [ 126.93305, 36.14293 ], [ 126.941349, 36.152114 ], [ 126.956627, 36.15657 ], [ 126.963029, 36.156278 ], [ 126.980805, 36.147959 ], [ 126.998032, 36.146846 ], [ 127.005341, 36.150617 ], [ 127.005856, 36.147212 ], [ 127.011263, 36.145817 ], [ 127.015437, 36.148763 ], [ 127.02406, 36.136503 ], [ 127.039687, 36.138272 ], [ 127.042515, 36.146483 ], [ 127.044839, 36.146086 ], [ 127.044757, 36.134458 ], [ 127.050125, 36.134163 ], [ 127.060212, 36.123729 ], [ 127.063009, 36.125223 ], [ 127.062315, 36.115948 ], [ 127.056966, 36.115087 ], [ 127.057806, 36.10705 ], [ 127.061048, 36.105476 ], [ 127.060896, 36.089041 ], [ 127.06524, 36.08983 ], [ 127.075482, 36.084895 ], [ 127.09038, 36.071801 ], [ 127.09271, 36.075993 ], [ 127.094419, 36.073264 ], [ 127.102031, 36.075776 ], [ 127.122048, 36.063033 ], [ 127.132116, 36.066863 ], [ 127.135192, 36.084187 ], [ 127.145784, 36.09029 ], [ 127.151204, 36.09004 ], [ 127.157403, 36.083713 ], [ 127.168739, 36.083966 ], [ 127.182441, 36.09469 ], [ 127.190647, 36.087774 ], [ 127.198042, 36.085792 ], [ 127.20223, 36.088462 ], [ 127.20487, 36.100175 ], [ 127.211733, 36.100669 ], [ 127.219533, 36.096714 ], [ 127.228447, 36.098231 ], [ 127.242693, 36.084988 ], [ 127.248703, 36.083066 ], [ 127.254718, 36.087444 ], [ 127.246053, 36.09641 ], [ 127.246192, 36.104792 ], [ 127.251512, 36.112886 ], [ 127.258099, 36.115259 ], [ 127.264314, 36.10893 ], [ 127.274522, 36.107425 ], [ 127.293935, 36.113072 ], [ 127.297068, 36.122731 ], [ 127.301691, 36.125204 ], [ 127.305405, 36.125799 ], [ 127.315322, 36.119099 ], [ 127.318548, 36.119734 ], [ 127.322799, 36.13063 ], [ 127.338477, 36.130497 ], [ 127.344407, 36.117864 ], [ 127.353459, 36.113403 ], [ 127.354921, 36.108338 ], [ 127.347685, 36.098272 ], [ 127.360058, 36.089381 ], [ 127.35695, 36.081546 ], [ 127.361731, 36.076169 ], [ 127.359459, 36.069246 ], [ 127.364341, 36.065768 ], [ 127.360372, 36.054518 ], [ 127.37364, 36.041089 ], [ 127.37354, 36.034521 ], [ 127.378229, 36.030621 ], [ 127.376495, 36.022889 ], [ 127.392018, 36.01693 ], [ 127.401223, 36.008736 ], [ 127.407324, 36.01422 ], [ 127.413406, 36.015156 ], [ 127.41959, 36.022704 ], [ 127.434557, 36.029495 ], [ 127.437243, 36.009332 ], [ 127.44499, 36.006619 ], [ 127.448606, 35.993151 ], [ 127.455786, 35.983821 ], [ 127.463926, 35.983939 ], [ 127.46837, 35.988087 ], [ 127.475931, 35.980586 ], [ 127.487728, 35.978264 ], [ 127.494409, 35.986184 ], [ 127.499336, 35.98738 ], [ 127.506713, 35.979614 ], [ 127.519756, 35.983221 ], [ 127.535868, 35.994904 ], [ 127.532104, 36.007967 ], [ 127.53987, 36.011717 ], [ 127.536128, 36.019941 ], [ 127.538842, 36.025879 ], [ 127.537601, 36.032488 ], [ 127.532003, 36.034569 ], [ 127.531421, 36.040843 ], [ 127.547779, 36.038209 ], [ 127.552204, 36.032771 ], [ 127.566331, 36.031221 ], [ 127.574533, 36.023302 ], [ 127.582561, 36.027227 ], [ 127.58977, 36.026046 ], [ 127.600065, 36.011941 ], [ 127.606593, 36.01191 ], [ 127.610569, 36.001045 ], [ 127.614153, 36.000804 ], [ 127.618663, 36.007982 ], [ 127.616442, 36.019056 ], [ 127.610735, 36.025348 ], [ 127.622944, 36.02464 ], [ 127.62845, 36.031956 ], [ 127.63533, 36.028684 ], [ 127.639748, 36.032252 ], [ 127.632683, 36.035448 ], [ 127.630535, 36.042152 ], [ 127.6191, 36.039173 ], [ 127.620551, 36.064205 ], [ 127.623924, 36.067272 ], [ 127.63817, 36.068258 ], [ 127.632147, 36.082365 ], [ 127.617275, 36.093578 ], [ 127.619096, 36.108885 ], [ 127.613076, 36.111807 ], [ 127.610086, 36.118607 ], [ 127.605986, 36.116789 ], [ 127.589437, 36.134455 ], [ 127.593413, 36.150519 ], [ 127.601665, 36.160024 ], [ 127.601478, 36.169046 ], [ 127.593061, 36.177377 ], [ 127.59772, 36.184868 ], [ 127.592458, 36.195197 ], [ 127.59928, 36.202643 ], [ 127.597779, 36.2175 ], [ 127.579549, 36.232796 ], [ 127.57024, 36.233523 ], [ 127.563809, 36.227524 ], [ 127.545331, 36.225514 ], [ 127.549861, 36.238424 ], [ 127.537918, 36.242778 ], [ 127.536243, 36.251231 ], [ 127.526949, 36.248336 ], [ 127.51813, 36.240641 ], [ 127.492577, 36.237954 ] ], [ [ 126.528671, 36.168939 ], [ 126.52881, 36.17446 ], [ 126.534045, 36.173307 ], [ 126.539374, 36.168684 ], [ 126.54111, 36.160831 ], [ 126.536772, 36.164336 ], [ 126.537911, 36.167881 ], [ 126.528671, 36.168939 ] ] ], [ [ [ 126.054928, 36.205414 ], [ 126.049004, 36.205273 ], [ 126.055093, 36.198782 ], [ 126.059727, 36.19886 ], [ 126.061204, 36.200948 ], [ 126.05748, 36.200989 ], [ 126.054928, 36.205414 ] ] ], [ [ [ 126.027019, 36.221818 ], [ 126.027406, 36.22377 ], [ 126.022748, 36.223593 ], [ 126.034363, 36.210819 ], [ 126.035783, 36.215463 ], [ 126.030766, 36.2169 ], [ 126.033708, 36.218905 ], [ 126.027019, 36.221818 ] ] ], [ [ [ 126.07604, 36.231196 ], [ 126.074801, 36.227408 ], [ 126.070316, 36.227984 ], [ 126.069636, 36.221049 ], [ 126.076925, 36.220609 ], [ 126.077495, 36.223426 ], [ 126.080629, 36.222957 ], [ 126.077711, 36.226076 ], [ 126.084121, 36.224009 ], [ 126.095367, 36.228532 ], [ 126.08976, 36.237819 ], [ 126.085051, 36.230456 ], [ 126.076731, 36.234732 ], [ 126.07604, 36.231196 ] ] ], [ [ [ 125.965966, 36.230023 ], [ 125.970407, 36.237262 ], [ 125.966146, 36.239038 ], [ 125.958179, 36.230734 ], [ 125.964456, 36.227872 ], [ 125.965966, 36.230023 ] ] ], [ [ [ 126.053267, 36.236054 ], [ 126.058272, 36.235014 ], [ 126.054277, 36.241534 ], [ 126.055999, 36.237805 ], [ 126.048622, 36.238331 ], [ 126.053267, 36.236054 ] ] ], [ [ [ 125.544722, 36.612571 ], [ 125.540788, 36.613857 ], [ 125.547201, 36.608888 ], [ 125.546782, 36.610018 ], [ 125.544722, 36.612571 ] ] ], [ [ [ 125.577988, 36.616324 ], [ 125.571435, 36.621108 ], [ 125.572472, 36.616216 ], [ 125.580772, 36.61277 ], [ 125.577988, 36.616324 ] ] ], [ [ [ 125.715273, 36.62961 ], [ 125.715551, 36.630763 ], [ 125.712548, 36.631537 ], [ 125.712488, 36.629168 ], [ 125.715273, 36.62961 ] ] ], [ [ [ 125.691735, 36.642975 ], [ 125.692273, 36.645376 ], [ 125.68871, 36.642611 ], [ 125.692332, 36.63945 ], [ 125.699305, 36.638862 ], [ 125.693542, 36.640904 ], [ 125.691735, 36.642975 ] ] ], [ [ [ 126.00972, 36.648675 ], [ 126.008952, 36.649197 ], [ 126.006692, 36.646398 ], [ 126.010162, 36.647553 ], [ 126.00972, 36.648675 ] ] ], [ [ [ 126.062904, 36.664521 ], [ 126.066695, 36.665057 ], [ 126.066703, 36.667662 ], [ 126.06115, 36.677162 ], [ 126.058142, 36.674534 ], [ 126.062831, 36.669874 ], [ 126.057261, 36.668335 ], [ 126.055141, 36.664416 ], [ 126.046979, 36.66267 ], [ 126.045357, 36.665342 ], [ 126.037533, 36.665112 ], [ 126.028021, 36.656092 ], [ 126.044982, 36.656151 ], [ 126.048954, 36.659049 ], [ 126.053411, 36.655016 ], [ 126.05492, 36.658333 ], [ 126.059916, 36.658476 ], [ 126.060364, 36.662438 ], [ 126.06418, 36.662656 ], [ 126.062904, 36.664521 ] ] ], [ [ [ 125.858597, 36.662151 ], [ 125.859015, 36.661571 ], [ 125.861376, 36.666186 ], [ 125.855368, 36.665043 ], [ 125.858597, 36.662151 ] ] ], [ [ [ 126.035904, 36.667797 ], [ 126.034474, 36.668451 ], [ 126.032526, 36.666674 ], [ 126.036334, 36.665955 ], [ 126.035904, 36.667797 ] ] ], [ [ [ 126.113461, 36.706243 ], [ 126.111759, 36.705448 ], [ 126.11251, 36.703323 ], [ 126.115931, 36.705193 ], [ 126.113461, 36.706243 ] ] ], [ [ [ 125.946882, 36.722131 ], [ 125.946349, 36.727677 ], [ 125.941538, 36.723634 ], [ 125.943252, 36.720886 ], [ 125.946882, 36.722131 ] ] ], [ [ [ 126.199688, 36.284884 ], [ 126.196691, 36.285748 ], [ 126.195649, 36.28531 ], [ 126.198863, 36.283573 ], [ 126.199688, 36.284884 ] ] ], [ [ [ 126.214407, 36.430935 ], [ 126.21169, 36.431361 ], [ 126.210378, 36.42935 ], [ 126.214182, 36.428772 ], [ 126.214407, 36.430935 ] ] ], [ [ [ 126.237258, 36.455727 ], [ 126.231965, 36.454201 ], [ 126.236637, 36.45137 ], [ 126.239043, 36.454059 ], [ 126.237258, 36.455727 ] ] ], [ [ [ 126.161039, 36.509642 ], [ 126.162867, 36.511824 ], [ 126.160514, 36.514466 ], [ 126.156122, 36.510748 ], [ 126.161039, 36.509642 ] ] ], [ [ [ 126.193762, 36.568112 ], [ 126.195689, 36.570655 ], [ 126.190289, 36.571168 ], [ 126.190951, 36.569237 ], [ 126.193762, 36.568112 ] ] ], [ [ [ 126.199295, 36.578997 ], [ 126.200146, 36.582133 ], [ 126.195917, 36.582379 ], [ 126.19693, 36.577467 ], [ 126.199295, 36.578997 ] ] ], [ [ [ 126.200571, 36.594937 ], [ 126.197464, 36.595985 ], [ 126.202507, 36.590624 ], [ 126.203102, 36.591589 ], [ 126.200571, 36.594937 ] ] ], [ [ [ 126.245144, 36.605984 ], [ 126.243383, 36.608981 ], [ 126.234983, 36.604778 ], [ 126.239628, 36.604206 ], [ 126.239361, 36.599632 ], [ 126.234366, 36.597043 ], [ 126.241154, 36.594275 ], [ 126.242062, 36.588359 ], [ 126.244423, 36.590697 ], [ 126.241466, 36.597103 ], [ 126.245794, 36.600841 ], [ 126.245144, 36.605984 ] ] ], [ [ [ 126.126653, 36.642121 ], [ 126.125563, 36.64293 ], [ 126.123248, 36.641677 ], [ 126.126087, 36.640093 ], [ 126.126653, 36.642121 ] ] ], [ [ [ 126.11827, 36.642433 ], [ 126.117148, 36.641004 ], [ 126.121111, 36.641154 ], [ 126.120727, 36.642401 ], [ 126.11827, 36.642433 ] ] ], [ [ [ 126.135667, 36.68569 ], [ 126.13103, 36.687588 ], [ 126.12395, 36.679005 ], [ 126.126237, 36.676712 ], [ 126.128162, 36.681738 ], [ 126.135149, 36.685409 ], [ 126.136281, 36.67562 ], [ 126.131794, 36.673531 ], [ 126.127278, 36.675958 ], [ 126.12789, 36.674934 ], [ 126.131763, 36.673421 ], [ 126.131413, 36.668941 ], [ 126.133105, 36.672491 ], [ 126.139656, 36.669253 ], [ 126.142904, 36.67378 ], [ 126.152621, 36.674947 ], [ 126.15204, 36.677746 ], [ 126.148675, 36.6783 ], [ 126.148504, 36.685975 ], [ 126.1411, 36.685855 ], [ 126.1389, 36.682381 ], [ 126.136301, 36.682524 ], [ 126.135667, 36.68569 ] ] ], [ [ [ 126.117661, 36.706648 ], [ 126.116809, 36.708155 ], [ 126.114691, 36.706251 ], [ 126.116415, 36.705039 ], [ 126.117661, 36.706648 ] ] ], [ [ [ 126.15914, 36.751012 ], [ 126.156775, 36.752762 ], [ 126.158796, 36.746998 ], [ 126.160361, 36.748596 ], [ 126.15914, 36.751012 ] ] ], [ [ [ 126.170445, 36.927315 ], [ 126.170249, 36.930066 ], [ 126.167166, 36.929207 ], [ 126.166784, 36.927046 ], [ 126.170445, 36.927315 ] ] ], [ [ [ 126.285352, 36.249931 ], [ 126.277079, 36.250935 ], [ 126.282799, 36.244278 ], [ 126.28574, 36.248146 ], [ 126.285352, 36.249931 ] ] ], [ [ [ 126.270065, 36.276771 ], [ 126.271562, 36.279997 ], [ 126.261891, 36.275661 ], [ 126.260626, 36.268134 ], [ 126.264536, 36.264876 ], [ 126.267606, 36.26847 ], [ 126.270065, 36.276771 ] ] ], [ [ [ 126.263582, 36.3029 ], [ 126.257331, 36.300818 ], [ 126.258708, 36.293669 ], [ 126.252842, 36.294498 ], [ 126.256047, 36.288541 ], [ 126.264071, 36.292304 ], [ 126.264091, 36.297977 ], [ 126.26949, 36.302139 ], [ 126.264837, 36.302052 ], [ 126.266067, 36.304467 ], [ 126.264704, 36.304222 ], [ 126.263582, 36.3029 ] ] ], [ [ [ 126.353544, 36.31141 ], [ 126.347887, 36.311847 ], [ 126.346848, 36.309324 ], [ 126.356836, 36.310047 ], [ 126.353544, 36.31141 ] ] ], [ [ [ 126.253915, 36.310016 ], [ 126.252476, 36.311104 ], [ 126.250736, 36.310142 ], [ 126.253226, 36.308814 ], [ 126.253915, 36.310016 ] ] ], [ [ [ 126.352422, 36.403147 ], [ 126.34995, 36.405153 ], [ 126.341914, 36.398908 ], [ 126.335003, 36.3983 ], [ 126.333862, 36.387956 ], [ 126.336786, 36.384624 ], [ 126.343248, 36.390388 ], [ 126.340633, 36.390083 ], [ 126.340089, 36.389599 ], [ 126.339273, 36.389755 ], [ 126.338635, 36.394469 ], [ 126.350695, 36.396917 ], [ 126.355519, 36.401008 ], [ 126.352422, 36.403147 ] ] ], [ [ [ 126.308967, 36.454524 ], [ 126.304261, 36.455206 ], [ 126.305409, 36.450978 ], [ 126.308668, 36.451704 ], [ 126.308967, 36.454524 ] ] ], [ [ [ 126.30982, 36.859884 ], [ 126.314721, 36.865987 ], [ 126.307088, 36.864547 ], [ 126.307155, 36.861576 ], [ 126.30982, 36.859884 ] ] ], [ [ [ 126.252483, 36.890396 ], [ 126.252044, 36.893854 ], [ 126.246983, 36.892218 ], [ 126.250049, 36.888054 ], [ 126.252483, 36.890396 ] ] ], [ [ [ 126.338356, 36.912838 ], [ 126.326422, 36.914371 ], [ 126.328199, 36.912951 ], [ 126.330063, 36.913123 ], [ 126.33495, 36.902759 ], [ 126.344435, 36.901259 ], [ 126.345867, 36.904428 ], [ 126.337783, 36.909534 ], [ 126.338356, 36.912838 ] ] ], [ [ [ 126.34047, 36.928429 ], [ 126.337564, 36.93352 ], [ 126.339551, 36.928762 ], [ 126.341768, 36.927213 ], [ 126.34047, 36.928429 ] ] ], [ [ [ 126.310558, 36.937819 ], [ 126.313152, 36.939174 ], [ 126.312666, 36.943049 ], [ 126.307311, 36.937054 ], [ 126.310558, 36.937819 ] ] ], [ [ [ 126.358018, 36.326035 ], [ 126.362281, 36.326426 ], [ 126.362171, 36.332376 ], [ 126.370397, 36.335073 ], [ 126.360264, 36.341769 ], [ 126.360702, 36.349754 ], [ 126.364794, 36.352434 ], [ 126.360477, 36.351671 ], [ 126.35548, 36.355827 ], [ 126.352568, 36.354964 ], [ 126.351735, 36.343097 ], [ 126.341863, 36.338124 ], [ 126.343613, 36.33263 ], [ 126.340262, 36.329785 ], [ 126.343337, 36.327015 ], [ 126.346801, 36.331745 ], [ 126.350477, 36.33175 ], [ 126.359128, 36.32829 ], [ 126.358018, 36.326035 ] ] ], [ [ [ 126.366474, 36.391739 ], [ 126.364838, 36.393774 ], [ 126.362037, 36.391505 ], [ 126.362917, 36.378611 ], [ 126.365922, 36.380106 ], [ 126.365003, 36.385271 ], [ 126.370915, 36.390001 ], [ 126.370013, 36.392653 ], [ 126.366474, 36.391739 ] ] ], [ [ [ 126.373926, 36.564958 ], [ 126.36808, 36.568148 ], [ 126.362643, 36.567356 ], [ 126.358615, 36.572199 ], [ 126.36367, 36.577329 ], [ 126.369024, 36.575289 ], [ 126.375555, 36.579577 ], [ 126.375795, 36.588996 ], [ 126.371903, 36.589082 ], [ 126.366109, 36.595457 ], [ 126.373248, 36.595256 ], [ 126.365674, 36.600457 ], [ 126.365634, 36.609805 ], [ 126.359693, 36.612794 ], [ 126.353795, 36.609365 ], [ 126.347859, 36.610888 ], [ 126.348236, 36.604629 ], [ 126.33527, 36.605855 ], [ 126.322282, 36.598449 ], [ 126.324903, 36.587888 ], [ 126.322965, 36.582743 ], [ 126.318637, 36.586354 ], [ 126.313441, 36.584559 ], [ 126.317228, 36.574188 ], [ 126.314044, 36.571782 ], [ 126.326748, 36.55664 ], [ 126.334028, 36.556843 ], [ 126.334311, 36.556013 ], [ 126.328626, 36.552774 ], [ 126.326745, 36.538217 ], [ 126.330838, 36.525687 ], [ 126.326042, 36.521464 ], [ 126.328174, 36.511649 ], [ 126.333284, 36.508223 ], [ 126.329219, 36.503268 ], [ 126.33599, 36.503742 ], [ 126.337592, 36.506777 ], [ 126.338889, 36.50483 ], [ 126.334007, 36.501861 ], [ 126.336338, 36.491922 ], [ 126.333176, 36.477143 ], [ 126.326218, 36.47252 ], [ 126.326002, 36.468496 ], [ 126.339067, 36.474629 ], [ 126.337996, 36.479619 ], [ 126.340734, 36.479938 ], [ 126.343392, 36.473228 ], [ 126.339857, 36.469604 ], [ 126.340492, 36.462065 ], [ 126.334485, 36.461133 ], [ 126.333632, 36.442841 ], [ 126.336268, 36.438513 ], [ 126.363925, 36.441343 ], [ 126.36531, 36.437212 ], [ 126.358499, 36.436743 ], [ 126.351063, 36.425538 ], [ 126.359741, 36.424048 ], [ 126.362586, 36.415609 ], [ 126.366116, 36.416847 ], [ 126.371832, 36.41134 ], [ 126.384196, 36.4094 ], [ 126.376706, 36.412744 ], [ 126.380695, 36.415565 ], [ 126.379648, 36.420519 ], [ 126.389777, 36.422851 ], [ 126.397369, 36.419081 ], [ 126.396784, 36.414278 ], [ 126.400837, 36.412246 ], [ 126.410269, 36.413561 ], [ 126.412293, 36.404868 ], [ 126.417922, 36.406048 ], [ 126.420015, 36.400167 ], [ 126.42748, 36.399291 ], [ 126.426571, 36.405977 ], [ 126.422167, 36.410044 ], [ 126.434884, 36.420352 ], [ 126.427775, 36.431984 ], [ 126.431392, 36.433298 ], [ 126.431824, 36.437392 ], [ 126.420759, 36.44052 ], [ 126.422201, 36.446082 ], [ 126.406424, 36.453218 ], [ 126.417237, 36.463482 ], [ 126.408646, 36.474555 ], [ 126.40984, 36.492749 ], [ 126.406689, 36.487382 ], [ 126.403427, 36.49039 ], [ 126.398759, 36.4882 ], [ 126.399427, 36.496805 ], [ 126.403478, 36.498536 ], [ 126.402001, 36.506263 ], [ 126.396823, 36.507677 ], [ 126.397579, 36.511335 ], [ 126.390973, 36.509362 ], [ 126.394245, 36.51478 ], [ 126.381341, 36.514333 ], [ 126.377974, 36.519287 ], [ 126.386293, 36.520908 ], [ 126.38679, 36.524287 ], [ 126.385192, 36.527779 ], [ 126.380433, 36.528603 ], [ 126.380169, 36.533299 ], [ 126.375689, 36.533444 ], [ 126.374747, 36.542788 ], [ 126.379688, 36.54945 ], [ 126.373926, 36.564958 ] ] ], [ [ [ 126.380465, 36.604843 ], [ 126.381787, 36.606395 ], [ 126.377531, 36.603535 ], [ 126.37547, 36.596768 ], [ 126.37574, 36.596519 ], [ 126.376702, 36.596739 ], [ 126.378478, 36.598215 ], [ 126.379275, 36.597848 ], [ 126.378633, 36.595162 ], [ 126.380688, 36.591626 ], [ 126.379592, 36.595146 ], [ 126.3843, 36.595507 ], [ 126.38447, 36.596307 ], [ 126.381853, 36.597369 ], [ 126.385785, 36.601885 ], [ 126.384717, 36.603859 ], [ 126.381034, 36.601226 ], [ 126.380465, 36.604843 ] ] ], [ [ [ 126.386057, 36.892144 ], [ 126.381267, 36.892355 ], [ 126.382494, 36.888505 ], [ 126.38659, 36.889839 ], [ 126.386057, 36.892144 ] ] ], [ [ [ 126.379896, 36.926932 ], [ 126.376865, 36.928772 ], [ 126.371025, 36.927009 ], [ 126.373464, 36.916918 ], [ 126.386198, 36.919563 ], [ 126.390033, 36.923427 ], [ 126.379896, 36.926932 ] ] ], [ [ [ 126.352966, 36.928972 ], [ 126.35624, 36.930442 ], [ 126.357784, 36.932831 ], [ 126.353219, 36.931196 ], [ 126.352966, 36.928972 ] ] ], [ [ [ 126.431589, 36.367967 ], [ 126.43846, 36.372514 ], [ 126.438402, 36.375732 ], [ 126.431169, 36.377379 ], [ 126.434163, 36.384635 ], [ 126.422955, 36.385128 ], [ 126.419774, 36.383937 ], [ 126.422804, 36.381507 ], [ 126.420703, 36.37984 ], [ 126.417728, 36.383174 ], [ 126.412841, 36.380883 ], [ 126.418035, 36.372079 ], [ 126.414787, 36.370963 ], [ 126.410046, 36.371663 ], [ 126.406626, 36.376641 ], [ 126.397803, 36.377146 ], [ 126.397346, 36.381782 ], [ 126.385893, 36.379778 ], [ 126.384247, 36.37643 ], [ 126.384545, 36.367763 ], [ 126.390664, 36.36549 ], [ 126.395665, 36.369135 ], [ 126.407871, 36.36471 ], [ 126.432926, 36.362751 ], [ 126.442532, 36.359595 ], [ 126.443748, 36.355459 ], [ 126.453361, 36.357573 ], [ 126.458013, 36.355725 ], [ 126.460945, 36.360126 ], [ 126.450563, 36.362217 ], [ 126.445262, 36.360089 ], [ 126.445884, 36.363459 ], [ 126.438745, 36.363626 ], [ 126.431589, 36.367967 ] ] ], [ [ [ 126.446863, 36.387045 ], [ 126.445134, 36.389646 ], [ 126.439378, 36.387052 ], [ 126.440113, 36.378863 ], [ 126.454361, 36.378847 ], [ 126.447185, 36.383082 ], [ 126.446863, 36.387045 ] ] ], [ [ [ 126.436329, 36.399549 ], [ 126.437002, 36.400872 ], [ 126.430095, 36.397649 ], [ 126.435553, 36.398724 ], [ 126.436329, 36.399549 ] ] ], [ [ [ 126.438264, 36.405049 ], [ 126.440632, 36.404676 ], [ 126.437165, 36.408022 ], [ 126.436113, 36.404973 ], [ 126.438264, 36.405049 ] ] ], [ [ [ 126.439715, 36.520997 ], [ 126.436677, 36.52021 ], [ 126.441026, 36.518975 ], [ 126.440765, 36.515254 ], [ 126.443926, 36.516569 ], [ 126.439715, 36.520997 ] ] ], [ [ [ 126.426276, 37.025243 ], [ 126.423537, 37.025771 ], [ 126.423575, 37.023327 ], [ 126.431403, 37.021218 ], [ 126.430388, 37.023498 ], [ 126.426276, 37.025243 ] ] ], [ [ [ 126.384322, 37.02261 ], [ 126.388068, 37.023978 ], [ 126.388221, 37.026346 ], [ 126.386509, 37.025853 ], [ 126.384322, 37.02261 ] ] ], [ [ [ 126.455171, 37.040713 ], [ 126.44569, 37.040252 ], [ 126.440653, 37.0364 ], [ 126.452625, 37.034847 ], [ 126.452508, 37.036176 ], [ 126.449777, 37.036159 ], [ 126.455171, 37.040713 ] ] ], [ [ [ 126.426529, 37.063571 ], [ 126.418739, 37.063432 ], [ 126.423633, 37.047256 ], [ 126.42086, 37.041922 ], [ 126.440241, 37.042141 ], [ 126.447606, 37.045877 ], [ 126.445239, 37.051864 ], [ 126.449628, 37.054284 ], [ 126.443605, 37.061556 ], [ 126.440627, 37.062278 ], [ 126.440078, 37.057827 ], [ 126.433873, 37.056872 ], [ 126.429743, 37.057966 ], [ 126.428123, 37.059306 ], [ 126.426529, 37.063571 ] ] ], [ [ [ 126.600388, 35.992927 ], [ 126.603693, 35.991124 ], [ 126.609919, 35.99443 ], [ 126.606695, 35.999789 ], [ 126.60365, 35.999648 ], [ 126.600388, 35.992927 ] ] ], [ [ [ 126.63223, 36.003006 ], [ 126.625976, 36.005367 ], [ 126.627042, 36.000433 ], [ 126.632612, 36.000177 ], [ 126.63223, 36.003006 ] ] ], [ [ [ 126.61454, 36.067219 ], [ 126.613384, 36.066121 ], [ 126.613905, 36.064142 ], [ 126.616141, 36.066116 ], [ 126.61454, 36.067219 ] ] ], [ [ [ 126.552866, 36.126859 ], [ 126.552571, 36.129005 ], [ 126.551885, 36.12925 ], [ 126.550847, 36.12546 ], [ 126.552866, 36.126859 ] ] ], [ [ [ 126.522673, 36.24471 ], [ 126.518928, 36.244813 ], [ 126.517305, 36.241872 ], [ 126.518489, 36.24133 ], [ 126.522673, 36.24471 ] ] ], [ [ [ 126.809005, 36.940334 ], [ 126.812004, 36.944371 ], [ 126.806468, 36.94947 ], [ 126.805681, 36.941721 ], [ 126.809005, 36.940334 ] ] ], [ [ [ 126.825879, 36.952723 ], [ 126.82922, 36.94767 ], [ 126.841041, 36.953019 ], [ 126.832938, 36.949354 ], [ 126.831104, 36.955087 ], [ 126.825879, 36.952723 ] ] ] ] } },
{ "type": "Feature", "properties": { "province_code": "45", "name_en": "North Jeolla Province", "name_ko": "전라북도" }, "geometry": { "type": "MultiPolygon", "coordinates": [ [ [ [ 127.876774, 36.022512 ], [ 127.866147, 36.024291 ], [ 127.852808, 36.039106 ], [ 127.848574, 36.039729 ], [ 127.830396, 36.035229 ], [ 127.818504, 36.02813 ], [ 127.799441, 36.026066 ], [ 127.787619, 36.014504 ], [ 127.781534, 36.016509 ], [ 127.764268, 36.01243 ], [ 127.759284, 36.015212 ], [ 127.761605, 36.025179 ], [ 127.753858, 36.024056 ], [ 127.747305, 36.029701 ], [ 127.741485, 36.024801 ], [ 127.734835, 36.032319 ], [ 127.727531, 36.029704 ], [ 127.713392, 36.035726 ], [ 127.701926, 36.035271 ], [ 127.695019, 36.045908 ], [ 127.695094, 36.058728 ], [ 127.690736, 36.058035 ], [ 127.689015, 36.062672 ], [ 127.669168, 36.051154 ], [ 127.672736, 36.04163 ], [ 127.660898, 36.038194 ], [ 127.65444, 36.056618 ], [ 127.64905, 36.057993 ], [ 127.64455, 36.066814 ], [ 127.63817, 36.068258 ], [ 127.623924, 36.067272 ], [ 127.620551, 36.064205 ], [ 127.6191, 36.039173 ], [ 127.630535, 36.042152 ], [ 127.632683, 36.035448 ], [ 127.639748, 36.032252 ], [ 127.63533, 36.028684 ], [ 127.62845, 36.031956 ], [ 127.622944, 36.02464 ], [ 127.610735, 36.025348 ], [ 127.616442, 36.019056 ], [ 127.618663, 36.007982 ], [ 127.614153, 36.000804 ], [ 127.610569, 36.001045 ], [ 127.606593, 36.01191 ], [ 127.600065, 36.011941 ], [ 127.58977, 36.026046 ], [ 127.582561, 36.027227 ], [ 127.574533, 36.023302 ], [ 127.566331, 36.031221 ], [ 127.552204, 36.032771 ], [ 127.547779, 36.038209 ], [ 127.531421, 36.040843 ], [ 127.532003, 36.034569 ], [ 127.537601, 36.032488 ], [ 127.538842, 36.025879 ], [ 127.536128, 36.019941 ], [ 127.53987, 36.011717 ], [ 127.532104, 36.007967 ], [ 127.535868, 35.994904 ], [ 127.519756, 35.983221 ], [ 127.506713, 35.979614 ], [ 127.499336, 35.98738 ], [ 127.494409, 35.986184 ], [ 127.487728, 35.978264 ], [ 127.475931, 35.980586 ], [ 127.46837, 35.988087 ], [ 127.463926, 35.983939 ], [ 127.455786, 35.983821 ], [ 127.448606, 35.993151 ], [ 127.44499, 36.006619 ], [ 127.437243, 36.009332 ], [ 127.434557, 36.029495 ], [ 127.41959, 36.022704 ], [ 127.413406, 36.015156 ], [ 127.407324, 36.01422 ], [ 127.401223, 36.008736 ], [ 127.392018, 36.01693 ], [ 127.376495, 36.022889 ], [ 127.378229, 36.030621 ], [ 127.37354, 36.034521 ], [ 127.37364, 36.041089 ], [ 127.360372, 36.054518 ], [ 127.364341, 36.065768 ], [ 127.359459, 36.069246 ], [ 127.361731, 36.076169 ], [ 127.35695, 36.081546 ], [ 127.360058, 36.089381 ], [ 127.347685, 36.098272 ], [ 127.354921, 36.108338 ], [ 127.353459, 36.113403 ], [ 127.344407, 36.117864 ], [ 127.338477, 36.130497 ], [ 127.322799, 36.13063 ], [ 127.318548, 36.119734 ], [ 127.315322, 36.119099 ], [ 127.305405, 36.125799 ], [ 127.301691, 36.125204 ], [ 127.297068, 36.122731 ], [ 127.293935, 36.113072 ], [ 127.274522, 36.107425 ], [ 127.264314, 36.10893 ], [ 127.258099, 36.115259 ], [ 127.251512, 36.112886 ], [ 127.246192, 36.104792 ], [ 127.246053, 36.09641 ], [ 127.254718, 36.087444 ], [ 127.248703, 36.083066 ], [ 127.242693, 36.084988 ], [ 127.228447, 36.098231 ], [ 127.219533, 36.096714 ], [ 127.211733, 36.100669 ], [ 127.20487, 36.100175 ], [ 127.20223, 36.088462 ], [ 127.198042, 36.085792 ], [ 127.190647, 36.087774 ], [ 127.182441, 36.09469 ], [ 127.168739, 36.083966 ], [ 127.157403, 36.083713 ], [ 127.151204, 36.09004 ], [ 127.145784, 36.09029 ], [ 127.135192, 36.084187 ], [ 127.132116, 36.066863 ], [ 127.122048, 36.063033 ], [ 127.102031, 36.075776 ], [ 127.094419, 36.073264 ], [ 127.09271, 36.075993 ], [ 127.09038, 36.071801 ], [ 127.075482, 36.084895 ], [ 127.06524, 36.08983 ], [ 127.060896, 36.089041 ], [ 127.061048, 36.105476 ], [ 127.057806, 36.10705 ], [ 127.056966, 36.115087 ], [ 127.062315, 36.115948 ], [ 127.063009, 36.125223 ], [ 127.060212, 36.123729 ], [ 127.050125, 36.134163 ], [ 127.044757, 36.134458 ], [ 127.044839, 36.146086 ], [ 127.042515, 36.146483 ], [ 127.039687, 36.138272 ], [ 127.02406, 36.136503 ], [ 127.015437, 36.148763 ], [ 127.011263, 36.145817 ], [ 127.005856, 36.147212 ], [ 127.005341, 36.150617 ], [ 126.998032, 36.146846 ], [ 126.980805, 36.147959 ], [ 126.963029, 36.156278 ], [ 126.956627, 36.15657 ], [ 126.941349, 36.152114 ], [ 126.93305, 36.14293 ], [ 126.919692, 36.136299 ], [ 126.911089, 36.13657 ], [ 126.900803, 36.142404 ], [ 126.889697, 36.139622 ], [ 126.882205, 36.131293 ], [ 126.873812, 36.110438 ], [ 126.873588, 36.086835 ], [ 126.868037, 36.062412 ], [ 126.840541, 36.052964 ], [ 126.821098, 36.049919 ], [ 126.812164, 36.039335 ], [ 126.802769, 36.033523 ], [ 126.769713, 36.02964 ], [ 126.764723, 36.027176 ], [ 126.761655, 36.026024 ], [ 126.748047, 36.025751 ], [ 126.741561, 36.011945 ], [ 126.748956, 36.013138 ], [ 126.7566, 36.010144 ], [ 126.753109, 36.001586 ], [ 126.743787, 35.989111 ], [ 126.746146, 35.986946 ], [ 126.742802, 35.988755 ], [ 126.729387, 35.98523 ], [ 126.727788, 35.981739 ], [ 126.728543, 35.985538 ], [ 126.705954, 35.994675 ], [ 126.684137, 35.983875 ], [ 126.667305, 35.983541 ], [ 126.647256, 35.97901 ], [ 126.620919, 35.978728 ], [ 126.624786, 35.977523 ], [ 126.624674, 35.971012 ], [ 126.6183, 35.970683 ], [ 126.617235, 35.977493 ], [ 126.609589, 35.978124 ], [ 126.576308, 35.976281 ], [ 126.565272, 35.972089 ], [ 126.563025, 35.975582 ], [ 126.547204, 35.974748 ], [ 126.54761, 35.969667 ], [ 126.535121, 35.969007 ], [ 126.534712, 35.974086 ], [ 126.525857, 35.973615 ], [ 126.525759, 35.968512 ], [ 126.522996, 35.968366 ], [ 126.52266, 35.972545 ], [ 126.51284, 35.974678 ], [ 126.521519, 35.972419 ], [ 126.522474, 35.948481 ], [ 126.525548, 35.944425 ], [ 126.531417, 35.943617 ], [ 126.525075, 35.935779 ], [ 126.525987, 35.934351 ], [ 126.527505, 35.933392 ], [ 126.529132, 35.938333 ], [ 126.532222, 35.937951 ], [ 126.529095, 35.933318 ], [ 126.532232, 35.933294 ], [ 126.496843, 35.845647 ], [ 126.486205, 35.846144 ], [ 126.488804, 35.842243 ], [ 126.485595, 35.84568 ], [ 126.491018, 35.838113 ], [ 126.475417, 35.82245 ], [ 126.47583, 35.825577 ], [ 126.471995, 35.823227 ], [ 126.461115, 35.824462 ], [ 126.450949, 35.831724 ], [ 126.443523, 35.831997 ], [ 126.442511, 35.827441 ], [ 126.448106, 35.825963 ], [ 126.445128, 35.823123 ], [ 126.453002, 35.820021 ], [ 126.451716, 35.81688 ], [ 126.446863, 35.819716 ], [ 126.445346, 35.818467 ], [ 126.45053, 35.815964 ], [ 126.449989, 35.807938 ], [ 126.456965, 35.810087 ], [ 126.45271, 35.811606 ], [ 126.453277, 35.816528 ], [ 126.457346, 35.814747 ], [ 126.461686, 35.818876 ], [ 126.465294, 35.819059 ], [ 126.463489, 35.812291 ], [ 126.482056, 35.812439 ], [ 126.520282, 35.731358 ], [ 126.532535, 35.726041 ], [ 126.556359, 35.697806 ], [ 126.554164, 35.69917 ], [ 126.554625, 35.696903 ], [ 126.539272, 35.689133 ], [ 126.534949, 35.690066 ], [ 126.528687, 35.676813 ], [ 126.52626, 35.674883 ], [ 126.525969, 35.677793 ], [ 126.522468, 35.676591 ], [ 126.514628, 35.665826 ], [ 126.498021, 35.653854 ], [ 126.497808, 35.657875 ], [ 126.481585, 35.647508 ], [ 126.479481, 35.64268 ], [ 126.467394, 35.642005 ], [ 126.461143, 35.635983 ], [ 126.458431, 35.636828 ], [ 126.460722, 35.634275 ], [ 126.46718, 35.635088 ], [ 126.4702, 35.62872 ], [ 126.465567, 35.624056 ], [ 126.469872, 35.624303 ], [ 126.463759, 35.623213 ], [ 126.460922, 35.62173 ], [ 126.469741, 35.624161 ], [ 126.469935, 35.618195 ], [ 126.463705, 35.617428 ], [ 126.461558, 35.610131 ], [ 126.46515, 35.609468 ], [ 126.464546, 35.605342 ], [ 126.466701, 35.606968 ], [ 126.468515, 35.60486 ], [ 126.469054, 35.602734 ], [ 126.467641, 35.600776 ], [ 126.46774, 35.598275 ], [ 126.46943, 35.603204 ], [ 126.476451, 35.603882 ], [ 126.481378, 35.598015 ], [ 126.487769, 35.596411 ], [ 126.487777, 35.589889 ], [ 126.491929, 35.586226 ], [ 126.506819, 35.583366 ], [ 126.509053, 35.579508 ], [ 126.515176, 35.588008 ], [ 126.516992, 35.580761 ], [ 126.52797, 35.579298 ], [ 126.546299, 35.586121 ], [ 126.546781, 35.583835 ], [ 126.546946, 35.586233 ], [ 126.575267, 35.584838 ], [ 126.575308, 35.590405 ], [ 126.584944, 35.587875 ], [ 126.593449, 35.590138 ], [ 126.604911, 35.584956 ], [ 126.617916, 35.587028 ], [ 126.614541, 35.590422 ], [ 126.651192, 35.580612 ], [ 126.659135, 35.586426 ], [ 126.664973, 35.576184 ], [ 126.674138, 35.568424 ], [ 126.669163, 35.566084 ], [ 126.668635, 35.560871 ], [ 126.676242, 35.549104 ], [ 126.674622, 35.539878 ], [ 126.679486, 35.538012 ], [ 126.680384, 35.525317 ], [ 126.677871, 35.536754 ], [ 126.673595, 35.539098 ], [ 126.673114, 35.550749 ], [ 126.659939, 35.558635 ], [ 126.65788, 35.55723 ], [ 126.647541, 35.569646 ], [ 126.635643, 35.571687 ], [ 126.63384, 35.574596 ], [ 126.624165, 35.568183 ], [ 126.617441, 35.569588 ], [ 126.617052, 35.557185 ], [ 126.610876, 35.554951 ], [ 126.605837, 35.549841 ], [ 126.606815, 35.54575 ], [ 126.594108, 35.534687 ], [ 126.600074, 35.523537 ], [ 126.595809, 35.514236 ], [ 126.598477, 35.508145 ], [ 126.596288, 35.510673 ], [ 126.595673, 35.5148 ], [ 126.5985, 35.522574 ], [ 126.595942, 35.52294 ], [ 126.595424, 35.523835 ], [ 126.59849, 35.524433 ], [ 126.591876, 35.531837 ], [ 126.592941, 35.539425 ], [ 126.58707, 35.541844 ], [ 126.566921, 35.543126 ], [ 126.555432, 35.536301 ], [ 126.548909, 35.537573 ], [ 126.55289, 35.531761 ], [ 126.547593, 35.534522 ], [ 126.543276, 35.523208 ], [ 126.543274, 35.532621 ], [ 126.536831, 35.52941 ], [ 126.541102, 35.534036 ], [ 126.533647, 35.53404 ], [ 126.532027, 35.531058 ], [ 126.53083, 35.53413 ], [ 126.517424, 35.533121 ], [ 126.502511, 35.525355 ], [ 126.497945, 35.516625 ], [ 126.493824, 35.516424 ], [ 126.49667, 35.50961 ], [ 126.491095, 35.511747 ], [ 126.486105, 35.522396 ], [ 126.472733, 35.504236 ], [ 126.463003, 35.480472 ], [ 126.442242, 35.451904 ], [ 126.4436, 35.448205 ], [ 126.437301, 35.449971 ], [ 126.42922, 35.43577 ], [ 126.431958, 35.432009 ], [ 126.446405, 35.435309 ], [ 126.450216, 35.427885 ], [ 126.469885, 35.425494 ], [ 126.476028, 35.429329 ], [ 126.479663, 35.426504 ], [ 126.479641, 35.42094 ], [ 126.492875, 35.409238 ], [ 126.48972, 35.393466 ], [ 126.477381, 35.386179 ], [ 126.482887, 35.384635 ], [ 126.486215, 35.37758 ], [ 126.497414, 35.373201 ], [ 126.493547, 35.350385 ], [ 126.496949, 35.350046 ], [ 126.503757, 35.358662 ], [ 126.512758, 35.362035 ], [ 126.52053, 35.348348 ], [ 126.513802, 35.327021 ], [ 126.521008, 35.32512 ], [ 126.52438, 35.313493 ], [ 126.529926, 35.312307 ], [ 126.532324, 35.306743 ], [ 126.548131, 35.313471 ], [ 126.560964, 35.311865 ], [ 126.563582, 35.309063 ], [ 126.568344, 35.311249 ], [ 126.584904, 35.300787 ], [ 126.590677, 35.310818 ], [ 126.589448, 35.317506 ], [ 126.580915, 35.317301 ], [ 126.583333, 35.318188 ], [ 126.580397, 35.323892 ], [ 126.584963, 35.330182 ], [ 126.595405, 35.329055 ], [ 126.604171, 35.335658 ], [ 126.626416, 35.321354 ], [ 126.644799, 35.319775 ], [ 126.646985, 35.324738 ], [ 126.644275, 35.327204 ], [ 126.651728, 35.326823 ], [ 126.659597, 35.334548 ], [ 126.660076, 35.34424 ], [ 126.664403, 35.345706 ], [ 126.666445, 35.351487 ], [ 126.685726, 35.344236 ], [ 126.69182, 35.351431 ], [ 126.699367, 35.349589 ], [ 126.704615, 35.36513 ], [ 126.7225, 35.36686 ], [ 126.73126, 35.376883 ], [ 126.732185, 35.383187 ], [ 126.729632, 35.39461 ], [ 126.722469, 35.399933 ], [ 126.736803, 35.403393 ], [ 126.748684, 35.415588 ], [ 126.7542, 35.416504 ], [ 126.751728, 35.435905 ], [ 126.743818, 35.440683 ], [ 126.737715, 35.449494 ], [ 126.741008, 35.452977 ], [ 126.7495, 35.451347 ], [ 126.764903, 35.467058 ], [ 126.781896, 35.470628 ], [ 126.792348, 35.467634 ], [ 126.813973, 35.468799 ], [ 126.81388, 35.484191 ], [ 126.818957, 35.486883 ], [ 126.826905, 35.486627 ], [ 126.830478, 35.480797 ], [ 126.843739, 35.47858 ], [ 126.841663, 35.466965 ], [ 126.837914, 35.464527 ], [ 126.840682, 35.461085 ], [ 126.850316, 35.465728 ], [ 126.869536, 35.46164 ], [ 126.881117, 35.455901 ], [ 126.884143, 35.451313 ], [ 126.896775, 35.447986 ], [ 126.899643, 35.4427 ], [ 126.905113, 35.440818 ], [ 126.897447, 35.434749 ], [ 126.904317, 35.429696 ], [ 126.903068, 35.420627 ], [ 126.907773, 35.42002 ], [ 126.908822, 35.415414 ], [ 126.916148, 35.415845 ], [ 126.920779, 35.410863 ], [ 126.917427, 35.402139 ], [ 126.93324, 35.40609 ], [ 126.929996, 35.400185 ], [ 126.935613, 35.394351 ], [ 126.95427, 35.396635 ], [ 126.963103, 35.394954 ], [ 126.976101, 35.400046 ], [ 126.970291, 35.419792 ], [ 126.971381, 35.427671 ], [ 126.981625, 35.426646 ], [ 126.985307, 35.436732 ], [ 126.994546, 35.439804 ], [ 127.0002, 35.452427 ], [ 127.000016, 35.462875 ], [ 127.003027, 35.464464 ], [ 127.014292, 35.457819 ], [ 127.023937, 35.464233 ], [ 127.034722, 35.466572 ], [ 127.037354, 35.433855 ], [ 127.040183, 35.431789 ], [ 127.044611, 35.433545 ], [ 127.052315, 35.426516 ], [ 127.045142, 35.40722 ], [ 127.04693, 35.402194 ], [ 127.041711, 35.398719 ], [ 127.027016, 35.399855 ], [ 127.027463, 35.394679 ], [ 127.030762, 35.389823 ], [ 127.03573, 35.390019 ], [ 127.039098, 35.380143 ], [ 127.043732, 35.378258 ], [ 127.049878, 35.377659 ], [ 127.057029, 35.383791 ], [ 127.064984, 35.375954 ], [ 127.063595, 35.369897 ], [ 127.070633, 35.365211 ], [ 127.06517, 35.356545 ], [ 127.0699, 35.351404 ], [ 127.067173, 35.345639 ], [ 127.070249, 35.339637 ], [ 127.062381, 35.336251 ], [ 127.052334, 35.340265 ], [ 127.050946, 35.329373 ], [ 127.043092, 35.321885 ], [ 127.050908, 35.316716 ], [ 127.061784, 35.317129 ], [ 127.068056, 35.311418 ], [ 127.079859, 35.310528 ], [ 127.105235, 35.299233 ], [ 127.125987, 35.303226 ], [ 127.129984, 35.309132 ], [ 127.145473, 35.30898 ], [ 127.146341, 35.315287 ], [ 127.160875, 35.327738 ], [ 127.170116, 35.332736 ], [ 127.175935, 35.331219 ], [ 127.186163, 35.336949 ], [ 127.184761, 35.326113 ], [ 127.203598, 35.315668 ], [ 127.212302, 35.316837 ], [ 127.216566, 35.330434 ], [ 127.222055, 35.334886 ], [ 127.232773, 35.333368 ], [ 127.257168, 35.31246 ], [ 127.286715, 35.314022 ], [ 127.309888, 35.304515 ], [ 127.323467, 35.307409 ], [ 127.330687, 35.314896 ], [ 127.354256, 35.322355 ], [ 127.375516, 35.312198 ], [ 127.380086, 35.303679 ], [ 127.384567, 35.302458 ], [ 127.392699, 35.307346 ], [ 127.392766, 35.312728 ], [ 127.408801, 35.32757 ], [ 127.42141, 35.35087 ], [ 127.436923, 35.362711 ], [ 127.454111, 35.360754 ], [ 127.470766, 35.365336 ], [ 127.480273, 35.363643 ], [ 127.485706, 35.35835 ], [ 127.502016, 35.358363 ], [ 127.516651, 35.347286 ], [ 127.524474, 35.344866 ], [ 127.530961, 35.33604 ], [ 127.540633, 35.334347 ], [ 127.542283, 35.3285 ], [ 127.566972, 35.318997 ], [ 127.577481, 35.308901 ], [ 127.594294, 35.31243 ], [ 127.604781, 35.318375 ], [ 127.607685, 35.325044 ], [ 127.615136, 35.330729 ], [ 127.620739, 35.332491 ], [ 127.623331, 35.342166 ], [ 127.612237, 35.35585 ], [ 127.610197, 35.365918 ], [ 127.625654, 35.376911 ], [ 127.625287, 35.384702 ], [ 127.636916, 35.401039 ], [ 127.646447, 35.402664 ], [ 127.660474, 35.414434 ], [ 127.665775, 35.427426 ], [ 127.665177, 35.435649 ], [ 127.67407, 35.44572 ], [ 127.670446, 35.448724 ], [ 127.661157, 35.447544 ], [ 127.653389, 35.451584 ], [ 127.645187, 35.449127 ], [ 127.636688, 35.459352 ], [ 127.636609, 35.478208 ], [ 127.653107, 35.486869 ], [ 127.650388, 35.4979 ], [ 127.644313, 35.499018 ], [ 127.63428, 35.512044 ], [ 127.634423, 35.520214 ], [ 127.625214, 35.525774 ], [ 127.628694, 35.535985 ], [ 127.624728, 35.533688 ], [ 127.619152, 35.536601 ], [ 127.612724, 35.535644 ], [ 127.606531, 35.542856 ], [ 127.594124, 35.547986 ], [ 127.59071, 35.554044 ], [ 127.584861, 35.553906 ], [ 127.596075, 35.573687 ], [ 127.611194, 35.583893 ], [ 127.607456, 35.594913 ], [ 127.612914, 35.598843 ], [ 127.613017, 35.608248 ], [ 127.621397, 35.615118 ], [ 127.635335, 35.618484 ], [ 127.625674, 35.629135 ], [ 127.620098, 35.646139 ], [ 127.629481, 35.65664 ], [ 127.628945, 35.664024 ], [ 127.640214, 35.67216 ], [ 127.639515, 35.686299 ], [ 127.645002, 35.698596 ], [ 127.660987, 35.709856 ], [ 127.662288, 35.76083 ], [ 127.665821, 35.768834 ], [ 127.669513, 35.771374 ], [ 127.679436, 35.768499 ], [ 127.684811, 35.777679 ], [ 127.700277, 35.789126 ], [ 127.718908, 35.796855 ], [ 127.724573, 35.8125 ], [ 127.729653, 35.813004 ], [ 127.73859, 35.827079 ], [ 127.738046, 35.835186 ], [ 127.744453, 35.844423 ], [ 127.757762, 35.836764 ], [ 127.76885, 35.838313 ], [ 127.783754, 35.850835 ], [ 127.804356, 35.858689 ], [ 127.813923, 35.853617 ], [ 127.826562, 35.868347 ], [ 127.841751, 35.866247 ], [ 127.844333, 35.875128 ], [ 127.853675, 35.881343 ], [ 127.850533, 35.890281 ], [ 127.858275, 35.897017 ], [ 127.85954, 35.906491 ], [ 127.869271, 35.90401 ], [ 127.879511, 35.90985 ], [ 127.885059, 35.909606 ], [ 127.888157, 35.914817 ], [ 127.882401, 35.919474 ], [ 127.882237, 35.928884 ], [ 127.908364, 35.941338 ], [ 127.911367, 35.949182 ], [ 127.902274, 35.956905 ], [ 127.896346, 35.977661 ], [ 127.889605, 35.979661 ], [ 127.893218, 35.986784 ], [ 127.875487, 35.996978 ], [ 127.878642, 36.002496 ], [ 127.875697, 36.008945 ], [ 127.876774, 36.022512 ] ], [ [ 126.643267, 35.794169 ], [ 126.638918, 35.79412 ], [ 126.637443, 35.79879 ], [ 126.63258, 35.800084 ], [ 126.621481, 35.787514 ], [ 126.627376, 35.780606 ], [ 126.628622, 35.749066 ], [ 126.624538, 35.748765 ], [ 126.622615, 35.743801 ], [ 126.611154, 35.736018 ], [ 126.597396, 35.714632 ], [ 126.584233, 35.707191 ], [ 126.580519, 35.700883 ], [ 126.568768, 35.692809 ], [ 126.573055, 35.690598 ], [ 126.569488, 35.684725 ], [ 126.568051, 35.693849 ], [ 126.558171, 35.698229 ], [ 126.53186, 35.730638 ], [ 126.527308, 35.730893 ], [ 126.519685, 35.737624 ], [ 126.484552, 35.811898 ], [ 126.487492, 35.817012 ], [ 126.480625, 35.819238 ], [ 126.499506, 35.837763 ], [ 126.498991, 35.84824 ], [ 126.53442, 35.934101 ], [ 126.540889, 35.932337 ], [ 126.540662, 35.943106 ], [ 126.593802, 35.948445 ], [ 126.616333, 35.942488 ], [ 126.610641, 35.917292 ], [ 126.614859, 35.890129 ], [ 126.612401, 35.886336 ], [ 126.618184, 35.886231 ], [ 126.617831, 35.888521 ], [ 126.628818, 35.886462 ], [ 126.629707, 35.891888 ], [ 126.630273, 35.885893 ], [ 126.667502, 35.883589 ], [ 126.674551, 35.889154 ], [ 126.683449, 35.842017 ], [ 126.690015, 35.841449 ], [ 126.691554, 35.825317 ], [ 126.706879, 35.796203 ], [ 126.697389, 35.798105 ], [ 126.652806, 35.791936 ], [ 126.643267, 35.794169 ] ] ], [ [ [ 126.246814, 35.576278 ], [ 126.244817, 35.577887 ], [ 126.242034, 35.573149 ], [ 126.249178, 35.574619 ], [ 126.249669, 35.57746 ], [ 126.246814, 35.576278 ] ] ], [ [ [ 126.12758, 35.639965 ], [ 126.120431, 35.645246 ], [ 126.112431, 35.642819 ], [ 126.112714, 35.63846 ], [ 126.120795, 35.640695 ], [ 126.125212, 35.635565 ], [ 126.128747, 35.636761 ], [ 126.12758, 35.639965 ] ] ], [ [ [ 126.110161, 35.658597 ], [ 126.110343, 35.665924 ], [ 126.101576, 35.660171 ], [ 126.108874, 35.656191 ], [ 126.110161, 35.658597 ] ] ], [ [ [ 126.078079, 35.88877 ], [ 126.071969, 35.888658 ], [ 126.071364, 35.887856 ], [ 126.07653, 35.887038 ], [ 126.078079, 35.88877 ] ] ], [ [ [ 126.223099, 36.013951 ], [ 126.219139, 36.015782 ], [ 126.217975, 36.011232 ], [ 126.226901, 36.011986 ], [ 126.223099, 36.013951 ] ] ], [ [ [ 126.2354, 36.016572 ], [ 126.231802, 36.017198 ], [ 126.231187, 36.014654 ], [ 126.2353, 36.013611 ], [ 126.2354, 36.016572 ] ] ], [ [ [ 126.218811, 36.020395 ], [ 126.21588, 36.021301 ], [ 126.218427, 36.017357 ], [ 126.219464, 36.019684 ], [ 126.218811, 36.020395 ] ] ], [ [ [ 125.976862, 36.126006 ], [ 125.966847, 36.126928 ], [ 125.972446, 36.114316 ], [ 125.975558, 36.112316 ], [ 125.977244, 36.114212 ], [ 125.978304, 36.110555 ], [ 125.987399, 36.113571 ], [ 125.98459, 36.113396 ], [ 125.980588, 36.119686 ], [ 125.984875, 36.121383 ], [ 125.990694, 36.112804 ], [ 125.992586, 36.121775 ], [ 125.984793, 36.121877 ], [ 125.976862, 36.126006 ] ] ], [ [ [ 126.296968, 35.588188 ], [ 126.298752, 35.585539 ], [ 126.299393, 35.590653 ], [ 126.298353, 35.59055 ], [ 126.296968, 35.588188 ] ] ], [ [ [ 126.299927, 35.620545 ], [ 126.304045, 35.612598 ], [ 126.297161, 35.612217 ], [ 126.294582, 35.604339 ], [ 126.290557, 35.605912 ], [ 126.292049, 35.609411 ], [ 126.287135, 35.608539 ], [ 126.284254, 35.61398 ], [ 126.275802, 35.615808 ], [ 126.285193, 35.606636 ], [ 126.281971, 35.600769 ], [ 126.278649, 35.603518 ], [ 126.279961, 35.605692 ], [ 126.275794, 35.603996 ], [ 126.271067, 35.608017 ], [ 126.271917, 35.605308 ], [ 126.268452, 35.605082 ], [ 126.273361, 35.598608 ], [ 126.266108, 35.597484 ], [ 126.264407, 35.59461 ], [ 126.257877, 35.598507 ], [ 126.257467, 35.593464 ], [ 126.26878, 35.593597 ], [ 126.271467, 35.590069 ], [ 126.260254, 35.588722 ], [ 126.258566, 35.585768 ], [ 126.255768, 35.589302 ], [ 126.249448, 35.588436 ], [ 126.249795, 35.584649 ], [ 126.254502, 35.583889 ], [ 126.250958, 35.580674 ], [ 126.255171, 35.580426 ], [ 126.253269, 35.577208 ], [ 126.256679, 35.576315 ], [ 126.255927, 35.573044 ], [ 126.266336, 35.567065 ], [ 126.266731, 35.568817 ], [ 126.262593, 35.571125 ], [ 126.265068, 35.575611 ], [ 126.279561, 35.580009 ], [ 126.289955, 35.592683 ], [ 126.302685, 35.595176 ], [ 126.315625, 35.609625 ], [ 126.307323, 35.620553 ], [ 126.303787, 35.621577 ], [ 126.301021, 35.620498 ], [ 126.304086, 35.621103 ], [ 126.305065, 35.61727 ], [ 126.299927, 35.620545 ] ] ], [ [ [ 126.293987, 35.617157 ], [ 126.288291, 35.614809 ], [ 126.289824, 35.61148 ], [ 126.291429, 35.6116 ], [ 126.293987, 35.617157 ] ] ], [ [ [ 126.287706, 35.625545 ], [ 126.289392, 35.62298 ], [ 126.289052, 35.625921 ], [ 126.294841, 35.628563 ], [ 126.290362, 35.632901 ], [ 126.273258, 35.631282 ], [ 126.276303, 35.630817 ], [ 126.276603, 35.627169 ], [ 126.278627, 35.630171 ], [ 126.281219, 35.62858 ], [ 126.286111, 35.631028 ], [ 126.286527, 35.626359 ], [ 126.282778, 35.625688 ], [ 126.284773, 35.622173 ], [ 126.287706, 35.625545 ] ] ], [ [ [ 126.374181, 35.819646 ], [ 126.369015, 35.82075 ], [ 126.366861, 35.810693 ], [ 126.375367, 35.800212 ], [ 126.37497, 35.804259 ], [ 126.382305, 35.80307 ], [ 126.378634, 35.809458 ], [ 126.376299, 35.808538 ], [ 126.376553, 35.813781 ], [ 126.373189, 35.812365 ], [ 126.370283, 35.815879 ], [ 126.374181, 35.819646 ] ] ], [ [ [ 126.392352, 35.821815 ], [ 126.38974, 35.822374 ], [ 126.389372, 35.818764 ], [ 126.39635, 35.814961 ], [ 126.397637, 35.818443 ], [ 126.392352, 35.821815 ] ] ], [ [ [ 126.387641, 35.852733 ], [ 126.386099, 35.856282 ], [ 126.367425, 35.85295 ], [ 126.365359, 35.848113 ], [ 126.359127, 35.848189 ], [ 126.372025, 35.846461 ], [ 126.387641, 35.852733 ] ] ], [ [ [ 126.347545, 35.853024 ], [ 126.339734, 35.854788 ], [ 126.337968, 35.852641 ], [ 126.341736, 35.849034 ], [ 126.353004, 35.849367 ], [ 126.351983, 35.852617 ], [ 126.347545, 35.853024 ] ] ], [ [ [ 126.393626, 35.855686 ], [ 126.396118, 35.858229 ], [ 126.387487, 35.854442 ], [ 126.390885, 35.854586 ], [ 126.393626, 35.855686 ] ] ], [ [ [ 126.326973, 35.854587 ], [ 126.326456, 35.859093 ], [ 126.322688, 35.857146 ], [ 126.314534, 35.85873 ], [ 126.315014, 35.856168 ], [ 126.319543, 35.856867 ], [ 126.319063, 35.853485 ], [ 126.326973, 35.854587 ] ] ], [ [ [ 126.451363, 35.747082 ], [ 126.448228, 35.748073 ], [ 126.43904, 35.74052 ], [ 126.45101, 35.738697 ], [ 126.45235, 35.735568 ], [ 126.448533, 35.73399 ], [ 126.453621, 35.728546 ], [ 126.456226, 35.734541 ], [ 126.462315, 35.735136 ], [ 126.458282, 35.736363 ], [ 126.457847, 35.737867 ], [ 126.460916, 35.737228 ], [ 126.451363, 35.747082 ] ] ], [ [ [ 126.437104, 35.804493 ], [ 126.440426, 35.806439 ], [ 126.437466, 35.810102 ], [ 126.437692, 35.80546 ], [ 126.433108, 35.805834 ], [ 126.432646, 35.808598 ], [ 126.433011, 35.80207 ], [ 126.431677, 35.802124 ], [ 126.426817, 35.80435 ], [ 126.425573, 35.805788 ], [ 126.421082, 35.806604 ], [ 126.419854, 35.808579 ], [ 126.413964, 35.798434 ], [ 126.425753, 35.793731 ], [ 126.428459, 35.798293 ], [ 126.439322, 35.801319 ], [ 126.437104, 35.804493 ] ] ], [ [ [ 126.410698, 35.814318 ], [ 126.402802, 35.812301 ], [ 126.401891, 35.804593 ], [ 126.407018, 35.809589 ], [ 126.410375, 35.807131 ], [ 126.408722, 35.805167 ], [ 126.412, 35.807962 ], [ 126.414784, 35.806229 ], [ 126.416475, 35.812638 ], [ 126.410698, 35.814318 ] ] ], [ [ [ 126.397377, 35.813303 ], [ 126.394593, 35.808879 ], [ 126.397722, 35.807779 ], [ 126.399762, 35.812915 ], [ 126.397377, 35.813303 ] ] ], [ [ [ 126.407614, 35.832143 ], [ 126.40355, 35.832452 ], [ 126.399532, 35.826932 ], [ 126.404424, 35.827806 ], [ 126.407832, 35.824368 ], [ 126.412089, 35.824875 ], [ 126.414626, 35.819756 ], [ 126.425586, 35.818076 ], [ 126.41638, 35.8239 ], [ 126.418405, 35.827081 ], [ 126.407614, 35.832143 ] ] ], [ [ [ 126.422341, 35.856828 ], [ 126.404685, 35.859096 ], [ 126.422737, 35.85365 ], [ 126.432536, 35.853972 ], [ 126.422341, 35.856828 ] ] ], [ [ [ 126.402032, 35.856678 ], [ 126.402152, 35.859814 ], [ 126.397392, 35.858108 ], [ 126.397857, 35.857373 ], [ 126.402032, 35.856678 ] ] ], [ [ [ 126.437824, 36.085686 ], [ 126.429174, 36.085407 ], [ 126.42988, 36.081381 ], [ 126.436033, 36.076913 ], [ 126.441554, 36.078294 ], [ 126.444864, 36.075952 ], [ 126.445234, 36.076767 ], [ 126.444629, 36.078469 ], [ 126.445891, 36.080026 ], [ 126.445967, 36.080797 ], [ 126.445832, 36.080034 ], [ 126.444512, 36.078411 ], [ 126.444671, 36.078237 ], [ 126.441828, 36.081184 ], [ 126.446397, 36.08172 ], [ 126.437824, 36.085686 ] ] ], [ [ [ 126.484364, 35.543172 ], [ 126.481949, 35.545609 ], [ 126.479492, 35.543614 ], [ 126.48255, 35.541702 ], [ 126.484364, 35.543172 ] ] ], [ [ [ 126.487257, 35.664436 ], [ 126.484713, 35.665194 ], [ 126.483968, 35.661778 ], [ 126.486894, 35.661775 ], [ 126.487257, 35.664436 ] ] ], [ [ [ 126.468023, 35.750717 ], [ 126.466867, 35.751894 ], [ 126.463946, 35.748917 ], [ 126.469317, 35.74759 ], [ 126.468023, 35.750717 ] ] ], [ [ [ 126.48429, 35.843809 ], [ 126.48163, 35.846162 ], [ 126.473528, 35.842228 ], [ 126.484103, 35.842483 ], [ 126.48429, 35.843809 ] ] ], [ [ [ 126.663019, 35.98633 ], [ 126.684205, 35.986269 ], [ 126.701125, 35.995447 ], [ 126.657386, 35.990071 ], [ 126.657585, 35.986517 ], [ 126.663019, 35.98633 ] ] ], [ [ [ 126.528606, 36.039578 ], [ 126.529252, 36.041817 ], [ 126.523914, 36.037851 ], [ 126.529658, 36.035703 ], [ 126.531687, 36.036854 ], [ 126.528606, 36.039578 ] ] ], [ [ [ 126.556271, 36.043276 ], [ 126.553174, 36.046477 ], [ 126.544283, 36.043786 ], [ 126.541079, 36.036413 ], [ 126.555383, 36.031444 ], [ 126.55499, 36.036908 ], [ 126.55814, 36.035978 ], [ 126.557352, 36.038556 ], [ 126.554543, 36.038226 ], [ 126.556271, 36.043276 ] ] ] ] } },
{ "type": "Feature", "properties": { "province_code": "46", "name_en": "South Jeolla Province", "name_ko": "전라남도" }, "geometry": { "type": "MultiPolygon", "coordinates": [ [ [ [ 127.577481, 35.308901 ], [ 127.566972, 35.318997 ], [ 127.542283, 35.3285 ], [ 127.540633, 35.334347 ], [ 127.530961, 35.33604 ], [ 127.524474, 35.344866 ], [ 127.516651, 35.347286 ], [ 127.502016, 35.358363 ], [ 127.485706, 35.35835 ], [ 127.480273, 35.363643 ], [ 127.470766, 35.365336 ], [ 127.454111, 35.360754 ], [ 127.436923, 35.362711 ], [ 127.42141, 35.35087 ], [ 127.408801, 35.32757 ], [ 127.392766, 35.312728 ], [ 127.392699, 35.307346 ], [ 127.384567, 35.302458 ], [ 127.380086, 35.303679 ], [ 127.375516, 35.312198 ], [ 127.354256, 35.322355 ], [ 127.330687, 35.314896 ], [ 127.323467, 35.307409 ], [ 127.309888, 35.304515 ], [ 127.286715, 35.314022 ], [ 127.257168, 35.31246 ], [ 127.232773, 35.333368 ], [ 127.222055, 35.334886 ], [ 127.216566, 35.330434 ], [ 127.212302, 35.316837 ], [ 127.203598, 35.315668 ], [ 127.184761, 35.326113 ], [ 127.186163, 35.336949 ], [ 127.175935, 35.331219 ], [ 127.170116, 35.332736 ], [ 127.160875, 35.327738 ], [ 127.146341, 35.315287 ], [ 127.145473, 35.30898 ], [ 127.129984, 35.309132 ], [ 127.125987, 35.303226 ], [ 127.105235, 35.299233 ], [ 127.079859, 35.310528 ], [ 127.068056, 35.311418 ], [ 127.061784, 35.317129 ], [ 127.050908, 35.316716 ], [ 127.043092, 35.321885 ], [ 127.050946, 35.329373 ], [ 127.052334, 35.340265 ], [ 127.062381, 35.336251 ], [ 127.070249, 35.339637 ], [ 127.067173, 35.345639 ], [ 127.0699, 35.351404 ], [ 127.06517, 35.356545 ], [ 127.070633, 35.365211 ], [ 127.063595, 35.369897 ], [ 127.064984, 35.375954 ], [ 127.057029, 35.383791 ], [ 127.049878, 35.377659 ], [ 127.043732, 35.378258 ], [ 127.039098, 35.380143 ], [ 127.03573, 35.390019 ], [ 127.030762, 35.389823 ], [ 127.027463, 35.394679 ], [ 127.027016, 35.399855 ], [ 127.041711, 35.398719 ], [ 127.04693, 35.402194 ], [ 127.045142, 35.40722 ], [ 127.052315, 35.426516 ], [ 127.044611, 35.433545 ], [ 127.040183, 35.431789 ], [ 127.037354, 35.433855 ], [ 127.034722, 35.466572 ], [ 127.023937, 35.464233 ], [ 127.014292, 35.457819 ], [ 127.003027, 35.464464 ], [ 127.000016, 35.462875 ], [ 127.0002, 35.452427 ], [ 126.994546, 35.439804 ], [ 126.985307, 35.436732 ], [ 126.981625, 35.426646 ], [ 126.971381, 35.427671 ], [ 126.970291, 35.419792 ], [ 126.976101, 35.400046 ], [ 126.963103, 35.394954 ], [ 126.95427, 35.396635 ], [ 126.935613, 35.394351 ], [ 126.929996, 35.400185 ], [ 126.93324, 35.40609 ], [ 126.917427, 35.402139 ], [ 126.920779, 35.410863 ], [ 126.916148, 35.415845 ], [ 126.908822, 35.415414 ], [ 126.907773, 35.42002 ], [ 126.903068, 35.420627 ], [ 126.904317, 35.429696 ], [ 126.897447, 35.434749 ], [ 126.905113, 35.440818 ], [ 126.899643, 35.4427 ], [ 126.896775, 35.447986 ], [ 126.884143, 35.451313 ], [ 126.881117, 35.455901 ], [ 126.869536, 35.46164 ], [ 126.850316, 35.465728 ], [ 126.840682, 35.461085 ], [ 126.837914, 35.464527 ], [ 126.841663, 35.466965 ], [ 126.843739, 35.47858 ], [ 126.830478, 35.480797 ], [ 126.826905, 35.486627 ], [ 126.818957, 35.486883 ], [ 126.81388, 35.484191 ], [ 126.813973, 35.468799 ], [ 126.792348, 35.467634 ], [ 126.781896, 35.470628 ], [ 126.764903, 35.467058 ], [ 126.7495, 35.451347 ], [ 126.741008, 35.452977 ], [ 126.737715, 35.449494 ], [ 126.743818, 35.440683 ], [ 126.751728, 35.435905 ], [ 126.7542, 35.416504 ], [ 126.748684, 35.415588 ], [ 126.736803, 35.403393 ], [ 126.722469, 35.399933 ], [ 126.729632, 35.39461 ], [ 126.732185, 35.383187 ], [ 126.73126, 35.376883 ], [ 126.7225, 35.36686 ], [ 126.704615, 35.36513 ], [ 126.699367, 35.349589 ], [ 126.69182, 35.351431 ], [ 126.685726, 35.344236 ], [ 126.666445, 35.351487 ], [ 126.664403, 35.345706 ], [ 126.660076, 35.34424 ], [ 126.659597, 35.334548 ], [ 126.651728, 35.326823 ], [ 126.644275, 35.327204 ], [ 126.646985, 35.324738 ], [ 126.644799, 35.319775 ], [ 126.626416, 35.321354 ], [ 126.604171, 35.335658 ], [ 126.595405, 35.329055 ], [ 126.584963, 35.330182 ], [ 126.580397, 35.323892 ], [ 126.583333, 35.318188 ], [ 126.580915, 35.317301 ], [ 126.589448, 35.317506 ], [ 126.590677, 35.310818 ], [ 126.584904, 35.300787 ], [ 126.568344, 35.311249 ], [ 126.563582, 35.309063 ], [ 126.560964, 35.311865 ], [ 126.548131, 35.313471 ], [ 126.532324, 35.306743 ], [ 126.529926, 35.312307 ], [ 126.52438, 35.313493 ], [ 126.521008, 35.32512 ], [ 126.513802, 35.327021 ], [ 126.52053, 35.348348 ], [ 126.512758, 35.362035 ], [ 126.503757, 35.358662 ], [ 126.496949, 35.350046 ], [ 126.493547, 35.350385 ], [ 126.497414, 35.373201 ], [ 126.486215, 35.37758 ], [ 126.482887, 35.384635 ], [ 126.477381, 35.386179 ], [ 126.48972, 35.393466 ], [ 126.492875, 35.409238 ], [ 126.479641, 35.42094 ], [ 126.479663, 35.426504 ], [ 126.476028, 35.429329 ], [ 126.469885, 35.425494 ], [ 126.453356, 35.426884 ], [ 126.450215, 35.427885 ], [ 126.447787, 35.429611 ], [ 126.444932, 35.427037 ], [ 126.439113, 35.429982 ], [ 126.427192, 35.425808 ], [ 126.424381, 35.429705 ], [ 126.407051, 35.417117 ], [ 126.411077, 35.413086 ], [ 126.403106, 35.404509 ], [ 126.411111, 35.405355 ], [ 126.404069, 35.403188 ], [ 126.409475, 35.398858 ], [ 126.402834, 35.397183 ], [ 126.403224, 35.39134 ], [ 126.403732, 35.394104 ], [ 126.407034, 35.392536 ], [ 126.407296, 35.388961 ], [ 126.403787, 35.389058 ], [ 126.40771, 35.387164 ], [ 126.408477, 35.381604 ], [ 126.418116, 35.383739 ], [ 126.421297, 35.381555 ], [ 126.414666, 35.377059 ], [ 126.410884, 35.379087 ], [ 126.410963, 35.376432 ], [ 126.417724, 35.373767 ], [ 126.419388, 35.369672 ], [ 126.429644, 35.367931 ], [ 126.431339, 35.359893 ], [ 126.440858, 35.361756 ], [ 126.439312, 35.359113 ], [ 126.446633, 35.357445 ], [ 126.450382, 35.345744 ], [ 126.443989, 35.340031 ], [ 126.435023, 35.341336 ], [ 126.431983, 35.338065 ], [ 126.435457, 35.343127 ], [ 126.432498, 35.346425 ], [ 126.436497, 35.343192 ], [ 126.435636, 35.342307 ], [ 126.446713, 35.344543 ], [ 126.443916, 35.355411 ], [ 126.427311, 35.358018 ], [ 126.419449, 35.364681 ], [ 126.412608, 35.362763 ], [ 126.406888, 35.365279 ], [ 126.406724, 35.362398 ], [ 126.40576, 35.362228 ], [ 126.402921, 35.363506 ], [ 126.403236, 35.368578 ], [ 126.396953, 35.368226 ], [ 126.378966, 35.328664 ], [ 126.37742, 35.306769 ], [ 126.374094, 35.301607 ], [ 126.380937, 35.29689 ], [ 126.374762, 35.300657 ], [ 126.369845, 35.291591 ], [ 126.371244, 35.284201 ], [ 126.352612, 35.28287 ], [ 126.350253, 35.28648 ], [ 126.335141, 35.283859 ], [ 126.329658, 35.269761 ], [ 126.332059, 35.267776 ], [ 126.3368, 35.270779 ], [ 126.346289, 35.27493 ], [ 126.348887, 35.27128 ], [ 126.346276, 35.274669 ], [ 126.339212, 35.27152 ], [ 126.342127, 35.268323 ], [ 126.337537, 35.270595 ], [ 126.325393, 35.262301 ], [ 126.328572, 35.259168 ], [ 126.324196, 35.25257 ], [ 126.326214, 35.24757 ], [ 126.331254, 35.24677 ], [ 126.331816, 35.253682 ], [ 126.343343, 35.259084 ], [ 126.3389, 35.254384 ], [ 126.340611, 35.252839 ], [ 126.342521, 35.248051 ], [ 126.347733, 35.24767 ], [ 126.3419, 35.247621 ], [ 126.338023, 35.254193 ], [ 126.333164, 35.252949 ], [ 126.33654, 35.245528 ], [ 126.32581, 35.241009 ], [ 126.323991, 35.235987 ], [ 126.324401, 35.242428 ], [ 126.315118, 35.247465 ], [ 126.311411, 35.253418 ], [ 126.300136, 35.231694 ], [ 126.300592, 35.210452 ], [ 126.304033, 35.209305 ], [ 126.305464, 35.211432 ], [ 126.302867, 35.211459 ], [ 126.306112, 35.211951 ], [ 126.314405, 35.209495 ], [ 126.31714, 35.214033 ], [ 126.313744, 35.220703 ], [ 126.31479, 35.220969 ], [ 126.319021, 35.21514 ], [ 126.316446, 35.205303 ], [ 126.328478, 35.202807 ], [ 126.339433, 35.207383 ], [ 126.33568, 35.215735 ], [ 126.340355, 35.212274 ], [ 126.342385, 35.213969 ], [ 126.337355, 35.192537 ], [ 126.353997, 35.196259 ], [ 126.353696, 35.201834 ], [ 126.365738, 35.205193 ], [ 126.376612, 35.212211 ], [ 126.378854, 35.208315 ], [ 126.372282, 35.198652 ], [ 126.367889, 35.19781 ], [ 126.373537, 35.190908 ], [ 126.368713, 35.187383 ], [ 126.369865, 35.186973 ], [ 126.371221, 35.185669 ], [ 126.370787, 35.184981 ], [ 126.368041, 35.187442 ], [ 126.35349, 35.184124 ], [ 126.360535, 35.17688 ], [ 126.359634, 35.168287 ], [ 126.36573, 35.168804 ], [ 126.374522, 35.157386 ], [ 126.383421, 35.15885 ], [ 126.38369, 35.149669 ], [ 126.388571, 35.145136 ], [ 126.386807, 35.142947 ], [ 126.396553, 35.134565 ], [ 126.402652, 35.137731 ], [ 126.42175, 35.106663 ], [ 126.45125, 35.106159 ], [ 126.453663, 35.10257 ], [ 126.46227, 35.103326 ], [ 126.465216, 35.099976 ], [ 126.457808, 35.089897 ], [ 126.436106, 35.086058 ], [ 126.457563, 35.073986 ], [ 126.451642, 35.072186 ], [ 126.445351, 35.058353 ], [ 126.430952, 35.052471 ], [ 126.419052, 35.042632 ], [ 126.427537, 35.027394 ], [ 126.417603, 35.026502 ], [ 126.41041, 35.02918 ], [ 126.403833, 35.026455 ], [ 126.39833, 35.032802 ], [ 126.400904, 35.0429 ], [ 126.390022, 35.042568 ], [ 126.392484, 35.048714 ], [ 126.40218, 35.050237 ], [ 126.398122, 35.052325 ], [ 126.407037, 35.060752 ], [ 126.402521, 35.06587 ], [ 126.403838, 35.070796 ], [ 126.397322, 35.075882 ], [ 126.390783, 35.064643 ], [ 126.38487, 35.065713 ], [ 126.386348, 35.078873 ], [ 126.389982, 35.082729 ], [ 126.394243, 35.082587 ], [ 126.394973, 35.082893 ], [ 126.391259, 35.085673 ], [ 126.380984, 35.081979 ], [ 126.383087, 35.07718 ], [ 126.370423, 35.061418 ], [ 126.365027, 35.065194 ], [ 126.367364, 35.071284 ], [ 126.363754, 35.076902 ], [ 126.366827, 35.078123 ], [ 126.362734, 35.079282 ], [ 126.362238, 35.075352 ], [ 126.357542, 35.07492 ], [ 126.350452, 35.079401 ], [ 126.350123, 35.07616 ], [ 126.345431, 35.075387 ], [ 126.342038, 35.081391 ], [ 126.342462, 35.086468 ], [ 126.351835, 35.087907 ], [ 126.352872, 35.099667 ], [ 126.343723, 35.091685 ], [ 126.334469, 35.09109 ], [ 126.3319, 35.093283 ], [ 126.335068, 35.102397 ], [ 126.32961, 35.109235 ], [ 126.332897, 35.110532 ], [ 126.330897, 35.114947 ], [ 126.34062, 35.120574 ], [ 126.338377, 35.12303 ], [ 126.34633, 35.137879 ], [ 126.346251, 35.15971 ], [ 126.335493, 35.149697 ], [ 126.326125, 35.1494 ], [ 126.330965, 35.141398 ], [ 126.32104, 35.127383 ], [ 126.307902, 35.127442 ], [ 126.305713, 35.131694 ], [ 126.308515, 35.132712 ], [ 126.308045, 35.137242 ], [ 126.296586, 35.137522 ], [ 126.291587, 35.141323 ], [ 126.290218, 35.135403 ], [ 126.27895, 35.135657 ], [ 126.273969, 35.15043 ], [ 126.270817, 35.149741 ], [ 126.271758, 35.145139 ], [ 126.263593, 35.145392 ], [ 126.258764, 35.142488 ], [ 126.256499, 35.138664 ], [ 126.261034, 35.131996 ], [ 126.257099, 35.130124 ], [ 126.255382, 35.134106 ], [ 126.252134, 35.133328 ], [ 126.253366, 35.130418 ], [ 126.24206, 35.111728 ], [ 126.260159, 35.104336 ], [ 126.262812, 35.095865 ], [ 126.259744, 35.093174 ], [ 126.236094, 35.101477 ], [ 126.232586, 35.098188 ], [ 126.218001, 35.106551 ], [ 126.211839, 35.105379 ], [ 126.211442, 35.101935 ], [ 126.19037, 35.112605 ], [ 126.181563, 35.108861 ], [ 126.178028, 35.103871 ], [ 126.172732, 35.105992 ], [ 126.159008, 35.098872 ], [ 126.156395, 35.090663 ], [ 126.168504, 35.080974 ], [ 126.16328, 35.079631 ], [ 126.161565, 35.066968 ], [ 126.16523, 35.067402 ], [ 126.167268, 35.072602 ], [ 126.17282, 35.063574 ], [ 126.180965, 35.067418 ], [ 126.181767, 35.061769 ], [ 126.184721, 35.062955 ], [ 126.182254, 35.057855 ], [ 126.191239, 35.059315 ], [ 126.192776, 35.064007 ], [ 126.192537, 35.061119 ], [ 126.202413, 35.061708 ], [ 126.20381, 35.056528 ], [ 126.202121, 35.058577 ], [ 126.194165, 35.056097 ], [ 126.205601, 35.039638 ], [ 126.205373, 35.042303 ], [ 126.206376, 35.039876 ], [ 126.209578, 35.040941 ], [ 126.209785, 35.045392 ], [ 126.204316, 35.054533 ], [ 126.203805, 35.056432 ], [ 126.204767, 35.05725 ], [ 126.207034, 35.054577 ], [ 126.222544, 35.057927 ], [ 126.232736, 35.053207 ], [ 126.23529, 35.04412 ], [ 126.227753, 35.038087 ], [ 126.232379, 35.026465 ], [ 126.227388, 35.022768 ], [ 126.227951, 35.019796 ], [ 126.2392, 35.018372 ], [ 126.244189, 35.027216 ], [ 126.248999, 35.011853 ], [ 126.253634, 35.015147 ], [ 126.254148, 35.01254 ], [ 126.256523, 35.013844 ], [ 126.256184, 35.021411 ], [ 126.262905, 35.019933 ], [ 126.266377, 35.029304 ], [ 126.274505, 35.034487 ], [ 126.273326, 35.038451 ], [ 126.264123, 35.042364 ], [ 126.259969, 35.053335 ], [ 126.276942, 35.054439 ], [ 126.281687, 35.061823 ], [ 126.28546, 35.062114 ], [ 126.295976, 35.05475 ], [ 126.290976, 35.049342 ], [ 126.301986, 35.046952 ], [ 126.296494, 35.04171 ], [ 126.304824, 35.045482 ], [ 126.314292, 35.054132 ], [ 126.313847, 35.057287 ], [ 126.301338, 35.059579 ], [ 126.300328, 35.062041 ], [ 126.316423, 35.070566 ], [ 126.311181, 35.075813 ], [ 126.317804, 35.078429 ], [ 126.31603, 35.086931 ], [ 126.321489, 35.089354 ], [ 126.333605, 35.087654 ], [ 126.344142, 35.07206 ], [ 126.340406, 35.063842 ], [ 126.331336, 35.061793 ], [ 126.349373, 35.056764 ], [ 126.352797, 35.052737 ], [ 126.346894, 35.050982 ], [ 126.352631, 35.039004 ], [ 126.357057, 35.038518 ], [ 126.356723, 35.042027 ], [ 126.370194, 35.047677 ], [ 126.374936, 35.044384 ], [ 126.380755, 35.049592 ], [ 126.389402, 35.036265 ], [ 126.390231, 35.024274 ], [ 126.385498, 35.023775 ], [ 126.333654, 34.994465 ], [ 126.333479, 34.992081 ], [ 126.340767, 34.997465 ], [ 126.358741, 34.992885 ], [ 126.358189, 34.984337 ], [ 126.35171, 34.983179 ], [ 126.345346, 34.97336 ], [ 126.327413, 34.966778 ], [ 126.326459, 34.971679 ], [ 126.320451, 34.9715 ], [ 126.318751, 34.981078 ], [ 126.315822, 34.974528 ], [ 126.308894, 34.975981 ], [ 126.312998, 34.988149 ], [ 126.305043, 34.98512 ], [ 126.303971, 34.976852 ], [ 126.297663, 34.976117 ], [ 126.294938, 34.965281 ], [ 126.300466, 34.957553 ], [ 126.306765, 34.955982 ], [ 126.309299, 34.948732 ], [ 126.321385, 34.943544 ], [ 126.310145, 34.933595 ], [ 126.304609, 34.93455 ], [ 126.306254, 34.927984 ], [ 126.311368, 34.926572 ], [ 126.31929, 34.932245 ], [ 126.321623, 34.928681 ], [ 126.326376, 34.93069 ], [ 126.329891, 34.927132 ], [ 126.329183, 34.916014 ], [ 126.343503, 34.914049 ], [ 126.351024, 34.916994 ], [ 126.352988, 34.922356 ], [ 126.368272, 34.919756 ], [ 126.371242, 34.924078 ], [ 126.366112, 34.927718 ], [ 126.366252, 34.932662 ], [ 126.373578, 34.939407 ], [ 126.374096, 34.942768 ], [ 126.365228, 34.942559 ], [ 126.371619, 34.948001 ], [ 126.371391, 34.953788 ], [ 126.375563, 34.957489 ], [ 126.367423, 34.963051 ], [ 126.36017, 34.962107 ], [ 126.359188, 34.968411 ], [ 126.360931, 34.972197 ], [ 126.370292, 34.973577 ], [ 126.365536, 34.985794 ], [ 126.367504, 34.995637 ], [ 126.374088, 34.998811 ], [ 126.373842, 34.989597 ], [ 126.380688, 34.987862 ], [ 126.379479, 34.971625 ], [ 126.390168, 34.967551 ], [ 126.394657, 34.962103 ], [ 126.387888, 34.947211 ], [ 126.389554, 34.940671 ], [ 126.39897, 34.934975 ], [ 126.394278, 34.93075 ], [ 126.392267, 34.930394 ], [ 126.389771, 34.928023 ], [ 126.388605, 34.928316 ], [ 126.387574, 34.927812 ], [ 126.387237, 34.927241 ], [ 126.39045, 34.927268 ], [ 126.391475, 34.921671 ], [ 126.399405, 34.91817 ], [ 126.405081, 34.911333 ], [ 126.400129, 34.899588 ], [ 126.396156, 34.897326 ], [ 126.391668, 34.899664 ], [ 126.39378, 34.894086 ], [ 126.386969, 34.877987 ], [ 126.392171, 34.882756 ], [ 126.401672, 34.88062 ], [ 126.395173, 34.869435 ], [ 126.403891, 34.864179 ], [ 126.40183, 34.860885 ], [ 126.407374, 34.852673 ], [ 126.405118, 34.848442 ], [ 126.412253, 34.845721 ], [ 126.412536, 34.842563 ], [ 126.400301, 34.843893 ], [ 126.397043, 34.838103 ], [ 126.388261, 34.836784 ], [ 126.386699, 34.829548 ], [ 126.381971, 34.83014 ], [ 126.385482, 34.829113 ], [ 126.363057, 34.807139 ], [ 126.365388, 34.80609 ], [ 126.362681, 34.806891 ], [ 126.359756, 34.805403 ], [ 126.365412, 34.803948 ], [ 126.359953, 34.799609 ], [ 126.357998, 34.803834 ], [ 126.349659, 34.79647 ], [ 126.365885, 34.78983 ], [ 126.369172, 34.780784 ], [ 126.381928, 34.779467 ], [ 126.391698, 34.788291 ], [ 126.388526, 34.780612 ], [ 126.402731, 34.785482 ], [ 126.409804, 34.784024 ], [ 126.414775, 34.788575 ], [ 126.411284, 34.793202 ], [ 126.425795, 34.792096 ], [ 126.440989, 34.79939 ], [ 126.449718, 34.782385 ], [ 126.433954, 34.77702 ], [ 126.425328, 34.778344 ], [ 126.40508, 34.771784 ], [ 126.3995, 34.774177 ], [ 126.381198, 34.768556 ], [ 126.380305, 34.760011 ], [ 126.373529, 34.75478 ], [ 126.380227, 34.757961 ], [ 126.380509, 34.752653 ], [ 126.36927, 34.747303 ], [ 126.365276, 34.749104 ], [ 126.362505, 34.744917 ], [ 126.363499, 34.7408 ], [ 126.389061, 34.731432 ], [ 126.387098, 34.723077 ], [ 126.370001, 34.706238 ], [ 126.368799, 34.698292 ], [ 126.35589, 34.692988 ], [ 126.346979, 34.699984 ], [ 126.34996, 34.705491 ], [ 126.347536, 34.710457 ], [ 126.338955, 34.718177 ], [ 126.330603, 34.720617 ], [ 126.330885, 34.733455 ], [ 126.327157, 34.73512 ], [ 126.329401, 34.738993 ], [ 126.322685, 34.73802 ], [ 126.318644, 34.741183 ], [ 126.322981, 34.745706 ], [ 126.319926, 34.749003 ], [ 126.317201, 34.750736 ], [ 126.311712, 34.745823 ], [ 126.306649, 34.748512 ], [ 126.310602, 34.753385 ], [ 126.30268, 34.759588 ], [ 126.297358, 34.762125 ], [ 126.288872, 34.759762 ], [ 126.274557, 34.727462 ], [ 126.280926, 34.717996 ], [ 126.274815, 34.717489 ], [ 126.270973, 34.702826 ], [ 126.26482, 34.702704 ], [ 126.262084, 34.707763 ], [ 126.260218, 34.70459 ], [ 126.258264, 34.694371 ], [ 126.261008, 34.683963 ], [ 126.25516, 34.679568 ], [ 126.260398, 34.676027 ], [ 126.258045, 34.674669 ], [ 126.260216, 34.669754 ], [ 126.255343, 34.664226 ], [ 126.263214, 34.658466 ], [ 126.259573, 34.653596 ], [ 126.268614, 34.647683 ], [ 126.267168, 34.642734 ], [ 126.25995, 34.645237 ], [ 126.260849, 34.640676 ], [ 126.272035, 34.63303 ], [ 126.278283, 34.632062 ], [ 126.277554, 34.629832 ], [ 126.285549, 34.630937 ], [ 126.288409, 34.636047 ], [ 126.293635, 34.631474 ], [ 126.287566, 34.624446 ], [ 126.289866, 34.620873 ], [ 126.280623, 34.621761 ], [ 126.284347, 34.617652 ], [ 126.280661, 34.609956 ], [ 126.287975, 34.605125 ], [ 126.282021, 34.603372 ], [ 126.283421, 34.600559 ], [ 126.279605, 34.596452 ], [ 126.291815, 34.592013 ], [ 126.295362, 34.600756 ], [ 126.298971, 34.598325 ], [ 126.299359, 34.590227 ], [ 126.312835, 34.58782 ], [ 126.303912, 34.577397 ], [ 126.304815, 34.575333 ], [ 126.309331, 34.576516 ], [ 126.305774, 34.573347 ], [ 126.313944, 34.566944 ], [ 126.321656, 34.570312 ], [ 126.329409, 34.569188 ], [ 126.333991, 34.573431 ], [ 126.350874, 34.567501 ], [ 126.354697, 34.569944 ], [ 126.353732, 34.564604 ], [ 126.36059, 34.564179 ], [ 126.362613, 34.558655 ], [ 126.363619, 34.560736 ], [ 126.372658, 34.561045 ], [ 126.375004, 34.558718 ], [ 126.37694, 34.562148 ], [ 126.383634, 34.561736 ], [ 126.384372, 34.55381 ], [ 126.389472, 34.550813 ], [ 126.385269, 34.542724 ], [ 126.378557, 34.539068 ], [ 126.387519, 34.532454 ], [ 126.403868, 34.540112 ], [ 126.399121, 34.547023 ], [ 126.401664, 34.544909 ], [ 126.409479, 34.548515 ], [ 126.418032, 34.547123 ], [ 126.415088, 34.558284 ], [ 126.419863, 34.554498 ], [ 126.430337, 34.555539 ], [ 126.436209, 34.550083 ], [ 126.432322, 34.544742 ], [ 126.436202, 34.542203 ], [ 126.434292, 34.539307 ], [ 126.438212, 34.540607 ], [ 126.438447, 34.538054 ], [ 126.434771, 34.536635 ], [ 126.433932, 34.535028 ], [ 126.434386, 34.534271 ], [ 126.44326, 34.539487 ], [ 126.446829, 34.535834 ], [ 126.456855, 34.535557 ], [ 126.460584, 34.532124 ], [ 126.443006, 34.526572 ], [ 126.442044, 34.522013 ], [ 126.452458, 34.523374 ], [ 126.454643, 34.520509 ], [ 126.456892, 34.523799 ], [ 126.455779, 34.519874 ], [ 126.462347, 34.52065 ], [ 126.471529, 34.506944 ], [ 126.456622, 34.501779 ], [ 126.459106, 34.496944 ], [ 126.464655, 34.496683 ], [ 126.460075, 34.490453 ], [ 126.466428, 34.485434 ], [ 126.464251, 34.481708 ], [ 126.455861, 34.482187 ], [ 126.455777, 34.477344 ], [ 126.462691, 34.467931 ], [ 126.467279, 34.471362 ], [ 126.472236, 34.468566 ], [ 126.467323, 34.456545 ], [ 126.477626, 34.450113 ], [ 126.471767, 34.446862 ], [ 126.464735, 34.454057 ], [ 126.454274, 34.44886 ], [ 126.462186, 34.445098 ], [ 126.476612, 34.427479 ], [ 126.481819, 34.426036 ], [ 126.482571, 34.424753 ], [ 126.483355, 34.424514 ], [ 126.480938, 34.430462 ], [ 126.483505, 34.43394 ], [ 126.489703, 34.435335 ], [ 126.496331, 34.431259 ], [ 126.506983, 34.440763 ], [ 126.513836, 34.434444 ], [ 126.508301, 34.42684 ], [ 126.516854, 34.414308 ], [ 126.504997, 34.405331 ], [ 126.487202, 34.408293 ], [ 126.489522, 34.404146 ], [ 126.492335, 34.405054 ], [ 126.486898, 34.401044 ], [ 126.491032, 34.399416 ], [ 126.49045, 34.39486 ], [ 126.494494, 34.394277 ], [ 126.491344, 34.392244 ], [ 126.498024, 34.389183 ], [ 126.497453, 34.385515 ], [ 126.496297, 34.383532 ], [ 126.486371, 34.385724 ], [ 126.483274, 34.389269 ], [ 126.481968, 34.384926 ], [ 126.471874, 34.384668 ], [ 126.475961, 34.381173 ], [ 126.48096, 34.383312 ], [ 126.474176, 34.378733 ], [ 126.480841, 34.376808 ], [ 126.481257, 34.373714 ], [ 126.475811, 34.37279 ], [ 126.487162, 34.362296 ], [ 126.482616, 34.364769 ], [ 126.480392, 34.361248 ], [ 126.478832, 34.363777 ], [ 126.476274, 34.364641 ], [ 126.48145, 34.358573 ], [ 126.47581, 34.355265 ], [ 126.468012, 34.36327 ], [ 126.465051, 34.362081 ], [ 126.466046, 34.357684 ], [ 126.471567, 34.354595 ], [ 126.47108, 34.348596 ], [ 126.473661, 34.347997 ], [ 126.474537, 34.35086 ], [ 126.475045, 34.348205 ], [ 126.47808, 34.349295 ], [ 126.479197, 34.354245 ], [ 126.490881, 34.359645 ], [ 126.495001, 34.359404 ], [ 126.492477, 34.355952 ], [ 126.495506, 34.358862 ], [ 126.498283, 34.357205 ], [ 126.502767, 34.365106 ], [ 126.510242, 34.365419 ], [ 126.520002, 34.361118 ], [ 126.517997, 34.357765 ], [ 126.521674, 34.357065 ], [ 126.522305, 34.347375 ], [ 126.519289, 34.344679 ], [ 126.525503, 34.33884 ], [ 126.526709, 34.33133 ], [ 126.524565, 34.328552 ], [ 126.521314, 34.32881 ], [ 126.518883, 34.328737 ], [ 126.524533, 34.328505 ], [ 126.513039, 34.319118 ], [ 126.519905, 34.31255 ], [ 126.514906, 34.306109 ], [ 126.516698, 34.296086 ], [ 126.521652, 34.29584 ], [ 126.522288, 34.292919 ], [ 126.528054, 34.293525 ], [ 126.532273, 34.299753 ], [ 126.529518, 34.298349 ], [ 126.528897, 34.301611 ], [ 126.544582, 34.303284 ], [ 126.557933, 34.321772 ], [ 126.585264, 34.3202 ], [ 126.59679, 34.312685 ], [ 126.605238, 34.315111 ], [ 126.600973, 34.319193 ], [ 126.603715, 34.333656 ], [ 126.598332, 34.335425 ], [ 126.603228, 34.33483 ], [ 126.600603, 34.33686 ], [ 126.609465, 34.344943 ], [ 126.604548, 34.344991 ], [ 126.60065, 34.348726 ], [ 126.606372, 34.349546 ], [ 126.619939, 34.359083 ], [ 126.619028, 34.364283 ], [ 126.614929, 34.364591 ], [ 126.621422, 34.370519 ], [ 126.618203, 34.372819 ], [ 126.620706, 34.378546 ], [ 126.613734, 34.379093 ], [ 126.610788, 34.38606 ], [ 126.621628, 34.396503 ], [ 126.616168, 34.402588 ], [ 126.624171, 34.408264 ], [ 126.628172, 34.402212 ], [ 126.631256, 34.407139 ], [ 126.633982, 34.406669 ], [ 126.634898, 34.412256 ], [ 126.645744, 34.40872 ], [ 126.643824, 34.412031 ], [ 126.647525, 34.413274 ], [ 126.64626, 34.418445 ], [ 126.651102, 34.417738 ], [ 126.650582, 34.423274 ], [ 126.657676, 34.42032 ], [ 126.660717, 34.421368 ], [ 126.660246, 34.42594 ], [ 126.664238, 34.427065 ], [ 126.673991, 34.416344 ], [ 126.677042, 34.416381 ], [ 126.677929, 34.421047 ], [ 126.673248, 34.427524 ], [ 126.682474, 34.427176 ], [ 126.698868, 34.440742 ], [ 126.71328, 34.439561 ], [ 126.711595, 34.442664 ], [ 126.718931, 34.445668 ], [ 126.725147, 34.441659 ], [ 126.747884, 34.472386 ], [ 126.752184, 34.471112 ], [ 126.752636, 34.471665 ], [ 126.753948, 34.471663 ], [ 126.754476, 34.471976 ], [ 126.753456, 34.475086 ], [ 126.749376, 34.472569 ], [ 126.738541, 34.486296 ], [ 126.753464, 34.492587 ], [ 126.758732, 34.489969 ], [ 126.758136, 34.495476 ], [ 126.765847, 34.499909 ], [ 126.761447, 34.50267 ], [ 126.758241, 34.526192 ], [ 126.772311, 34.525467 ], [ 126.773385, 34.527877 ], [ 126.765612, 34.530143 ], [ 126.764057, 34.533312 ], [ 126.764189, 34.540502 ], [ 126.768199, 34.541958 ], [ 126.768539, 34.5416 ], [ 126.769503, 34.541399 ], [ 126.769576, 34.541599 ], [ 126.764389, 34.545425 ], [ 126.765128, 34.549679 ], [ 126.766475, 34.55073 ], [ 126.767961, 34.554104 ], [ 126.768785, 34.554023 ], [ 126.768852, 34.554677 ], [ 126.765404, 34.563123 ], [ 126.770814, 34.589595 ], [ 126.768407, 34.592511 ], [ 126.771222, 34.597059 ], [ 126.769409, 34.617116 ], [ 126.779623, 34.623645 ], [ 126.78269, 34.635747 ], [ 126.783644, 34.624928 ], [ 126.778723, 34.616987 ], [ 126.782212, 34.597886 ], [ 126.777899, 34.594955 ], [ 126.783283, 34.587812 ], [ 126.786922, 34.588511 ], [ 126.791488, 34.583833 ], [ 126.786329, 34.577513 ], [ 126.795909, 34.567234 ], [ 126.788341, 34.558252 ], [ 126.792323, 34.558085 ], [ 126.78973, 34.554331 ], [ 126.79181, 34.548098 ], [ 126.800861, 34.549983 ], [ 126.801655, 34.554093 ], [ 126.80242, 34.55504 ], [ 126.801764, 34.54945 ], [ 126.791025, 34.540933 ], [ 126.789175, 34.534721 ], [ 126.791918, 34.528915 ], [ 126.788399, 34.525638 ], [ 126.790173, 34.520309 ], [ 126.786583, 34.512724 ], [ 126.791883, 34.510309 ], [ 126.789191, 34.507334 ], [ 126.792333, 34.501573 ], [ 126.789984, 34.49613 ], [ 126.793695, 34.495158 ], [ 126.791945, 34.488469 ], [ 126.795487, 34.488378 ], [ 126.79753, 34.480076 ], [ 126.787617, 34.476987 ], [ 126.785175, 34.468594 ], [ 126.79115, 34.466541 ], [ 126.808145, 34.468266 ], [ 126.804211, 34.458179 ], [ 126.806365, 34.450948 ], [ 126.811491, 34.454954 ], [ 126.81854, 34.446924 ], [ 126.818507, 34.449265 ], [ 126.82302, 34.446576 ], [ 126.826357, 34.449796 ], [ 126.829463, 34.447997 ], [ 126.839205, 34.453505 ], [ 126.838596, 34.449959 ], [ 126.842859, 34.448125 ], [ 126.844188, 34.451668 ], [ 126.854883, 34.442604 ], [ 126.861715, 34.441927 ], [ 126.86558, 34.434363 ], [ 126.868119, 34.438856 ], [ 126.87562, 34.435233 ], [ 126.883565, 34.421983 ], [ 126.886724, 34.434351 ], [ 126.878631, 34.44937 ], [ 126.870594, 34.455843 ], [ 126.884837, 34.457122 ], [ 126.925393, 34.452855 ], [ 126.927334, 34.447978 ], [ 126.938179, 34.447422 ], [ 126.938974, 34.451605 ], [ 126.948286, 34.456688 ], [ 126.941255, 34.462296 ], [ 126.937478, 34.475553 ], [ 126.941009, 34.482905 ], [ 126.945023, 34.483616 ], [ 126.956076, 34.468354 ], [ 126.962073, 34.469414 ], [ 126.967877, 34.478437 ], [ 126.975159, 34.474803 ], [ 126.975994, 34.46991 ], [ 126.978347, 34.470905 ], [ 126.975646, 34.475315 ], [ 126.978639, 34.477603 ], [ 126.9766, 34.48828 ], [ 126.963006, 34.495387 ], [ 126.969043, 34.505114 ], [ 126.968041, 34.51008 ], [ 126.976873, 34.509755 ], [ 126.978911, 34.511607 ], [ 126.973441, 34.514738 ], [ 126.973708, 34.523579 ], [ 126.964846, 34.523059 ], [ 126.961601, 34.524685 ], [ 126.963102, 34.528658 ], [ 126.957716, 34.530856 ], [ 126.971912, 34.542956 ], [ 126.988572, 34.540767 ], [ 126.985719, 34.547252 ], [ 126.989956, 34.552983 ], [ 126.986521, 34.555523 ], [ 126.988825, 34.561802 ], [ 126.998099, 34.562401 ], [ 127.004357, 34.556392 ], [ 127.006677, 34.56975 ], [ 126.998058, 34.565672 ], [ 126.994057, 34.569514 ], [ 126.992123, 34.566941 ], [ 126.985836, 34.568503 ], [ 126.978906, 34.574028 ], [ 126.993128, 34.584204 ], [ 126.992568, 34.593735 ], [ 126.999446, 34.597915 ], [ 126.997261, 34.604317 ], [ 127.00264, 34.60309 ], [ 127.003402, 34.607262 ], [ 127.006264, 34.605702 ], [ 127.00892, 34.608712 ], [ 126.99363, 34.614579 ], [ 126.994132, 34.623278 ], [ 126.988526, 34.621683 ], [ 126.978334, 34.6245 ], [ 126.966774, 34.622701 ], [ 126.965061, 34.619412 ], [ 126.956452, 34.630816 ], [ 126.952488, 34.629665 ], [ 126.953647, 34.631931 ], [ 126.955709, 34.632346 ], [ 126.967339, 34.625236 ], [ 126.984366, 34.628001 ], [ 127.012702, 34.624139 ], [ 127.030858, 34.629838 ], [ 127.038239, 34.636838 ], [ 127.043516, 34.636997 ], [ 127.045204, 34.633649 ], [ 127.056406, 34.648199 ], [ 127.06355, 34.65199 ], [ 127.061329, 34.65399 ], [ 127.067197, 34.662285 ], [ 127.06564, 34.665001 ], [ 127.071971, 34.661559 ], [ 127.079344, 34.666258 ], [ 127.084395, 34.664391 ], [ 127.084381, 34.667294 ], [ 127.086634, 34.66468 ], [ 127.084889, 34.667133 ], [ 127.083851, 34.667549 ], [ 127.086169, 34.669773 ], [ 127.096197, 34.668464 ], [ 127.099306, 34.675299 ], [ 127.110357, 34.679155 ], [ 127.108755, 34.68171 ], [ 127.111222, 34.68011 ], [ 127.113783, 34.695691 ], [ 127.116716, 34.694411 ], [ 127.123982, 34.702422 ], [ 127.127704, 34.702486 ], [ 127.128782, 34.707086 ], [ 127.129536, 34.702903 ], [ 127.135222, 34.701818 ], [ 127.142958, 34.692125 ], [ 127.149867, 34.694299 ], [ 127.166483, 34.691311 ], [ 127.172011, 34.691916 ], [ 127.170639, 34.693974 ], [ 127.175423, 34.69131 ], [ 127.186464, 34.694449 ], [ 127.183999, 34.695665 ], [ 127.187504, 34.69538 ], [ 127.190811, 34.704159 ], [ 127.198247, 34.705769 ], [ 127.199214, 34.713344 ], [ 127.205744, 34.718523 ], [ 127.210191, 34.728942 ], [ 127.210809, 34.729099 ], [ 127.21233, 34.728036 ], [ 127.212774, 34.728224 ], [ 127.209285, 34.737888 ], [ 127.22931, 34.757643 ], [ 127.22885, 34.761641 ], [ 127.237957, 34.764833 ], [ 127.240829, 34.764843 ], [ 127.240704, 34.760088 ], [ 127.229638, 34.757979 ], [ 127.246823, 34.761062 ], [ 127.244526, 34.756532 ], [ 127.252361, 34.748234 ], [ 127.252528, 34.742064 ], [ 127.264156, 34.730733 ], [ 127.265337, 34.73643 ], [ 127.271818, 34.742005 ], [ 127.279091, 34.737992 ], [ 127.277926, 34.734309 ], [ 127.285764, 34.736361 ], [ 127.292478, 34.730974 ], [ 127.296721, 34.742562 ], [ 127.300974, 34.744088 ], [ 127.303547, 34.749786 ], [ 127.315293, 34.75318 ], [ 127.327031, 34.751961 ], [ 127.327132, 34.733445 ], [ 127.332827, 34.715179 ], [ 127.338431, 34.713344 ], [ 127.340232, 34.715159 ], [ 127.343346, 34.716077 ], [ 127.344592, 34.709649 ], [ 127.33225, 34.70684 ], [ 127.331251, 34.69925 ], [ 127.32574, 34.693871 ], [ 127.327391, 34.68942 ], [ 127.317708, 34.681765 ], [ 127.320776, 34.678568 ], [ 127.319778, 34.66993 ], [ 127.314408, 34.664177 ], [ 127.297074, 34.668442 ], [ 127.29576, 34.666389 ], [ 127.295092, 34.666079 ], [ 127.288139, 34.667154 ], [ 127.282775, 34.657474 ], [ 127.285784, 34.669184 ], [ 127.279194, 34.672235 ], [ 127.277092, 34.677491 ], [ 127.28045, 34.677962 ], [ 127.279839, 34.686894 ], [ 127.285823, 34.69182 ], [ 127.281997, 34.694771 ], [ 127.286271, 34.696505 ], [ 127.279397, 34.699547 ], [ 127.281772, 34.70395 ], [ 127.276954, 34.711339 ], [ 127.280923, 34.717985 ], [ 127.275025, 34.719445 ], [ 127.269371, 34.712045 ], [ 127.263263, 34.716409 ], [ 127.258972, 34.711738 ], [ 127.251547, 34.711606 ], [ 127.253713, 34.704268 ], [ 127.246714, 34.70508 ], [ 127.24796, 34.702415 ], [ 127.239711, 34.69817 ], [ 127.242321, 34.693085 ], [ 127.236838, 34.692957 ], [ 127.243801, 34.683787 ], [ 127.239545, 34.680442 ], [ 127.232639, 34.680862 ], [ 127.229828, 34.664235 ], [ 127.226316, 34.662015 ], [ 127.227945, 34.654514 ], [ 127.198202, 34.64763 ], [ 127.197579, 34.650984 ], [ 127.196084, 34.651359 ], [ 127.194713, 34.644298 ], [ 127.189558, 34.643438 ], [ 127.183686, 34.633295 ], [ 127.172913, 34.62688 ], [ 127.173093, 34.606307 ], [ 127.16801, 34.602491 ], [ 127.171564, 34.594595 ], [ 127.162626, 34.589876 ], [ 127.1504, 34.593926 ], [ 127.149019, 34.600171 ], [ 127.143121, 34.590273 ], [ 127.145778, 34.585143 ], [ 127.141473, 34.580553 ], [ 127.133393, 34.578272 ], [ 127.131178, 34.575551 ], [ 127.136654, 34.575405 ], [ 127.135155, 34.572464 ], [ 127.130438, 34.572398 ], [ 127.131112, 34.57441 ], [ 127.118631, 34.564963 ], [ 127.120344, 34.563301 ], [ 127.113864, 34.558584 ], [ 127.112411, 34.546579 ], [ 127.122325, 34.540459 ], [ 127.123203, 34.527252 ], [ 127.123825, 34.529458 ], [ 127.130323, 34.528852 ], [ 127.135858, 34.523696 ], [ 127.139132, 34.523581 ], [ 127.138077, 34.526521 ], [ 127.147162, 34.520507 ], [ 127.151826, 34.521121 ], [ 127.15171, 34.5266 ], [ 127.153513, 34.524069 ], [ 127.16669, 34.526191 ], [ 127.171733, 34.521611 ], [ 127.17063, 34.518861 ], [ 127.178421, 34.531213 ], [ 127.195201, 34.53251 ], [ 127.199833, 34.524507 ], [ 127.212029, 34.516912 ], [ 127.208682, 34.525749 ], [ 127.209774, 34.527908 ], [ 127.214454, 34.524635 ], [ 127.221102, 34.534903 ], [ 127.225536, 34.526483 ], [ 127.23411, 34.524354 ], [ 127.230939, 34.518448 ], [ 127.240788, 34.518556 ], [ 127.243922, 34.515056 ], [ 127.245848, 34.515266 ], [ 127.244107, 34.521559 ], [ 127.245962, 34.523794 ], [ 127.244164, 34.52147 ], [ 127.255501, 34.521023 ], [ 127.260937, 34.513179 ], [ 127.27185, 34.508361 ], [ 127.274468, 34.50072 ], [ 127.276585, 34.502912 ], [ 127.283261, 34.50199 ], [ 127.283685, 34.497122 ], [ 127.278662, 34.495322 ], [ 127.283177, 34.491133 ], [ 127.273777, 34.49218 ], [ 127.268077, 34.481872 ], [ 127.27712, 34.477937 ], [ 127.277395, 34.480647 ], [ 127.281154, 34.480925 ], [ 127.280631, 34.478758 ], [ 127.289293, 34.476153 ], [ 127.293202, 34.470958 ], [ 127.301133, 34.471012 ], [ 127.297952, 34.463511 ], [ 127.30444, 34.464748 ], [ 127.301873, 34.458076 ], [ 127.310345, 34.462117 ], [ 127.308516, 34.45821 ], [ 127.313012, 34.459753 ], [ 127.316041, 34.455253 ], [ 127.315419, 34.453 ], [ 127.304583, 34.453659 ], [ 127.306211, 34.448538 ], [ 127.312921, 34.449771 ], [ 127.313449, 34.444281 ], [ 127.318459, 34.445488 ], [ 127.320753, 34.443721 ], [ 127.318515, 34.442446 ], [ 127.322295, 34.441774 ], [ 127.326859, 34.446216 ], [ 127.327791, 34.441652 ], [ 127.338744, 34.445604 ], [ 127.340129, 34.449571 ], [ 127.334817, 34.449277 ], [ 127.338944, 34.457133 ], [ 127.332126, 34.455488 ], [ 127.333064, 34.458034 ], [ 127.326719, 34.461887 ], [ 127.322596, 34.463001 ], [ 127.323189, 34.459594 ], [ 127.319784, 34.459815 ], [ 127.315867, 34.464044 ], [ 127.319494, 34.462692 ], [ 127.31874, 34.467619 ], [ 127.323776, 34.470511 ], [ 127.327575, 34.466237 ], [ 127.331368, 34.468529 ], [ 127.333773, 34.463799 ], [ 127.336694, 34.469655 ], [ 127.325232, 34.47357 ], [ 127.325035, 34.476652 ], [ 127.33106, 34.476167 ], [ 127.332509, 34.47958 ], [ 127.340385, 34.481211 ], [ 127.340971, 34.480479 ], [ 127.343824, 34.481048 ], [ 127.338189, 34.482891 ], [ 127.341097, 34.48528 ], [ 127.340028, 34.489579 ], [ 127.343847, 34.48783 ], [ 127.342627, 34.483358 ], [ 127.348962, 34.48385 ], [ 127.349418, 34.480496 ], [ 127.345007, 34.478862 ], [ 127.347851, 34.477532 ], [ 127.355369, 34.487163 ], [ 127.353426, 34.490529 ], [ 127.358119, 34.492335 ], [ 127.366028, 34.487805 ], [ 127.365728, 34.483582 ], [ 127.370804, 34.480099 ], [ 127.374247, 34.480724 ], [ 127.37846, 34.488217 ], [ 127.379593, 34.482871 ], [ 127.383552, 34.487329 ], [ 127.387041, 34.483322 ], [ 127.391376, 34.488299 ], [ 127.385748, 34.491025 ], [ 127.385175, 34.497566 ], [ 127.377889, 34.504429 ], [ 127.384109, 34.503966 ], [ 127.388327, 34.510339 ], [ 127.392456, 34.509468 ], [ 127.393991, 34.505205 ], [ 127.403808, 34.505067 ], [ 127.407033, 34.512098 ], [ 127.402508, 34.515128 ], [ 127.40568, 34.51949 ], [ 127.413483, 34.521619 ], [ 127.418566, 34.518614 ], [ 127.418233, 34.515586 ], [ 127.426847, 34.513465 ], [ 127.425327, 34.511174 ], [ 127.430858, 34.513082 ], [ 127.421695, 34.518292 ], [ 127.431272, 34.520232 ], [ 127.426085, 34.520853 ], [ 127.422049, 34.5302 ], [ 127.427111, 34.530984 ], [ 127.428244, 34.536993 ], [ 127.435279, 34.535431 ], [ 127.435201, 34.540399 ], [ 127.42629, 34.540961 ], [ 127.428363, 34.54461 ], [ 127.431654, 34.543346 ], [ 127.436592, 34.546684 ], [ 127.437681, 34.550373 ], [ 127.432354, 34.551833 ], [ 127.428766, 34.547989 ], [ 127.42608, 34.551393 ], [ 127.431779, 34.555798 ], [ 127.419749, 34.55072 ], [ 127.41691, 34.553486 ], [ 127.423332, 34.556909 ], [ 127.415113, 34.55536 ], [ 127.415603, 34.55867 ], [ 127.410249, 34.555151 ], [ 127.396222, 34.559314 ], [ 127.396035, 34.563598 ], [ 127.404054, 34.568817 ], [ 127.40694, 34.567463 ], [ 127.40712, 34.567037 ], [ 127.402863, 34.563011 ], [ 127.403045, 34.562671 ], [ 127.405736, 34.560911 ], [ 127.406232, 34.560714 ], [ 127.419735, 34.563282 ], [ 127.420567, 34.567443 ], [ 127.42932, 34.565422 ], [ 127.426264, 34.57073 ], [ 127.417831, 34.574091 ], [ 127.415563, 34.568841 ], [ 127.404147, 34.568874 ], [ 127.40363, 34.573119 ], [ 127.40927, 34.579074 ], [ 127.40608, 34.580298 ], [ 127.399228, 34.5758 ], [ 127.393936, 34.580957 ], [ 127.395333, 34.586865 ], [ 127.412094, 34.590591 ], [ 127.412043, 34.588039 ], [ 127.415315, 34.589458 ], [ 127.41445, 34.585002 ], [ 127.419847, 34.582846 ], [ 127.422605, 34.586601 ], [ 127.426394, 34.584847 ], [ 127.427175, 34.587933 ], [ 127.433733, 34.588508 ], [ 127.433605, 34.582217 ], [ 127.445829, 34.576825 ], [ 127.445, 34.580383 ], [ 127.45083, 34.57995 ], [ 127.457141, 34.58457 ], [ 127.45262, 34.587612 ], [ 127.457526, 34.591638 ], [ 127.457346, 34.592588 ], [ 127.457723, 34.59433 ], [ 127.457534, 34.595427 ], [ 127.45747, 34.597475 ], [ 127.457573, 34.597478 ], [ 127.457891, 34.592223 ], [ 127.46193, 34.591161 ], [ 127.461146, 34.584885 ], [ 127.466641, 34.583292 ], [ 127.461076, 34.581293 ], [ 127.47325, 34.574494 ], [ 127.477446, 34.579857 ], [ 127.486984, 34.574027 ], [ 127.487455, 34.582234 ], [ 127.495697, 34.585818 ], [ 127.496596, 34.590599 ], [ 127.507865, 34.593588 ], [ 127.503517, 34.608774 ], [ 127.494706, 34.615963 ], [ 127.498511, 34.618814 ], [ 127.493647, 34.626802 ], [ 127.496686, 34.631406 ], [ 127.492227, 34.635931 ], [ 127.491631, 34.632237 ], [ 127.49014, 34.63492 ], [ 127.476561, 34.634659 ], [ 127.459797, 34.641105 ], [ 127.461948, 34.641856 ], [ 127.458399, 34.647165 ], [ 127.463573, 34.649626 ], [ 127.467738, 34.642839 ], [ 127.473105, 34.641395 ], [ 127.477017, 34.648777 ], [ 127.479819, 34.645315 ], [ 127.490304, 34.642435 ], [ 127.49139, 34.645859 ], [ 127.48621, 34.648567 ], [ 127.489804, 34.649276 ], [ 127.486295, 34.651791 ], [ 127.481188, 34.649778 ], [ 127.477147, 34.65295 ], [ 127.479332, 34.654481 ], [ 127.479766, 34.655651 ], [ 127.473744, 34.654235 ], [ 127.475108, 34.658078 ], [ 127.469651, 34.660451 ], [ 127.47008, 34.664775 ], [ 127.467078, 34.664369 ], [ 127.467123, 34.661161 ], [ 127.455531, 34.668138 ], [ 127.449196, 34.662413 ], [ 127.44546, 34.661726 ], [ 127.441935, 34.662884 ], [ 127.446468, 34.664922 ], [ 127.442564, 34.667727 ], [ 127.446468, 34.667797 ], [ 127.448029, 34.672566 ], [ 127.444898, 34.674233 ], [ 127.443137, 34.67227 ], [ 127.437424, 34.677957 ], [ 127.428066, 34.673984 ], [ 127.426032, 34.677233 ], [ 127.432824, 34.679553 ], [ 127.424929, 34.682563 ], [ 127.427765, 34.685201 ], [ 127.423293, 34.68655 ], [ 127.423435, 34.691951 ], [ 127.418114, 34.690386 ], [ 127.415387, 34.695117 ], [ 127.406871, 34.696614 ], [ 127.40734, 34.699209 ], [ 127.401307, 34.703152 ], [ 127.406928, 34.702565 ], [ 127.406238, 34.704737 ], [ 127.390986, 34.710563 ], [ 127.388306, 34.717556 ], [ 127.391973, 34.718665 ], [ 127.384405, 34.721088 ], [ 127.378545, 34.727117 ], [ 127.379294, 34.732685 ], [ 127.373046, 34.740838 ], [ 127.379933, 34.750952 ], [ 127.388808, 34.752007 ], [ 127.397161, 34.757317 ], [ 127.402398, 34.767259 ], [ 127.393109, 34.776138 ], [ 127.385235, 34.774673 ], [ 127.386986, 34.784005 ], [ 127.393217, 34.783672 ], [ 127.387727, 34.788102 ], [ 127.392445, 34.791966 ], [ 127.392854, 34.791034 ], [ 127.39479, 34.791024 ], [ 127.394724, 34.790703 ], [ 127.394756, 34.79054 ], [ 127.39499, 34.790257 ], [ 127.396205, 34.789576 ], [ 127.396792, 34.789828 ], [ 127.397268, 34.789412 ], [ 127.395092, 34.796743 ], [ 127.402657, 34.79832 ], [ 127.406463, 34.803001 ], [ 127.412763, 34.802594 ], [ 127.41786, 34.809412 ], [ 127.422041, 34.808984 ], [ 127.427771, 34.813765 ], [ 127.42497, 34.816217 ], [ 127.418423, 34.811208 ], [ 127.400502, 34.816997 ], [ 127.395574, 34.813637 ], [ 127.391915, 34.814523 ], [ 127.382936, 34.826682 ], [ 127.366779, 34.831006 ], [ 127.354127, 34.836756 ], [ 127.352203, 34.84055 ], [ 127.344578, 34.840475 ], [ 127.350597, 34.842022 ], [ 127.349612, 34.844411 ], [ 127.36745, 34.835254 ], [ 127.380244, 34.837482 ], [ 127.386919, 34.834618 ], [ 127.391008, 34.827687 ], [ 127.40104, 34.824831 ], [ 127.416593, 34.830289 ], [ 127.41162, 34.838511 ], [ 127.42175, 34.831745 ], [ 127.427647, 34.835443 ], [ 127.433322, 34.834445 ], [ 127.434144, 34.841986 ], [ 127.437735, 34.851898 ], [ 127.440488, 34.855259 ], [ 127.436458, 34.846949 ], [ 127.438811, 34.846052 ], [ 127.443141, 34.849806 ], [ 127.443954, 34.853879 ], [ 127.444445, 34.854978 ], [ 127.444837, 34.854766 ], [ 127.443084, 34.849023 ], [ 127.439728, 34.845619 ], [ 127.442048, 34.844871 ], [ 127.436371, 34.844103 ], [ 127.439951, 34.836408 ], [ 127.447197, 34.836825 ], [ 127.450087, 34.833179 ], [ 127.450429, 34.839539 ], [ 127.461305, 34.840123 ], [ 127.466917, 34.844872 ], [ 127.484008, 34.839816 ], [ 127.493408, 34.846289 ], [ 127.489617, 34.855078 ], [ 127.494933, 34.860909 ], [ 127.49218, 34.864044 ], [ 127.493897, 34.866999 ], [ 127.490559, 34.865906 ], [ 127.485979, 34.866592 ], [ 127.490522, 34.866041 ], [ 127.491342, 34.875061 ], [ 127.490615, 34.87668 ], [ 127.487669, 34.876577 ], [ 127.483346, 34.880433 ], [ 127.481319, 34.878718 ], [ 127.481156, 34.878847 ], [ 127.481545, 34.883085 ], [ 127.487547, 34.877177 ], [ 127.490655, 34.879456 ], [ 127.491803, 34.875263 ], [ 127.500747, 34.877133 ], [ 127.503938, 34.874552 ], [ 127.514568, 34.878521 ], [ 127.509148, 34.884176 ], [ 127.513086, 34.886774 ], [ 127.520357, 34.890437 ], [ 127.524564, 34.890643 ], [ 127.52754, 34.889998 ], [ 127.520277, 34.889783 ], [ 127.51438, 34.883488 ], [ 127.514204, 34.881941 ], [ 127.518573, 34.880932 ], [ 127.519625, 34.882287 ], [ 127.520646, 34.882119 ], [ 127.520797, 34.881802 ], [ 127.515908, 34.866041 ], [ 127.522293, 34.861334 ], [ 127.519367, 34.860275 ], [ 127.522901, 34.857751 ], [ 127.522426, 34.85013 ], [ 127.525857, 34.845541 ], [ 127.524299, 34.845267 ], [ 127.522366, 34.843608 ], [ 127.521849, 34.843974 ], [ 127.522423, 34.843399 ], [ 127.523792, 34.84389 ], [ 127.525119, 34.845381 ], [ 127.52974, 34.841782 ], [ 127.543522, 34.842022 ], [ 127.538064, 34.831277 ], [ 127.526815, 34.822566 ], [ 127.522865, 34.809966 ], [ 127.527589, 34.811243 ], [ 127.529505, 34.807933 ], [ 127.538593, 34.805148 ], [ 127.545724, 34.810389 ], [ 127.557786, 34.806957 ], [ 127.560739, 34.802523 ], [ 127.557881, 34.796133 ], [ 127.565452, 34.792647 ], [ 127.569404, 34.783114 ], [ 127.57302, 34.782215 ], [ 127.570538, 34.778731 ], [ 127.563617, 34.780346 ], [ 127.558946, 34.777473 ], [ 127.571806, 34.774879 ], [ 127.57533, 34.769924 ], [ 127.572814, 34.760301 ], [ 127.578857, 34.761294 ], [ 127.581569, 34.76908 ], [ 127.585166, 34.767512 ], [ 127.590576, 34.753419 ], [ 127.584218, 34.750529 ], [ 127.59038, 34.751127 ], [ 127.594144, 34.748413 ], [ 127.59283, 34.743701 ], [ 127.582723, 34.745371 ], [ 127.584153, 34.739484 ], [ 127.578454, 34.739074 ], [ 127.579939, 34.735557 ], [ 127.576884, 34.731688 ], [ 127.56744, 34.727861 ], [ 127.56131, 34.731825 ], [ 127.559744, 34.728011 ], [ 127.563505, 34.728063 ], [ 127.563928, 34.723904 ], [ 127.556305, 34.718889 ], [ 127.551845, 34.719756 ], [ 127.548795, 34.711211 ], [ 127.556682, 34.713819 ], [ 127.553299, 34.700902 ], [ 127.559108, 34.703201 ], [ 127.55777, 34.707595 ], [ 127.563189, 34.708976 ], [ 127.562307, 34.704411 ], [ 127.565918, 34.700634 ], [ 127.572447, 34.704758 ], [ 127.575684, 34.701967 ], [ 127.578887, 34.703278 ], [ 127.577214, 34.700045 ], [ 127.58247, 34.691969 ], [ 127.574001, 34.698808 ], [ 127.558247, 34.699658 ], [ 127.556042, 34.696098 ], [ 127.559136, 34.693607 ], [ 127.553051, 34.693392 ], [ 127.55279, 34.682616 ], [ 127.550469, 34.682203 ], [ 127.555553, 34.67733 ], [ 127.55853, 34.679027 ], [ 127.56367, 34.675248 ], [ 127.560201, 34.670598 ], [ 127.552637, 34.669387 ], [ 127.555089, 34.666849 ], [ 127.551542, 34.665215 ], [ 127.553591, 34.658794 ], [ 127.558787, 34.659537 ], [ 127.564709, 34.654781 ], [ 127.580251, 34.630982 ], [ 127.574661, 34.647989 ], [ 127.581852, 34.652128 ], [ 127.589216, 34.65207 ], [ 127.615142, 34.643409 ], [ 127.625624, 34.634531 ], [ 127.625007, 34.630001 ], [ 127.634253, 34.63282 ], [ 127.635741, 34.626403 ], [ 127.644244, 34.627473 ], [ 127.640604, 34.637227 ], [ 127.632201, 34.63565 ], [ 127.628697, 34.638259 ], [ 127.634632, 34.63817 ], [ 127.634783, 34.641735 ], [ 127.640101, 34.643719 ], [ 127.633042, 34.646737 ], [ 127.639952, 34.646073 ], [ 127.642281, 34.650495 ], [ 127.629851, 34.649385 ], [ 127.628247, 34.65624 ], [ 127.633301, 34.658129 ], [ 127.631401, 34.661605 ], [ 127.635073, 34.661545 ], [ 127.631457, 34.66542 ], [ 127.632913, 34.669894 ], [ 127.624525, 34.67798 ], [ 127.621379, 34.675803 ], [ 127.620921, 34.676127 ], [ 127.617194, 34.683046 ], [ 127.619417, 34.68463 ], [ 127.624311, 34.680542 ], [ 127.627154, 34.682995 ], [ 127.630383, 34.679676 ], [ 127.639107, 34.683179 ], [ 127.634594, 34.685374 ], [ 127.631516, 34.683153 ], [ 127.623134, 34.687188 ], [ 127.621611, 34.690638 ], [ 127.627605, 34.695749 ], [ 127.62412, 34.701259 ], [ 127.613528, 34.70279 ], [ 127.616718, 34.705778 ], [ 127.613805, 34.706934 ], [ 127.616718, 34.709746 ], [ 127.62191, 34.708199 ], [ 127.620646, 34.712968 ], [ 127.625029, 34.7184 ], [ 127.628377, 34.717159 ], [ 127.625925, 34.711677 ], [ 127.642474, 34.70673 ], [ 127.634887, 34.718895 ], [ 127.639563, 34.71899 ], [ 127.651597, 34.743478 ], [ 127.65845, 34.74638 ], [ 127.658002, 34.750198 ], [ 127.65535, 34.749475 ], [ 127.657251, 34.755347 ], [ 127.662539, 34.75681 ], [ 127.662204, 34.751568 ], [ 127.67259, 34.744786 ], [ 127.67823, 34.735743 ], [ 127.69616, 34.727413 ], [ 127.700203, 34.723874 ], [ 127.698295, 34.721113 ], [ 127.705255, 34.720028 ], [ 127.725966, 34.729971 ], [ 127.731022, 34.72846 ], [ 127.732952, 34.738971 ], [ 127.750694, 34.735971 ], [ 127.762612, 34.744396 ], [ 127.768638, 34.744035 ], [ 127.766224, 34.746849 ], [ 127.767675, 34.750839 ], [ 127.766571, 34.752753 ], [ 127.765934, 34.745793 ], [ 127.764524, 34.74468 ], [ 127.763062, 34.744669 ], [ 127.755985, 34.741377 ], [ 127.749185, 34.746517 ], [ 127.752795, 34.753832 ], [ 127.75624, 34.751609 ], [ 127.761051, 34.751117 ], [ 127.75166, 34.754558 ], [ 127.754169, 34.763329 ], [ 127.744611, 34.777043 ], [ 127.745946, 34.780463 ], [ 127.755844, 34.785236 ], [ 127.754752, 34.793126 ], [ 127.758698, 34.795487 ], [ 127.755849, 34.797164 ], [ 127.758814, 34.800922 ], [ 127.768257, 34.800509 ], [ 127.765724, 34.808791 ], [ 127.769917, 34.813252 ], [ 127.76675, 34.818791 ], [ 127.7742, 34.82114 ], [ 127.768028, 34.822785 ], [ 127.767567, 34.831414 ], [ 127.774744, 34.837523 ], [ 127.775086, 34.847219 ], [ 127.771368, 34.8517 ], [ 127.775844, 34.85242 ], [ 127.77605, 34.856118 ], [ 127.772728, 34.861557 ], [ 127.762905, 34.863658 ], [ 127.743253, 34.857673 ], [ 127.742979, 34.850782 ], [ 127.728889, 34.859498 ], [ 127.724977, 34.85818 ], [ 127.725743, 34.855937 ], [ 127.724304, 34.858074 ], [ 127.729936, 34.861314 ], [ 127.727992, 34.862149 ], [ 127.720905, 34.858044 ], [ 127.698352, 34.859203 ], [ 127.69501, 34.864689 ], [ 127.680139, 34.844829 ], [ 127.670109, 34.836926 ], [ 127.661635, 34.844552 ], [ 127.64289, 34.830464 ], [ 127.63891, 34.830988 ], [ 127.639324, 34.826293 ], [ 127.633888, 34.829646 ], [ 127.631085, 34.827767 ], [ 127.62664, 34.829865 ], [ 127.626503, 34.832589 ], [ 127.6294, 34.832613 ], [ 127.626783, 34.840885 ], [ 127.634732, 34.838573 ], [ 127.638541, 34.844398 ], [ 127.635151, 34.846662 ], [ 127.623446, 34.844458 ], [ 127.613083, 34.854313 ], [ 127.610017, 34.853103 ], [ 127.610945, 34.850652 ], [ 127.611108, 34.848254 ], [ 127.61099, 34.848193 ], [ 127.604314, 34.85331 ], [ 127.604123, 34.860968 ], [ 127.60012, 34.861902 ], [ 127.589502, 34.874753 ], [ 127.612897, 34.892485 ], [ 127.600291, 34.898674 ], [ 127.59663, 34.894916 ], [ 127.595508, 34.896051 ], [ 127.590587, 34.893533 ], [ 127.590183, 34.893947 ], [ 127.605103, 34.903523 ], [ 127.590558, 34.918681 ], [ 127.579492, 34.918502 ], [ 127.579271, 34.915923 ], [ 127.583403, 34.909777 ], [ 127.583517, 34.906865 ], [ 127.581059, 34.904133 ], [ 127.572832, 34.901313 ], [ 127.583057, 34.907667 ], [ 127.578316, 34.9155 ], [ 127.578586, 34.918907 ], [ 127.580269, 34.9221 ], [ 127.59913, 34.927068 ], [ 127.599749, 34.938402 ], [ 127.604112, 34.941975 ], [ 127.601681, 34.949194 ], [ 127.599828, 34.946554 ], [ 127.596351, 34.947546 ], [ 127.599916, 34.948758 ], [ 127.599773, 34.958213 ], [ 127.601879, 34.950349 ], [ 127.606733, 34.949471 ], [ 127.604808, 34.928015 ], [ 127.608004, 34.921903 ], [ 127.614354, 34.918738 ], [ 127.615452, 34.913105 ], [ 127.618618, 34.916009 ], [ 127.622779, 34.905623 ], [ 127.630128, 34.904889 ], [ 127.633821, 34.908617 ], [ 127.644217, 34.904596 ], [ 127.64498, 34.907454 ], [ 127.656734, 34.910151 ], [ 127.658815, 34.908253 ], [ 127.654714, 34.907861 ], [ 127.657458, 34.904804 ], [ 127.659477, 34.905963 ], [ 127.661027, 34.905953 ], [ 127.661925, 34.904953 ], [ 127.661164, 34.905365 ], [ 127.66187, 34.904283 ], [ 127.646845, 34.895122 ], [ 127.650749, 34.890775 ], [ 127.67098, 34.903106 ], [ 127.659413, 34.914593 ], [ 127.661193, 34.917512 ], [ 127.663697, 34.915713 ], [ 127.665008, 34.923304 ], [ 127.66909, 34.923864 ], [ 127.668807, 34.927136 ], [ 127.672487, 34.933615 ], [ 127.675879, 34.933078 ], [ 127.672357, 34.931546 ], [ 127.687973, 34.926255 ], [ 127.695846, 34.918965 ], [ 127.701063, 34.931999 ], [ 127.711803, 34.935808 ], [ 127.73115, 34.954969 ], [ 127.727127, 34.96476 ], [ 127.727662, 34.976306 ], [ 127.731835, 34.975596 ], [ 127.732268, 34.961668 ], [ 127.737259, 34.955331 ], [ 127.759392, 34.966776 ], [ 127.764031, 34.976715 ], [ 127.780342, 34.989731 ], [ 127.786823, 35.010214 ], [ 127.78552, 35.019839 ], [ 127.771625, 35.033722 ], [ 127.765322, 35.053628 ], [ 127.743261, 35.060956 ], [ 127.736355, 35.0736 ], [ 127.716121, 35.083471 ], [ 127.697263, 35.101778 ], [ 127.694629, 35.124998 ], [ 127.688684, 35.135171 ], [ 127.659336, 35.158965 ], [ 127.648372, 35.160392 ], [ 127.618144, 35.190898 ], [ 127.621489, 35.191788 ], [ 127.616884, 35.206907 ], [ 127.620728, 35.212657 ], [ 127.621142, 35.224647 ], [ 127.619287, 35.235603 ], [ 127.61282, 35.241617 ], [ 127.61525, 35.25039 ], [ 127.610158, 35.262046 ], [ 127.595697, 35.268133 ], [ 127.584072, 35.291105 ], [ 127.577368, 35.295157 ], [ 127.577481, 35.308901 ] ], [ [ 126.763409, 35.256394 ], [ 126.760816, 35.24744 ], [ 126.754832, 35.241904 ], [ 126.755259, 35.234361 ], [ 126.770296, 35.232836 ], [ 126.781638, 35.224782 ], [ 126.789536, 35.223895 ], [ 126.795377, 35.219779 ], [ 126.804396, 35.221316 ], [ 126.80539, 35.218275 ], [ 126.815659, 35.224702 ], [ 126.823943, 35.225781 ], [ 126.825051, 35.231834 ], [ 126.833265, 35.228381 ], [ 126.838485, 35.229824 ], [ 126.844299, 35.236992 ], [ 126.848074, 35.235741 ], [ 126.859408, 35.240005 ], [ 126.862545, 35.245239 ], [ 126.878341, 35.251307 ], [ 126.879943, 35.24774 ], [ 126.889623, 35.246658 ], [ 126.903433, 35.257419 ], [ 126.90942, 35.258443 ], [ 126.929359, 35.252453 ], [ 126.933743, 35.246935 ], [ 126.932285, 35.240652 ], [ 126.942277, 35.236165 ], [ 126.943531, 35.231739 ], [ 126.953849, 35.225259 ], [ 126.948901, 35.219081 ], [ 126.956414, 35.207188 ], [ 126.965536, 35.20336 ], [ 126.958624, 35.193089 ], [ 126.968147, 35.181143 ], [ 126.971695, 35.179837 ], [ 126.973973, 35.186133 ], [ 126.981989, 35.183925 ], [ 126.985804, 35.188632 ], [ 126.991111, 35.186391 ], [ 126.999969, 35.188816 ], [ 127.022275, 35.17136 ], [ 127.020872, 35.167257 ], [ 127.011358, 35.166169 ], [ 127.01112, 35.15893 ], [ 127.007744, 35.155929 ], [ 127.0113, 35.125557 ], [ 127.004587, 35.121761 ], [ 126.999932, 35.11405 ], [ 126.988457, 35.110094 ], [ 126.986352, 35.105945 ], [ 126.988951, 35.094988 ], [ 126.966513, 35.089386 ], [ 126.958601, 35.082588 ], [ 126.959473, 35.079132 ], [ 126.949453, 35.07273 ], [ 126.932296, 35.074392 ], [ 126.932528, 35.077807 ], [ 126.920576, 35.091686 ], [ 126.910645, 35.088659 ], [ 126.904532, 35.08139 ], [ 126.895105, 35.080714 ], [ 126.891977, 35.077945 ], [ 126.885403, 35.08159 ], [ 126.871677, 35.074338 ], [ 126.861131, 35.078942 ], [ 126.855609, 35.078359 ], [ 126.844136, 35.065441 ], [ 126.836919, 35.066233 ], [ 126.835965, 35.063857 ], [ 126.826528, 35.062471 ], [ 126.818584, 35.052769 ], [ 126.807436, 35.050895 ], [ 126.795228, 35.061122 ], [ 126.774897, 35.05267 ], [ 126.768341, 35.054556 ], [ 126.768432, 35.061413 ], [ 126.765109, 35.064362 ], [ 126.756737, 35.058244 ], [ 126.754139, 35.066851 ], [ 126.768583, 35.068619 ], [ 126.770544, 35.072682 ], [ 126.764802, 35.078755 ], [ 126.761872, 35.091033 ], [ 126.754282, 35.091678 ], [ 126.749076, 35.101615 ], [ 126.735494, 35.107947 ], [ 126.732656, 35.112855 ], [ 126.729339, 35.107522 ], [ 126.715853, 35.110739 ], [ 126.708827, 35.10947 ], [ 126.705405, 35.113016 ], [ 126.69753, 35.107587 ], [ 126.6849, 35.112017 ], [ 126.684437, 35.107636 ], [ 126.667472, 35.105125 ], [ 126.669304, 35.112023 ], [ 126.663389, 35.114801 ], [ 126.657059, 35.113284 ], [ 126.65193, 35.11965 ], [ 126.653316, 35.14396 ], [ 126.644703, 35.146612 ], [ 126.650153, 35.147652 ], [ 126.653505, 35.152781 ], [ 126.651418, 35.154818 ], [ 126.655336, 35.158878 ], [ 126.654223, 35.164552 ], [ 126.67043, 35.169518 ], [ 126.672067, 35.172296 ], [ 126.653204, 35.192518 ], [ 126.669603, 35.194492 ], [ 126.67715, 35.191029 ], [ 126.677584, 35.202541 ], [ 126.687053, 35.215194 ], [ 126.702556, 35.207564 ], [ 126.710699, 35.212273 ], [ 126.717695, 35.21239 ], [ 126.71988, 35.226766 ], [ 126.73724, 35.252921 ], [ 126.741775, 35.250808 ], [ 126.759396, 35.258622 ], [ 126.763409, 35.256394 ] ], [ [ 126.554258, 34.661291 ], [ 126.54977, 34.664007 ], [ 126.543915, 34.657836 ], [ 126.465945, 34.708683 ], [ 126.388617, 34.725721 ], [ 126.386509, 34.720631 ], [ 126.390899, 34.73344 ], [ 126.396921, 34.734756 ], [ 126.394737, 34.739654 ], [ 126.407027, 34.738975 ], [ 126.40736, 34.744427 ], [ 126.414482, 34.747867 ], [ 126.420966, 34.741655 ], [ 126.425151, 34.744405 ], [ 126.430985, 34.743215 ], [ 126.429231, 34.736683 ], [ 126.431283, 34.738944 ], [ 126.439465, 34.737947 ], [ 126.448951, 34.743968 ], [ 126.449407, 34.737978 ], [ 126.453604, 34.736718 ], [ 126.449211, 34.73379 ], [ 126.456955, 34.728416 ], [ 126.464471, 34.737059 ], [ 126.480877, 34.739639 ], [ 126.480451, 34.733316 ], [ 126.470319, 34.716935 ], [ 126.477175, 34.718331 ], [ 126.496423, 34.709227 ], [ 126.50588, 34.71181 ], [ 126.495351, 34.707004 ], [ 126.509184, 34.692289 ], [ 126.524047, 34.690044 ], [ 126.524316, 34.687303 ], [ 126.509069, 34.686496 ], [ 126.529972, 34.668632 ], [ 126.551717, 34.673144 ], [ 126.550401, 34.684696 ], [ 126.553951, 34.674904 ], [ 126.562995, 34.683581 ], [ 126.56477, 34.681525 ], [ 126.56116, 34.679496 ], [ 126.565071, 34.680518 ], [ 126.554258, 34.661291 ] ], [ [ 126.491743, 34.746903 ], [ 126.488391, 34.748335 ], [ 126.492928, 34.761045 ], [ 126.498696, 34.761259 ], [ 126.504772, 34.757259 ], [ 126.502917, 34.754393 ], [ 126.508789, 34.748898 ], [ 126.504538, 34.746158 ], [ 126.497373, 34.752339 ], [ 126.493278, 34.751363 ], [ 126.49557, 34.746789 ], [ 126.491743, 34.746903 ] ], [ [ 126.487241, 34.763026 ], [ 126.491621, 34.761155 ], [ 126.487438, 34.748932 ], [ 126.485272, 34.750801 ], [ 126.487645, 34.75523 ], [ 126.480263, 34.759949 ], [ 126.480031, 34.768377 ], [ 126.471089, 34.767843 ], [ 126.474512, 34.770596 ], [ 126.472891, 34.775512 ], [ 126.462073, 34.768976 ], [ 126.45913, 34.773645 ], [ 126.464903, 34.779126 ], [ 126.461561, 34.78342 ], [ 126.465217, 34.78364 ], [ 126.487241, 34.763026 ] ], [ [ 126.457594, 34.778454 ], [ 126.456261, 34.776138 ], [ 126.450474, 34.781398 ], [ 126.44594, 34.791527 ], [ 126.451546, 34.78208 ], [ 126.461216, 34.785938 ], [ 126.460445, 34.783547 ], [ 126.462229, 34.780902 ], [ 126.456083, 34.780976 ], [ 126.457594, 34.778454 ] ], [ [ 127.570913, 34.890928 ], [ 127.569681, 34.890335 ], [ 127.569788, 34.893388 ], [ 127.569918, 34.890767 ], [ 127.57121, 34.891046 ], [ 127.573314, 34.890703 ], [ 127.576562, 34.893775 ], [ 127.571884, 34.901088 ], [ 127.574211, 34.90144 ], [ 127.577054, 34.896051 ], [ 127.577087, 34.891127 ], [ 127.587484, 34.887612 ], [ 127.574841, 34.888381 ], [ 127.570913, 34.890928 ] ] ], [ [ [ 125.113513, 34.08716 ], [ 125.109339, 34.092711 ], [ 125.100655, 34.092157 ], [ 125.095049, 34.084604 ], [ 125.094322, 34.073131 ], [ 125.085857, 34.073515 ], [ 125.11449, 34.063378 ], [ 125.118585, 34.04847 ], [ 125.122417, 34.047844 ], [ 125.125456, 34.051688 ], [ 125.129147, 34.049591 ], [ 125.12469, 34.047711 ], [ 125.142135, 34.051115 ], [ 125.140983, 34.055884 ], [ 125.13022, 34.062169 ], [ 125.120557, 34.072623 ], [ 125.118873, 34.078355 ], [ 125.123556, 34.086908 ], [ 125.113513, 34.08716 ] ] ], [ [ [ 125.28965, 34.397403 ], [ 125.284888, 34.400845 ], [ 125.296176, 34.380932 ], [ 125.299173, 34.38764 ], [ 125.306209, 34.383705 ], [ 125.31183, 34.38554 ], [ 125.311785, 34.3891 ], [ 125.30227, 34.390588 ], [ 125.299553, 34.395438 ], [ 125.298181, 34.391062 ], [ 125.291625, 34.391149 ], [ 125.28965, 34.397403 ] ] ], [ [ [ 125.284736, 34.428284 ], [ 125.282259, 34.431331 ], [ 125.278325, 34.42934 ], [ 125.284438, 34.418502 ], [ 125.288643, 34.424704 ], [ 125.284736, 34.428284 ] ] ], [ [ [ 125.29098, 34.439423 ], [ 125.29414, 34.44115 ], [ 125.292981, 34.450691 ], [ 125.279273, 34.43614 ], [ 125.287451, 34.43546 ], [ 125.29098, 34.439423 ] ] ], [ [ [ 125.406328, 34.680412 ], [ 125.39697, 34.673379 ], [ 125.397165, 34.660913 ], [ 125.388838, 34.660178 ], [ 125.387271, 34.65702 ], [ 125.391017, 34.65087 ], [ 125.397019, 34.651833 ], [ 125.399616, 34.64767 ], [ 125.398334, 34.644225 ], [ 125.391972, 34.64579 ], [ 125.38756, 34.642097 ], [ 125.399523, 34.631596 ], [ 125.400567, 34.625415 ], [ 125.409915, 34.631682 ], [ 125.411643, 34.643114 ], [ 125.424461, 34.646001 ], [ 125.420854, 34.651055 ], [ 125.421202, 34.662035 ], [ 125.435794, 34.661925 ], [ 125.433368, 34.669121 ], [ 125.437397, 34.665265 ], [ 125.437761, 34.675047 ], [ 125.441156, 34.672417 ], [ 125.445566, 34.677627 ], [ 125.443228, 34.68192 ], [ 125.448183, 34.681866 ], [ 125.454324, 34.686574 ], [ 125.457727, 34.68099 ], [ 125.463488, 34.690133 ], [ 125.45497, 34.694867 ], [ 125.452166, 34.688702 ], [ 125.444429, 34.694494 ], [ 125.443475, 34.689629 ], [ 125.438095, 34.688685 ], [ 125.443292, 34.689478 ], [ 125.444968, 34.68531 ], [ 125.433845, 34.683498 ], [ 125.426965, 34.688254 ], [ 125.43031, 34.696327 ], [ 125.416401, 34.698399 ], [ 125.406484, 34.68971 ], [ 125.410563, 34.687007 ], [ 125.407471, 34.686291 ], [ 125.409928, 34.684652 ], [ 125.406328, 34.680412 ] ] ], [ [ [ 125.378249, 34.679632 ], [ 125.369526, 34.679278 ], [ 125.363333, 34.675476 ], [ 125.364787, 34.669984 ], [ 125.370256, 34.666961 ], [ 125.380114, 34.67873 ], [ 125.378249, 34.679632 ] ] ], [ [ [ 125.390392, 34.689228 ], [ 125.395043, 34.692121 ], [ 125.392078, 34.692274 ], [ 125.380372, 34.681757 ], [ 125.385115, 34.682717 ], [ 125.390392, 34.689228 ] ] ], [ [ [ 125.181133, 34.686121 ], [ 125.180151, 34.687551 ], [ 125.177576, 34.688415 ], [ 125.178179, 34.685926 ], [ 125.181133, 34.686121 ] ] ], [ [ [ 125.38926, 34.695564 ], [ 125.389528, 34.693849 ], [ 125.392449, 34.692801 ], [ 125.39174, 34.695821 ], [ 125.38926, 34.695564 ] ] ], [ [ [ 125.209029, 34.71423 ], [ 125.201956, 34.711543 ], [ 125.201522, 34.7158 ], [ 125.199861, 34.709201 ], [ 125.201602, 34.705365 ], [ 125.194608, 34.698113 ], [ 125.19138, 34.68633 ], [ 125.186453, 34.684525 ], [ 125.183135, 34.68721 ], [ 125.182547, 34.682783 ], [ 125.176918, 34.6819 ], [ 125.180912, 34.667382 ], [ 125.18614, 34.666959 ], [ 125.187401, 34.676388 ], [ 125.192527, 34.674955 ], [ 125.19191, 34.683555 ], [ 125.203075, 34.682178 ], [ 125.208451, 34.694103 ], [ 125.213897, 34.697245 ], [ 125.21468, 34.712398 ], [ 125.211641, 34.715868 ], [ 125.209029, 34.71423 ] ] ], [ [ [ 125.408456, 34.716486 ], [ 125.40599, 34.718006 ], [ 125.404566, 34.717035 ], [ 125.406908, 34.715113 ], [ 125.408456, 34.716486 ] ] ], [ [ [ 125.435336, 34.754069 ], [ 125.425988, 34.756061 ], [ 125.430574, 34.753812 ], [ 125.432838, 34.747506 ], [ 125.437946, 34.74889 ], [ 125.434912, 34.750123 ], [ 125.435336, 34.754069 ] ] ], [ [ [ 125.861815, 34.196753 ], [ 125.858598, 34.198542 ], [ 125.854691, 34.196705 ], [ 125.860868, 34.193905 ], [ 125.861815, 34.196753 ] ] ], [ [ [ 125.491257, 34.205268 ], [ 125.489168, 34.20623 ], [ 125.49023, 34.201705 ], [ 125.491595, 34.203557 ], [ 125.491257, 34.205268 ] ] ], [ [ [ 125.475956, 34.206452 ], [ 125.47279, 34.207368 ], [ 125.482264, 34.20293 ], [ 125.481818, 34.204571 ], [ 125.475956, 34.206452 ] ] ], [ [ [ 125.851798, 34.216545 ], [ 125.848201, 34.217825 ], [ 125.847405, 34.21459 ], [ 125.862009, 34.205588 ], [ 125.863877, 34.209296 ], [ 125.857451, 34.217194 ], [ 125.851798, 34.216545 ] ] ], [ [ [ 125.473013, 34.211101 ], [ 125.470608, 34.214167 ], [ 125.466693, 34.212193 ], [ 125.464854, 34.205828 ], [ 125.467955, 34.203138 ], [ 125.46793, 34.206888 ], [ 125.473013, 34.211101 ] ] ], [ [ [ 125.848849, 34.224195 ], [ 125.841264, 34.227159 ], [ 125.844585, 34.22147 ], [ 125.841699, 34.219867 ], [ 125.845478, 34.218869 ], [ 125.848849, 34.224195 ] ] ], [ [ [ 125.91142, 34.242287 ], [ 125.913449, 34.242743 ], [ 125.915103, 34.246752 ], [ 125.910403, 34.2464 ], [ 125.91142, 34.242287 ] ] ], [ [ [ 125.927443, 34.249898 ], [ 125.923046, 34.249654 ], [ 125.924909, 34.246174 ], [ 125.928002, 34.248901 ], [ 125.927443, 34.249898 ] ] ], [ [ [ 125.926612, 34.25171 ], [ 125.926648, 34.254271 ], [ 125.92141, 34.253864 ], [ 125.921908, 34.252621 ], [ 125.926612, 34.25171 ] ] ], [ [ [ 125.925131, 34.25575 ], [ 125.922131, 34.2617 ], [ 125.901417, 34.25682 ], [ 125.898243, 34.246427 ], [ 125.908964, 34.246288 ], [ 125.908958, 34.251389 ], [ 125.91309, 34.248864 ], [ 125.916833, 34.254147 ], [ 125.915998, 34.247623 ], [ 125.919099, 34.249763 ], [ 125.921393, 34.257448 ], [ 125.925131, 34.25575 ] ] ], [ [ [ 125.686647, 34.519818 ], [ 125.687523, 34.523557 ], [ 125.683131, 34.523462 ], [ 125.683989, 34.520895 ], [ 125.686647, 34.519818 ] ] ], [ [ [ 125.890221, 34.563905 ], [ 125.886976, 34.567651 ], [ 125.882348, 34.562391 ], [ 125.885457, 34.561812 ], [ 125.890221, 34.563905 ] ] ], [ [ [ 125.914766, 34.566707 ], [ 125.915196, 34.567516 ], [ 125.911318, 34.56772 ], [ 125.912386, 34.565522 ], [ 125.914766, 34.566707 ] ] ], [ [ [ 125.870519, 34.600268 ], [ 125.872592, 34.59793 ], [ 125.875183, 34.598551 ], [ 125.873899, 34.600059 ], [ 125.870519, 34.600268 ] ] ], [ [ [ 125.871219, 34.61043 ], [ 125.869473, 34.613082 ], [ 125.870515, 34.602964 ], [ 125.872621, 34.606748 ], [ 125.871219, 34.61043 ] ] ], [ [ [ 125.877613, 34.610656 ], [ 125.873713, 34.615001 ], [ 125.873484, 34.612179 ], [ 125.878139, 34.606977 ], [ 125.881176, 34.60798 ], [ 125.882766, 34.603782 ], [ 125.889002, 34.603401 ], [ 125.887096, 34.608629 ], [ 125.877613, 34.610656 ] ] ], [ [ [ 125.856385, 34.625498 ], [ 125.856216, 34.628839 ], [ 125.84683, 34.62846 ], [ 125.84828, 34.625598 ], [ 125.837235, 34.617558 ], [ 125.832925, 34.618834 ], [ 125.830243, 34.614622 ], [ 125.822688, 34.612288 ], [ 125.827094, 34.600944 ], [ 125.822869, 34.603152 ], [ 125.821751, 34.598495 ], [ 125.816284, 34.601994 ], [ 125.809359, 34.601943 ], [ 125.808877, 34.594379 ], [ 125.817422, 34.591919 ], [ 125.826547, 34.600279 ], [ 125.831583, 34.596251 ], [ 125.843306, 34.594162 ], [ 125.856054, 34.604349 ], [ 125.86162, 34.604088 ], [ 125.858138, 34.618538 ], [ 125.853136, 34.619214 ], [ 125.857986, 34.621767 ], [ 125.856385, 34.625498 ] ] ], [ [ [ 125.819743, 34.613161 ], [ 125.810021, 34.621943 ], [ 125.806358, 34.620895 ], [ 125.814462, 34.615122 ], [ 125.814687, 34.60946 ], [ 125.821468, 34.610735 ], [ 125.819743, 34.613161 ] ] ], [ [ [ 125.865768, 34.620659 ], [ 125.864587, 34.622625 ], [ 125.863175, 34.622604 ], [ 125.864182, 34.62036 ], [ 125.865768, 34.620659 ] ] ], [ [ [ 125.893811, 34.651758 ], [ 125.88839, 34.654677 ], [ 125.885374, 34.65236 ], [ 125.889257, 34.650267 ], [ 125.893811, 34.651758 ] ] ], [ [ [ 125.471363, 34.655039 ], [ 125.465775, 34.656357 ], [ 125.465979, 34.651254 ], [ 125.46139, 34.652992 ], [ 125.46118, 34.650005 ], [ 125.455518, 34.650278 ], [ 125.461773, 34.647289 ], [ 125.456802, 34.644829 ], [ 125.467189, 34.642207 ], [ 125.476948, 34.648224 ], [ 125.475705, 34.653833 ], [ 125.471363, 34.655039 ] ] ], [ [ [ 125.90641, 34.71213 ], [ 125.901517, 34.71548 ], [ 125.905057, 34.71253 ], [ 125.902496, 34.709312 ], [ 125.905585, 34.709205 ], [ 125.90641, 34.71213 ] ] ], [ [ [ 125.459516, 34.739845 ], [ 125.45796, 34.742132 ], [ 125.454874, 34.740958 ], [ 125.464182, 34.731311 ], [ 125.453886, 34.730326 ], [ 125.454556, 34.725401 ], [ 125.450007, 34.725079 ], [ 125.460535, 34.720314 ], [ 125.458658, 34.715941 ], [ 125.463753, 34.715133 ], [ 125.466247, 34.716805 ], [ 125.4608, 34.723095 ], [ 125.462002, 34.727289 ], [ 125.46514, 34.728738 ], [ 125.467452, 34.726086 ], [ 125.477643, 34.729368 ], [ 125.459516, 34.739845 ] ] ], [ [ [ 125.448532, 34.737572 ], [ 125.447139, 34.742103 ], [ 125.438621, 34.741655 ], [ 125.442177, 34.736483 ], [ 125.440193, 34.733977 ], [ 125.447957, 34.73263 ], [ 125.442535, 34.736331 ], [ 125.448532, 34.737572 ] ] ], [ [ [ 125.915424, 34.793135 ], [ 125.909258, 34.794742 ], [ 125.908086, 34.788535 ], [ 125.914044, 34.789491 ], [ 125.915424, 34.793135 ] ] ], [ [ [ 125.890504, 35.13549 ], [ 125.888446, 35.138421 ], [ 125.879021, 35.139245 ], [ 125.885529, 35.131663 ], [ 125.887342, 35.132482 ], [ 125.884247, 35.136722 ], [ 125.890504, 35.13549 ] ] ], [ [ [ 125.908312, 35.136569 ], [ 125.912938, 35.135288 ], [ 125.903018, 35.142076 ], [ 125.904301, 35.132103 ], [ 125.909588, 35.131708 ], [ 125.908312, 35.136569 ] ] ], [ [ [ 125.905268, 35.209214 ], [ 125.910106, 35.206938 ], [ 125.912075, 35.210567 ], [ 125.910183, 35.210847 ], [ 125.907988, 35.209059 ], [ 125.905268, 35.209214 ] ] ], [ [ [ 125.944124, 34.142643 ], [ 125.944714, 34.140719 ], [ 125.945057, 34.145493 ], [ 125.948318, 34.144633 ], [ 125.943546, 34.149338 ], [ 125.941804, 34.147693 ], [ 125.944124, 34.142643 ] ] ], [ [ [ 125.938531, 34.161005 ], [ 125.93627, 34.156621 ], [ 125.942269, 34.152322 ], [ 125.941265, 34.159651 ], [ 125.938531, 34.161005 ] ] ], [ [ [ 125.941608, 34.244027 ], [ 125.93813, 34.246822 ], [ 125.932947, 34.24395 ], [ 125.931116, 34.2369 ], [ 125.927355, 34.236663 ], [ 125.928395, 34.230199 ], [ 125.933371, 34.234022 ], [ 125.937309, 34.22914 ], [ 125.945856, 34.233609 ], [ 125.94595, 34.237218 ], [ 125.955829, 34.240992 ], [ 125.954182, 34.244523 ], [ 125.949289, 34.245519 ], [ 125.940273, 34.2384 ], [ 125.941608, 34.244027 ] ] ], [ [ [ 125.993564, 34.276321 ], [ 125.991313, 34.278939 ], [ 125.978671, 34.275696 ], [ 125.979441, 34.267089 ], [ 125.982285, 34.263809 ], [ 125.987278, 34.271214 ], [ 125.990601, 34.270531 ], [ 125.987712, 34.263797 ], [ 125.994324, 34.26111 ], [ 125.99313, 34.254706 ], [ 126.001321, 34.254513 ], [ 125.997889, 34.259548 ], [ 126.002808, 34.261315 ], [ 126.006106, 34.268008 ], [ 126.00407, 34.269446 ], [ 125.999774, 34.263864 ], [ 125.993385, 34.264102 ], [ 125.997234, 34.270691 ], [ 125.993564, 34.276321 ] ] ], [ [ [ 125.997148, 34.290747 ], [ 125.994223, 34.292423 ], [ 125.991871, 34.287732 ], [ 126.001871, 34.289584 ], [ 125.997148, 34.290747 ] ] ], [ [ [ 125.974633, 34.30401 ], [ 125.970875, 34.301186 ], [ 125.972972, 34.297841 ], [ 125.984319, 34.296698 ], [ 125.983772, 34.300277 ], [ 125.974633, 34.30401 ] ] ], [ [ [ 125.946001, 34.305131 ], [ 125.948275, 34.305829 ], [ 125.944268, 34.311526 ], [ 125.943827, 34.306226 ], [ 125.946001, 34.305131 ] ] ], [ [ [ 126.016974, 34.315157 ], [ 126.016184, 34.317841 ], [ 126.004425, 34.315247 ], [ 125.999988, 34.317079 ], [ 125.997643, 34.313872 ], [ 126.006397, 34.312645 ], [ 126.005163, 34.305748 ], [ 126.010254, 34.311456 ], [ 126.01877, 34.310379 ], [ 126.016974, 34.315157 ] ] ], [ [ [ 125.964593, 34.312481 ], [ 125.963098, 34.315098 ], [ 125.95743, 34.314005 ], [ 125.951915, 34.30851 ], [ 125.957731, 34.307804 ], [ 125.964593, 34.312481 ] ] ], [ [ [ 125.976345, 34.319468 ], [ 125.974274, 34.32119 ], [ 125.96803, 34.319 ], [ 125.97202, 34.307772 ], [ 125.977702, 34.309198 ], [ 125.979982, 34.315434 ], [ 125.976786, 34.317185 ], [ 125.976345, 34.319468 ] ] ], [ [ [ 125.980142, 34.326889 ], [ 125.979921, 34.329289 ], [ 125.977478, 34.330604 ], [ 125.975128, 34.325974 ], [ 125.980142, 34.326889 ] ] ], [ [ [ 125.994014, 34.337245 ], [ 125.996095, 34.337599 ], [ 125.993949, 34.338863 ], [ 125.991553, 34.3386 ], [ 125.992983, 34.33689 ], [ 125.994014, 34.337245 ] ] ], [ [ [ 125.972235, 34.344112 ], [ 125.973229, 34.343614 ], [ 125.97631, 34.343956 ], [ 125.973755, 34.345815 ], [ 125.972235, 34.344112 ] ] ], [ [ [ 125.958204, 34.348267 ], [ 125.951894, 34.353127 ], [ 125.945762, 34.344267 ], [ 125.948058, 34.341915 ], [ 125.949876, 34.345111 ], [ 125.958128, 34.3457 ], [ 125.958204, 34.348267 ] ] ], [ [ [ 125.983929, 34.353162 ], [ 125.983302, 34.352147 ], [ 125.988668, 34.348119 ], [ 125.987737, 34.35296 ], [ 125.983929, 34.353162 ] ] ], [ [ [ 125.940005, 34.376878 ], [ 125.935991, 34.37674 ], [ 125.939316, 34.374117 ], [ 125.933388, 34.371276 ], [ 125.939423, 34.363835 ], [ 125.941533, 34.365041 ], [ 125.940005, 34.376878 ] ] ], [ [ [ 125.971289, 34.377729 ], [ 125.964617, 34.380535 ], [ 125.971145, 34.375858 ], [ 125.962388, 34.375074 ], [ 125.965066, 34.371777 ], [ 125.961938, 34.363204 ], [ 125.969374, 34.366752 ], [ 125.972619, 34.373158 ], [ 125.971289, 34.377729 ] ] ], [ [ [ 126.004779, 34.377631 ], [ 126.004355, 34.380135 ], [ 126.004215, 34.374914 ], [ 126.005576, 34.375805 ], [ 126.004779, 34.377631 ] ] ], [ [ [ 126.010521, 34.403958 ], [ 126.008517, 34.399815 ], [ 126.011158, 34.396723 ], [ 126.013056, 34.400328 ], [ 126.010521, 34.403958 ] ] ], [ [ [ 125.987608, 34.46242 ], [ 125.989494, 34.461623 ], [ 125.991164, 34.463411 ], [ 125.988122, 34.463498 ], [ 125.987608, 34.46242 ] ] ], [ [ [ 125.999941, 34.590627 ], [ 125.996711, 34.59175 ], [ 125.995228, 34.591314 ], [ 125.997729, 34.58842 ], [ 125.999941, 34.590627 ] ] ], [ [ [ 125.981675, 34.600114 ], [ 125.985245, 34.603326 ], [ 125.97582, 34.598641 ], [ 125.970958, 34.600384 ], [ 125.967148, 34.596576 ], [ 125.958001, 34.59769 ], [ 125.958387, 34.593787 ], [ 125.973365, 34.595176 ], [ 125.974864, 34.590318 ], [ 125.967464, 34.580324 ], [ 125.969144, 34.578804 ], [ 125.977342, 34.580336 ], [ 125.975374, 34.586828 ], [ 125.977688, 34.590813 ], [ 125.974743, 34.594832 ], [ 125.981675, 34.600114 ] ] ], [ [ [ 126.006584, 34.605587 ], [ 126.003196, 34.6058 ], [ 126.004573, 34.603608 ], [ 125.997516, 34.6002 ], [ 125.997787, 34.597345 ], [ 126.006873, 34.599858 ], [ 126.006584, 34.605587 ] ] ], [ [ [ 126.003318, 34.625769 ], [ 126.001708, 34.631391 ], [ 125.993934, 34.628557 ], [ 125.994473, 34.623156 ], [ 125.991201, 34.621606 ], [ 125.995087, 34.622011 ], [ 125.998992, 34.61809 ], [ 125.987934, 34.616413 ], [ 125.988538, 34.608167 ], [ 125.993495, 34.608593 ], [ 125.994209, 34.613234 ], [ 125.99918, 34.611655 ], [ 125.997109, 34.606431 ], [ 126.000546, 34.610342 ], [ 126.009169, 34.610978 ], [ 126.009542, 34.619663 ], [ 126.003318, 34.625769 ] ] ], [ [ [ 125.967887, 34.640485 ], [ 125.959288, 34.644684 ], [ 125.954959, 34.637266 ], [ 125.949982, 34.640475 ], [ 125.946626, 34.636077 ], [ 125.955911, 34.624462 ], [ 125.959744, 34.624178 ], [ 125.964576, 34.630002 ], [ 125.970641, 34.620147 ], [ 125.975368, 34.619021 ], [ 125.978648, 34.627296 ], [ 125.967887, 34.640485 ] ] ], [ [ [ 125.941319, 34.635733 ], [ 125.940388, 34.630885 ], [ 125.941473, 34.629808 ], [ 125.943168, 34.634162 ], [ 125.941319, 34.635733 ] ] ], [ [ [ 125.957703, 34.65184 ], [ 125.958934, 34.653436 ], [ 125.951618, 34.653589 ], [ 125.953472, 34.652569 ], [ 125.957703, 34.65184 ] ] ], [ [ [ 125.96503, 34.732081 ], [ 125.961649, 34.73706 ], [ 125.94724, 34.723104 ], [ 125.946701, 34.714613 ], [ 125.932879, 34.715593 ], [ 125.927889, 34.712208 ], [ 125.916006, 34.711578 ], [ 125.917326, 34.705224 ], [ 125.914708, 34.704019 ], [ 125.917848, 34.700845 ], [ 125.914654, 34.696429 ], [ 125.914657, 34.68613 ], [ 125.919105, 34.690113 ], [ 125.922911, 34.686803 ], [ 125.917254, 34.685 ], [ 125.915826, 34.680867 ], [ 125.918328, 34.677203 ], [ 125.923851, 34.680958 ], [ 125.920666, 34.671689 ], [ 125.924855, 34.671207 ], [ 125.926798, 34.678956 ], [ 125.932078, 34.680501 ], [ 125.935708, 34.673606 ], [ 125.933888, 34.670775 ], [ 125.940608, 34.664266 ], [ 125.939418, 34.668386 ], [ 125.945046, 34.666386 ], [ 125.949567, 34.668742 ], [ 125.948077, 34.672353 ], [ 125.955176, 34.672316 ], [ 125.958251, 34.66889 ], [ 125.953225, 34.665655 ], [ 125.953365, 34.659761 ], [ 125.959029, 34.656329 ], [ 125.974392, 34.659222 ], [ 125.978406, 34.662645 ], [ 125.976436, 34.66689 ], [ 125.979297, 34.673392 ], [ 125.987027, 34.67352 ], [ 125.987856, 34.678739 ], [ 126.004612, 34.685243 ], [ 126.002804, 34.689485 ], [ 126.003546, 34.689665 ], [ 126.005123, 34.68544 ], [ 126.00787, 34.685574 ], [ 126.009786, 34.697316 ], [ 126.014547, 34.700968 ], [ 126.013427, 34.703153 ], [ 125.99977, 34.702705 ], [ 125.990294, 34.710694 ], [ 125.992695, 34.71387 ], [ 125.990497, 34.719242 ], [ 125.981972, 34.721964 ], [ 125.979015, 34.715682 ], [ 125.96503, 34.732081 ] ] ], [ [ [ 126.003845, 34.709591 ], [ 126.003341, 34.711998 ], [ 125.998226, 34.713806 ], [ 126.000212, 34.71047 ], [ 126.003845, 34.709591 ] ] ], [ [ [ 125.998573, 34.726282 ], [ 126.001944, 34.727758 ], [ 125.997839, 34.730535 ], [ 125.997305, 34.729534 ], [ 125.998573, 34.726282 ] ] ], [ [ [ 125.994138, 34.726855 ], [ 125.995412, 34.729663 ], [ 125.992659, 34.730897 ], [ 125.992158, 34.727806 ], [ 125.994138, 34.726855 ] ] ], [ [ [ 125.943409, 34.741682 ], [ 125.946197, 34.740266 ], [ 125.940487, 34.745104 ], [ 125.941536, 34.74224 ], [ 125.943409, 34.741682 ] ] ], [ [ [ 125.937917, 34.746295 ], [ 125.939861, 34.745264 ], [ 125.938183, 34.749446 ], [ 125.937915, 34.749366 ], [ 125.937917, 34.746295 ] ] ], [ [ [ 125.958225, 34.751015 ], [ 125.958979, 34.747313 ], [ 125.96183, 34.746664 ], [ 125.962954, 34.752507 ], [ 125.958225, 34.751015 ] ] ], [ [ [ 125.997947, 34.799766 ], [ 125.996806, 34.805194 ], [ 125.99229, 34.806289 ], [ 125.991508, 34.802866 ], [ 125.983489, 34.804272 ], [ 125.983095, 34.800266 ], [ 125.973322, 34.80161 ], [ 125.97062, 34.799435 ], [ 125.972973, 34.795894 ], [ 125.967402, 34.791097 ], [ 125.965183, 34.792302 ], [ 125.963211, 34.786309 ], [ 125.953256, 34.788051 ], [ 125.95462, 34.783983 ], [ 125.933787, 34.775368 ], [ 125.917274, 34.776372 ], [ 125.916828, 34.780028 ], [ 125.917194, 34.776515 ], [ 125.910474, 34.775821 ], [ 125.907704, 34.77657 ], [ 125.907963, 34.781494 ], [ 125.907569, 34.776288 ], [ 125.899366, 34.779846 ], [ 125.898355, 34.774691 ], [ 125.903937, 34.775206 ], [ 125.903528, 34.771383 ], [ 125.890553, 34.765868 ], [ 125.900367, 34.759657 ], [ 125.89516, 34.759851 ], [ 125.893353, 34.756963 ], [ 125.891795, 34.758968 ], [ 125.891105, 34.752819 ], [ 125.895355, 34.75144 ], [ 125.896086, 34.747728 ], [ 125.890533, 34.746254 ], [ 125.887495, 34.740056 ], [ 125.889857, 34.734355 ], [ 125.896681, 34.730842 ], [ 125.893864, 34.728132 ], [ 125.90292, 34.727927 ], [ 125.903874, 34.721685 ], [ 125.908649, 34.718897 ], [ 125.910989, 34.721013 ], [ 125.911901, 34.717639 ], [ 125.917089, 34.716139 ], [ 125.926989, 34.721026 ], [ 125.936314, 34.720294 ], [ 125.94179, 34.72617 ], [ 125.937812, 34.728123 ], [ 125.939309, 34.731685 ], [ 125.941441, 34.72846 ], [ 125.942831, 34.730817 ], [ 125.939944, 34.735387 ], [ 125.945546, 34.732332 ], [ 125.949514, 34.733636 ], [ 125.929522, 34.751784 ], [ 125.930601, 34.754336 ], [ 125.936792, 34.748403 ], [ 125.938871, 34.754712 ], [ 125.94938, 34.757606 ], [ 125.955992, 34.753599 ], [ 125.95742, 34.759906 ], [ 125.952522, 34.765006 ], [ 125.954327, 34.767187 ], [ 125.966521, 34.763006 ], [ 125.958928, 34.761271 ], [ 125.957993, 34.752577 ], [ 125.963803, 34.753312 ], [ 125.968132, 34.759176 ], [ 125.971982, 34.759067 ], [ 125.972786, 34.759575 ], [ 125.972423, 34.755567 ], [ 125.977131, 34.753603 ], [ 125.983487, 34.760773 ], [ 125.989728, 34.762863 ], [ 125.99021, 34.759691 ], [ 125.999113, 34.761004 ], [ 125.999364, 34.773518 ], [ 125.996855, 34.771454 ], [ 125.985001, 34.774439 ], [ 125.990321, 34.779709 ], [ 125.996733, 34.780395 ], [ 125.996063, 34.786301 ], [ 126.000337, 34.789577 ], [ 125.99814, 34.793864 ], [ 126.000659, 34.794065 ], [ 125.997947, 34.799766 ] ], [ [ 125.969174, 34.761889 ], [ 125.971419, 34.764719 ], [ 125.974337, 34.764488 ], [ 125.970953, 34.762943 ], [ 125.971885, 34.759135 ], [ 125.968917, 34.759197 ], [ 125.969174, 34.761889 ] ] ], [ [ [ 125.971396, 34.812435 ], [ 125.97235, 34.818542 ], [ 125.968759, 34.819551 ], [ 125.969631, 34.813441 ], [ 125.971396, 34.812435 ] ] ], [ [ [ 125.95446, 34.813546 ], [ 125.957227, 34.820319 ], [ 125.961161, 34.822391 ], [ 125.95533, 34.820423 ], [ 125.95446, 34.813546 ] ] ], [ [ [ 125.933534, 35.056092 ], [ 125.931557, 35.058913 ], [ 125.929302, 35.057505 ], [ 125.932694, 35.055159 ], [ 125.933534, 35.056092 ] ] ], [ [ [ 125.948681, 35.059358 ], [ 125.949275, 35.062661 ], [ 125.943433, 35.063585 ], [ 125.94523, 35.060832 ], [ 125.941866, 35.057586 ], [ 125.948681, 35.059358 ] ] ], [ [ [ 125.925783, 35.063926 ], [ 125.923815, 35.066167 ], [ 125.921675, 35.063185 ], [ 125.925976, 35.061269 ], [ 125.925783, 35.063926 ] ] ], [ [ [ 125.924003, 35.077652 ], [ 125.921821, 35.083191 ], [ 125.917179, 35.083848 ], [ 125.916908, 35.078862 ], [ 125.924003, 35.077652 ] ] ], [ [ [ 125.98489, 35.094412 ], [ 125.983007, 35.096753 ], [ 125.980646, 35.097541 ], [ 125.982633, 35.092837 ], [ 125.98489, 35.094412 ] ] ], [ [ [ 125.988561, 35.101246 ], [ 125.986415, 35.106375 ], [ 125.978591, 35.104619 ], [ 125.981611, 35.101057 ], [ 125.988561, 35.101246 ] ] ], [ [ [ 125.996318, 35.337466 ], [ 125.988884, 35.339001 ], [ 125.986188, 35.335442 ], [ 125.99669, 35.334963 ], [ 125.996318, 35.337466 ] ] ], [ [ [ 126.051708, 34.251945 ], [ 126.048624, 34.25389 ], [ 126.054441, 34.247168 ], [ 126.054136, 34.241913 ], [ 126.048109, 34.238355 ], [ 126.046006, 34.240613 ], [ 126.041416, 34.235456 ], [ 126.039651, 34.238527 ], [ 126.031358, 34.235581 ], [ 126.025642, 34.238472 ], [ 126.025404, 34.230608 ], [ 126.034069, 34.232061 ], [ 126.037571, 34.224416 ], [ 126.043204, 34.232761 ], [ 126.057624, 34.225004 ], [ 126.055811, 34.232358 ], [ 126.060504, 34.231985 ], [ 126.059314, 34.238597 ], [ 126.059363, 34.238684 ], [ 126.059946, 34.238776 ], [ 126.060894, 34.239259 ], [ 126.062797, 34.239353 ], [ 126.064384, 34.24043 ], [ 126.065066, 34.240283 ], [ 126.062243, 34.249814 ], [ 126.053502, 34.24954 ], [ 126.051708, 34.251945 ] ] ], [ [ [ 126.051678, 34.257441 ], [ 126.05459, 34.259413 ], [ 126.04939, 34.261643 ], [ 126.048494, 34.257329 ], [ 126.051678, 34.257441 ] ] ], [ [ [ 126.039365, 34.318004 ], [ 126.037134, 34.315818 ], [ 126.029964, 34.316864 ], [ 126.034192, 34.311206 ], [ 126.029075, 34.309705 ], [ 126.025128, 34.313127 ], [ 126.021953, 34.310095 ], [ 126.033556, 34.306014 ], [ 126.025633, 34.29913 ], [ 126.022421, 34.302897 ], [ 126.018183, 34.29947 ], [ 126.015765, 34.29212 ], [ 126.024081, 34.295828 ], [ 126.028824, 34.290497 ], [ 126.023437, 34.286008 ], [ 126.033088, 34.285018 ], [ 126.033673, 34.282802 ], [ 126.038, 34.286313 ], [ 126.044078, 34.282244 ], [ 126.049071, 34.284449 ], [ 126.055517, 34.274606 ], [ 126.058729, 34.278159 ], [ 126.052531, 34.287164 ], [ 126.056423, 34.288544 ], [ 126.060004, 34.285589 ], [ 126.060504, 34.289127 ], [ 126.064491, 34.289503 ], [ 126.061889, 34.27849 ], [ 126.06735, 34.277489 ], [ 126.067671, 34.273805 ], [ 126.069985, 34.281557 ], [ 126.073838, 34.280876 ], [ 126.072467, 34.283425 ], [ 126.075478, 34.285288 ], [ 126.081348, 34.284308 ], [ 126.079936, 34.281448 ], [ 126.084566, 34.28006 ], [ 126.086745, 34.28213 ], [ 126.095319, 34.275896 ], [ 126.090564, 34.280229 ], [ 126.088853, 34.285584 ], [ 126.092503, 34.288118 ], [ 126.087204, 34.291507 ], [ 126.085224, 34.299623 ], [ 126.089202, 34.305284 ], [ 126.088059, 34.311302 ], [ 126.080807, 34.307123 ], [ 126.067848, 34.30776 ], [ 126.066577, 34.305079 ], [ 126.053679, 34.30386 ], [ 126.053366, 34.306336 ], [ 126.04603, 34.308314 ], [ 126.039365, 34.318004 ] ] ], [ [ [ 126.030964, 34.338775 ], [ 126.0269, 34.342476 ], [ 126.021985, 34.336349 ], [ 126.01848, 34.338487 ], [ 126.018082, 34.339982 ], [ 126.011331, 34.338868 ], [ 126.015995, 34.332188 ], [ 125.997895, 34.339057 ], [ 125.994873, 34.327259 ], [ 126.010662, 34.321267 ], [ 126.015576, 34.324149 ], [ 126.020647, 34.322783 ], [ 126.023433, 34.3306 ], [ 126.030853, 34.328622 ], [ 126.033738, 34.324638 ], [ 126.036862, 34.330432 ], [ 126.046626, 34.323862 ], [ 126.038469, 34.32511 ], [ 126.038569, 34.322356 ], [ 126.046582, 34.32056 ], [ 126.051524, 34.324984 ], [ 126.059553, 34.319853 ], [ 126.053224, 34.331878 ], [ 126.043461, 34.33258 ], [ 126.045903, 34.334487 ], [ 126.030964, 34.338775 ] ] ], [ [ [ 126.018251, 34.358723 ], [ 126.012956, 34.360191 ], [ 126.013061, 34.35659 ], [ 126.021694, 34.349776 ], [ 126.012653, 34.347461 ], [ 126.023089, 34.342408 ], [ 126.026244, 34.343696 ], [ 126.023277, 34.354955 ], [ 126.018251, 34.358723 ] ] ], [ [ [ 126.036168, 34.39987 ], [ 126.03422, 34.393461 ], [ 126.040512, 34.393444 ], [ 126.038991, 34.398667 ], [ 126.036168, 34.39987 ] ] ], [ [ [ 126.044328, 34.404821 ], [ 126.040155, 34.406469 ], [ 126.038852, 34.404056 ], [ 126.042314, 34.397329 ], [ 126.054226, 34.393049 ], [ 126.050811, 34.400981 ], [ 126.044328, 34.404821 ] ] ], [ [ [ 126.06556, 34.439662 ], [ 126.06507, 34.442705 ], [ 126.061915, 34.442916 ], [ 126.06364, 34.439223 ], [ 126.06556, 34.439662 ] ] ], [ [ [ 126.060337, 34.492459 ], [ 126.054876, 34.49808 ], [ 126.047149, 34.496013 ], [ 126.051839, 34.492191 ], [ 126.044978, 34.491623 ], [ 126.039868, 34.478565 ], [ 126.034439, 34.47958 ], [ 126.031993, 34.483488 ], [ 126.03249, 34.480065 ], [ 126.039292, 34.475911 ], [ 126.04279, 34.469259 ], [ 126.036412, 34.461897 ], [ 126.043038, 34.45962 ], [ 126.049424, 34.467909 ], [ 126.053148, 34.467699 ], [ 126.050652, 34.469352 ], [ 126.052842, 34.472942 ], [ 126.066053, 34.475723 ], [ 126.064406, 34.478106 ], [ 126.069461, 34.482673 ], [ 126.066243, 34.483685 ], [ 126.061189, 34.479372 ], [ 126.054078, 34.481874 ], [ 126.05891, 34.483633 ], [ 126.059662, 34.488919 ], [ 126.064601, 34.48929 ], [ 126.063639, 34.492699 ], [ 126.060337, 34.492459 ] ] ], [ [ [ 126.04006, 34.543526 ], [ 126.042505, 34.543489 ], [ 126.044686, 34.543183 ], [ 126.037805, 34.544944 ], [ 126.04006, 34.543526 ] ] ], [ [ [ 126.018821, 34.634524 ], [ 126.013225, 34.634216 ], [ 126.009731, 34.628456 ], [ 126.016958, 34.618138 ], [ 126.010865, 34.606843 ], [ 126.016148, 34.602541 ], [ 126.011082, 34.596896 ], [ 126.014269, 34.596375 ], [ 126.019641, 34.600687 ], [ 126.026951, 34.593311 ], [ 126.014718, 34.585192 ], [ 126.018412, 34.581451 ], [ 126.015841, 34.579031 ], [ 126.021536, 34.57786 ], [ 126.017006, 34.575373 ], [ 126.02278, 34.574533 ], [ 126.018174, 34.571718 ], [ 126.019061, 34.564825 ], [ 126.02926, 34.565448 ], [ 126.028011, 34.567952 ], [ 126.036454, 34.576916 ], [ 126.038161, 34.574086 ], [ 126.037672, 34.571856 ], [ 126.041711, 34.571628 ], [ 126.041298, 34.567792 ], [ 126.04697, 34.571289 ], [ 126.055962, 34.568274 ], [ 126.060789, 34.571996 ], [ 126.064924, 34.583076 ], [ 126.061112, 34.591935 ], [ 126.057727, 34.591817 ], [ 126.059891, 34.594848 ], [ 126.056013, 34.602446 ], [ 126.054437, 34.604433 ], [ 126.052484, 34.601727 ], [ 126.045495, 34.601782 ], [ 126.033185, 34.611086 ], [ 126.041138, 34.621784 ], [ 126.039234, 34.63017 ], [ 126.029225, 34.635236 ], [ 126.018821, 34.634524 ] ] ], [ [ [ 126.015879, 34.644128 ], [ 126.006565, 34.643079 ], [ 126.008364, 34.639949 ], [ 126.002806, 34.641617 ], [ 126.002896, 34.638855 ], [ 126.007871, 34.634851 ], [ 126.012755, 34.639171 ], [ 126.018625, 34.639396 ], [ 126.015879, 34.644128 ] ] ], [ [ [ 126.048593, 34.663793 ], [ 126.046909, 34.66899 ], [ 126.042507, 34.651262 ], [ 126.04745, 34.64251 ], [ 126.052812, 34.653395 ], [ 126.048593, 34.663793 ] ] ], [ [ [ 126.021132, 34.668269 ], [ 126.017448, 34.668239 ], [ 126.01935, 34.665267 ], [ 126.021713, 34.667407 ], [ 126.021132, 34.668269 ] ] ], [ [ [ 126.038585, 34.670456 ], [ 126.03442, 34.672771 ], [ 126.033988, 34.66832 ], [ 126.039415, 34.668964 ], [ 126.038585, 34.670456 ] ] ], [ [ [ 126.012423, 34.683986 ], [ 126.014771, 34.683077 ], [ 126.015538, 34.685388 ], [ 126.010453, 34.685493 ], [ 126.012423, 34.683986 ] ] ], [ [ [ 126.040624, 34.736141 ], [ 126.040857, 34.734037 ], [ 126.042044, 34.733966 ], [ 126.042421, 34.736948 ], [ 126.040624, 34.736141 ] ] ], [ [ [ 126.017062, 34.74588 ], [ 126.014249, 34.749033 ], [ 126.011985, 34.745514 ], [ 126.013881, 34.732726 ], [ 126.019847, 34.730876 ], [ 126.016981, 34.728648 ], [ 126.019345, 34.723645 ], [ 126.028207, 34.722945 ], [ 126.024832, 34.745426 ], [ 126.017062, 34.74588 ] ] ], [ [ [ 126.053773, 34.755673 ], [ 126.050862, 34.756677 ], [ 126.04876, 34.752689 ], [ 126.055877, 34.750762 ], [ 126.059126, 34.740426 ], [ 126.061283, 34.755489 ], [ 126.053773, 34.755673 ] ] ], [ [ [ 126.022072, 34.764699 ], [ 126.020701, 34.762754 ], [ 126.017545, 34.765487 ], [ 126.016829, 34.757756 ], [ 126.025028, 34.752404 ], [ 126.028536, 34.754521 ], [ 126.026655, 34.757617 ], [ 126.029441, 34.757492 ], [ 126.026694, 34.76417 ], [ 126.022072, 34.764699 ] ] ], [ [ [ 126.057758, 34.766564 ], [ 126.057629, 34.771128 ], [ 126.039077, 34.75578 ], [ 126.05136, 34.759012 ], [ 126.057758, 34.766564 ] ] ], [ [ [ 126.038428, 34.780675 ], [ 126.04056, 34.781736 ], [ 126.035093, 34.782604 ], [ 126.034523, 34.779156 ], [ 126.028257, 34.779629 ], [ 126.032893, 34.774082 ], [ 126.03855, 34.773273 ], [ 126.038428, 34.780675 ] ] ], [ [ [ 126.054138, 34.844096 ], [ 126.05737, 34.843201 ], [ 126.057572, 34.845848 ], [ 126.054953, 34.845908 ], [ 126.054138, 34.844096 ] ] ], [ [ [ 126.089036, 34.902382 ], [ 126.098785, 34.909337 ], [ 126.094254, 34.908118 ], [ 126.092127, 34.911205 ], [ 126.082444, 34.913149 ], [ 126.083219, 34.915899 ], [ 126.090693, 34.917968 ], [ 126.090429, 34.922163 ], [ 126.082099, 34.919039 ], [ 126.076733, 34.920819 ], [ 126.074483, 34.92441 ], [ 126.078931, 34.931315 ], [ 126.075239, 34.933839 ], [ 126.070828, 34.932504 ], [ 126.06855, 34.936388 ], [ 126.063273, 34.932692 ], [ 126.057675, 34.938044 ], [ 126.056101, 34.93452 ], [ 126.061243, 34.930559 ], [ 126.058608, 34.924964 ], [ 126.061796, 34.921027 ], [ 126.056999, 34.910379 ], [ 126.041712, 34.910115 ], [ 126.040158, 34.912133 ], [ 126.043599, 34.913529 ], [ 126.036323, 34.919395 ], [ 126.037209, 34.9141 ], [ 126.03099, 34.909047 ], [ 126.022942, 34.90697 ], [ 126.014157, 34.911855 ], [ 126.016171, 34.909026 ], [ 126.010962, 34.909269 ], [ 126.013815, 34.905955 ], [ 126.010116, 34.897737 ], [ 126.004322, 34.894695 ], [ 126.003906, 34.888792 ], [ 125.995287, 34.886823 ], [ 125.993106, 34.878467 ], [ 125.985183, 34.87368 ], [ 125.981143, 34.877343 ], [ 125.97589, 34.874017 ], [ 125.968714, 34.876366 ], [ 125.967976, 34.873402 ], [ 125.971757, 34.871186 ], [ 125.980713, 34.873291 ], [ 125.982882, 34.867038 ], [ 125.977499, 34.86458 ], [ 125.983977, 34.863686 ], [ 125.988229, 34.866307 ], [ 125.992826, 34.861573 ], [ 125.992387, 34.864773 ], [ 125.999195, 34.866003 ], [ 126.008709, 34.859518 ], [ 126.025154, 34.872306 ], [ 126.022378, 34.85665 ], [ 126.024583, 34.857612 ], [ 126.024515, 34.8594 ], [ 126.032623, 34.859387 ], [ 126.035398, 34.8511 ], [ 126.043431, 34.843781 ], [ 126.046862, 34.844917 ], [ 126.043929, 34.848253 ], [ 126.050143, 34.855477 ], [ 126.065699, 34.856706 ], [ 126.067074, 34.860015 ], [ 126.06905, 34.858124 ], [ 126.06745, 34.864176 ], [ 126.084541, 34.864674 ], [ 126.077655, 34.871563 ], [ 126.078892, 34.881541 ], [ 126.081972, 34.88104 ], [ 126.084572, 34.874207 ], [ 126.091531, 34.879226 ], [ 126.095375, 34.876057 ], [ 126.09707, 34.880129 ], [ 126.093379, 34.883531 ], [ 126.098576, 34.885185 ], [ 126.099096, 34.889055 ], [ 126.092504, 34.891288 ], [ 126.089821, 34.889477 ], [ 126.083766, 34.894184 ], [ 126.085079, 34.900114 ], [ 126.089036, 34.902382 ] ] ], [ [ [ 126.002938, 34.910604 ], [ 126.003771, 34.909217 ], [ 126.00851, 34.91153 ], [ 126.003944, 34.914146 ], [ 126.002938, 34.910604 ] ] ], [ [ [ 126.01629, 34.924125 ], [ 126.018015, 34.92081 ], [ 126.019719, 34.920403 ], [ 126.020291, 34.922446 ], [ 126.01629, 34.924125 ] ] ], [ [ [ 126.017858, 34.930348 ], [ 126.020233, 34.927939 ], [ 126.022734, 34.930892 ], [ 126.018979, 34.931837 ], [ 126.017858, 34.930348 ] ] ], [ [ [ 126.024991, 35.09585 ], [ 126.01685, 35.103243 ], [ 126.018824, 35.098744 ], [ 126.013106, 35.099446 ], [ 126.014086, 35.095872 ], [ 126.011327, 35.096924 ], [ 126.010535, 35.094458 ], [ 126.012672, 35.08679 ], [ 126.018303, 35.086619 ], [ 126.018278, 35.08529 ], [ 126.016167, 35.08383 ], [ 126.020109, 35.081997 ], [ 126.019508, 35.078578 ], [ 126.024078, 35.080283 ], [ 126.027617, 35.07673 ], [ 126.029821, 35.086963 ], [ 126.032165, 35.08619 ], [ 126.024991, 35.09585 ] ] ], [ [ [ 126.048572, 35.110634 ], [ 126.048255, 35.115406 ], [ 126.042884, 35.113238 ], [ 126.049426, 35.106575 ], [ 126.051678, 35.108933 ], [ 126.048572, 35.110634 ] ] ], [ [ [ 126.009952, 35.328673 ], [ 126.006843, 35.332567 ], [ 125.998422, 35.332397 ], [ 125.996745, 35.325699 ], [ 126.002198, 35.330184 ], [ 126.009952, 35.328673 ] ] ], [ [ [ 126.028663, 35.358241 ], [ 126.021893, 35.36357 ], [ 126.020421, 35.355959 ], [ 126.00794, 35.358688 ], [ 126.012521, 35.352431 ], [ 126.018436, 35.352306 ], [ 126.019178, 35.348801 ], [ 126.023522, 35.347893 ], [ 126.022601, 35.344336 ], [ 126.011921, 35.344213 ], [ 126.008343, 35.347899 ], [ 126.009514, 35.343908 ], [ 126.012809, 35.340134 ], [ 126.016982, 35.342173 ], [ 126.020762, 35.339759 ], [ 126.020979, 35.336879 ], [ 126.01492, 35.332992 ], [ 126.021246, 35.33639 ], [ 126.030953, 35.335124 ], [ 126.030853, 35.338186 ], [ 126.039921, 35.343774 ], [ 126.036745, 35.35263 ], [ 126.028908, 35.354314 ], [ 126.028663, 35.358241 ] ] ], [ [ [ 126.006067, 35.354789 ], [ 125.997823, 35.355473 ], [ 125.999265, 35.352596 ], [ 126.006704, 35.348109 ], [ 126.003543, 35.351807 ], [ 126.006067, 35.354789 ] ] ], [ [ [ 126.073004, 34.233983 ], [ 126.074615, 34.23025 ], [ 126.077288, 34.230966 ], [ 126.07712, 34.235648 ], [ 126.073004, 34.233983 ] ] ], [ [ [ 126.088118, 34.246958 ], [ 126.076435, 34.247063 ], [ 126.07995, 34.242955 ], [ 126.087621, 34.244166 ], [ 126.088118, 34.246958 ] ] ], [ [ [ 126.101591, 34.266518 ], [ 126.096769, 34.270885 ], [ 126.101121, 34.263316 ], [ 126.111055, 34.262671 ], [ 126.108716, 34.268737 ], [ 126.101591, 34.266518 ] ] ], [ [ [ 126.120066, 34.328795 ], [ 126.122687, 34.326425 ], [ 126.123469, 34.326796 ], [ 126.123702, 34.329588 ], [ 126.120066, 34.328795 ] ] ], [ [ [ 126.109154, 34.350148 ], [ 126.107739, 34.34421 ], [ 126.110476, 34.3425 ], [ 126.107763, 34.336889 ], [ 126.11281, 34.343072 ], [ 126.109154, 34.350148 ] ] ], [ [ [ 126.097698, 34.456795 ], [ 126.091673, 34.461338 ], [ 126.09373, 34.456265 ], [ 126.10388, 34.454762 ], [ 126.097698, 34.456795 ] ] ], [ [ [ 126.078705, 34.489421 ], [ 126.081443, 34.484765 ], [ 126.087558, 34.489922 ], [ 126.085309, 34.493146 ], [ 126.078705, 34.489421 ] ] ], [ [ [ 126.107822, 34.492172 ], [ 126.106121, 34.494287 ], [ 126.101663, 34.493787 ], [ 126.109529, 34.48984 ], [ 126.107822, 34.492172 ] ] ], [ [ [ 126.086368, 34.515369 ], [ 126.088625, 34.51473 ], [ 126.08943, 34.516643 ], [ 126.086578, 34.516555 ], [ 126.086368, 34.515369 ] ] ], [ [ [ 126.09356, 34.519186 ], [ 126.09713, 34.517756 ], [ 126.098157, 34.518739 ], [ 126.09634, 34.520944 ], [ 126.09356, 34.519186 ] ] ], [ [ [ 126.103582, 34.52895 ], [ 126.104537, 34.527117 ], [ 126.106708, 34.527801 ], [ 126.104873, 34.531332 ], [ 126.103582, 34.52895 ] ] ], [ [ [ 126.059257, 34.627325 ], [ 126.056098, 34.630692 ], [ 126.049997, 34.629062 ], [ 126.046163, 34.610316 ], [ 126.047416, 34.608949 ], [ 126.052001, 34.609579 ], [ 126.059286, 34.613664 ], [ 126.061835, 34.609833 ], [ 126.066705, 34.60918 ], [ 126.064699, 34.607537 ], [ 126.071758, 34.588676 ], [ 126.079034, 34.590134 ], [ 126.076115, 34.589134 ], [ 126.073504, 34.588741 ], [ 126.074465, 34.584353 ], [ 126.087331, 34.584599 ], [ 126.0852, 34.579792 ], [ 126.081128, 34.580755 ], [ 126.076904, 34.573385 ], [ 126.071222, 34.572036 ], [ 126.063435, 34.558716 ], [ 126.047851, 34.564971 ], [ 126.038696, 34.565096 ], [ 126.037511, 34.561422 ], [ 126.032914, 34.563533 ], [ 126.035147, 34.559239 ], [ 126.031097, 34.561439 ], [ 126.02658, 34.553362 ], [ 126.034463, 34.552083 ], [ 126.038874, 34.558368 ], [ 126.048777, 34.554557 ], [ 126.054435, 34.557094 ], [ 126.061327, 34.554479 ], [ 126.05714, 34.551702 ], [ 126.061215, 34.548736 ], [ 126.052875, 34.548603 ], [ 126.049482, 34.544642 ], [ 126.045966, 34.54595 ], [ 126.048315, 34.540492 ], [ 126.044979, 34.53754 ], [ 126.036922, 34.537999 ], [ 126.033029, 34.542893 ], [ 126.027819, 34.542354 ], [ 126.026129, 34.536163 ], [ 126.031385, 34.530867 ], [ 126.037766, 34.533966 ], [ 126.043738, 34.53104 ], [ 126.046972, 34.532845 ], [ 126.048323, 34.530178 ], [ 126.055442, 34.531538 ], [ 126.056959, 34.53516 ], [ 126.064562, 34.533829 ], [ 126.06262, 34.540438 ], [ 126.066503, 34.537764 ], [ 126.076816, 34.540543 ], [ 126.086491, 34.547653 ], [ 126.082704, 34.549084 ], [ 126.085483, 34.551497 ], [ 126.083291, 34.55626 ], [ 126.098908, 34.554966 ], [ 126.100374, 34.55235 ], [ 126.102631, 34.554543 ], [ 126.099856, 34.563826 ], [ 126.095374, 34.563595 ], [ 126.09746, 34.566688 ], [ 126.091779, 34.568783 ], [ 126.096356, 34.574405 ], [ 126.102044, 34.574178 ], [ 126.098891, 34.580367 ], [ 126.104629, 34.579264 ], [ 126.1027, 34.583505 ], [ 126.111325, 34.588143 ], [ 126.105943, 34.589336 ], [ 126.108206, 34.592037 ], [ 126.103631, 34.591629 ], [ 126.10413, 34.595472 ], [ 126.098414, 34.596712 ], [ 126.102778, 34.605554 ], [ 126.099153, 34.609577 ], [ 126.093513, 34.605972 ], [ 126.087522, 34.60837 ], [ 126.082902, 34.61357 ], [ 126.083168, 34.618386 ], [ 126.076722, 34.621089 ], [ 126.074132, 34.62639 ], [ 126.059257, 34.627325 ] ] ], [ [ [ 126.112655, 34.611905 ], [ 126.115573, 34.614588 ], [ 126.108414, 34.61385 ], [ 126.109881, 34.611247 ], [ 126.112655, 34.611905 ] ] ], [ [ [ 126.123468, 34.622169 ], [ 126.120503, 34.624685 ], [ 126.108395, 34.62257 ], [ 126.109931, 34.618889 ], [ 126.117762, 34.617455 ], [ 126.119526, 34.619935 ], [ 126.125819, 34.619175 ], [ 126.123468, 34.622169 ] ] ], [ [ [ 126.085053, 34.637021 ], [ 126.08064, 34.640551 ], [ 126.080306, 34.637838 ], [ 126.088675, 34.629748 ], [ 126.088242, 34.633057 ], [ 126.085053, 34.637021 ] ] ], [ [ [ 126.077773, 34.634152 ], [ 126.081014, 34.634021 ], [ 126.076465, 34.638869 ], [ 126.075113, 34.6348 ], [ 126.077773, 34.634152 ] ] ], [ [ [ 126.093591, 34.638887 ], [ 126.092194, 34.638103 ], [ 126.09472, 34.635373 ], [ 126.095765, 34.636938 ], [ 126.093591, 34.638887 ] ] ], [ [ [ 126.090668, 34.640737 ], [ 126.091978, 34.642243 ], [ 126.088652, 34.642628 ], [ 126.088772, 34.640687 ], [ 126.090668, 34.640737 ] ] ], [ [ [ 126.108757, 34.648004 ], [ 126.109118, 34.645988 ], [ 126.111523, 34.645062 ], [ 126.110391, 34.648939 ], [ 126.108757, 34.648004 ] ] ], [ [ [ 126.079174, 34.6861 ], [ 126.079458, 34.690832 ], [ 126.064342, 34.683918 ], [ 126.067778, 34.681947 ], [ 126.063025, 34.679797 ], [ 126.065927, 34.671629 ], [ 126.069362, 34.671439 ], [ 126.072263, 34.680758 ], [ 126.079174, 34.6861 ] ] ], [ [ [ 126.111908, 34.712482 ], [ 126.102111, 34.711654 ], [ 126.094493, 34.706294 ], [ 126.100667, 34.697037 ], [ 126.112314, 34.704272 ], [ 126.111908, 34.712482 ] ] ], [ [ [ 126.067341, 34.707927 ], [ 126.068362, 34.710507 ], [ 126.06561, 34.712405 ], [ 126.064683, 34.711431 ], [ 126.067341, 34.707927 ] ] ], [ [ [ 126.081341, 34.774726 ], [ 126.077266, 34.776235 ], [ 126.079073, 34.773074 ], [ 126.084974, 34.771451 ], [ 126.084725, 34.772836 ], [ 126.081341, 34.774726 ] ] ], [ [ [ 126.051184, 34.824623 ], [ 126.048018, 34.828008 ], [ 126.047699, 34.824705 ], [ 126.042964, 34.825222 ], [ 126.047589, 34.815017 ], [ 126.058331, 34.814389 ], [ 126.055642, 34.811458 ], [ 126.058102, 34.808685 ], [ 126.067836, 34.807806 ], [ 126.066856, 34.800957 ], [ 126.071372, 34.794582 ], [ 126.075333, 34.79386 ], [ 126.077729, 34.796795 ], [ 126.073591, 34.812492 ], [ 126.067239, 34.813052 ], [ 126.065643, 34.80968 ], [ 126.064872, 34.818529 ], [ 126.060909, 34.818162 ], [ 126.051184, 34.824623 ] ] ], [ [ [ 126.060257, 34.830301 ], [ 126.062552, 34.829364 ], [ 126.058225, 34.834701 ], [ 126.057355, 34.831327 ], [ 126.060257, 34.830301 ] ] ], [ [ [ 126.120628, 34.881076 ], [ 126.114308, 34.882893 ], [ 126.114124, 34.879665 ], [ 126.109922, 34.880226 ], [ 126.108157, 34.876984 ], [ 126.112556, 34.874834 ], [ 126.110443, 34.865009 ], [ 126.116229, 34.858241 ], [ 126.120334, 34.857781 ], [ 126.115238, 34.850634 ], [ 126.102845, 34.850909 ], [ 126.091392, 34.855438 ], [ 126.086898, 34.860823 ], [ 126.081465, 34.859124 ], [ 126.075261, 34.851083 ], [ 126.070288, 34.852563 ], [ 126.058539, 34.849594 ], [ 126.07616, 34.828517 ], [ 126.073863, 34.823081 ], [ 126.080083, 34.819081 ], [ 126.07101, 34.813245 ], [ 126.080175, 34.819021 ], [ 126.090073, 34.815805 ], [ 126.096525, 34.806051 ], [ 126.095679, 34.802413 ], [ 126.091384, 34.801324 ], [ 126.094459, 34.796157 ], [ 126.120043, 34.802124 ], [ 126.117832, 34.805354 ], [ 126.122845, 34.812741 ], [ 126.117108, 34.816616 ], [ 126.114084, 34.825885 ], [ 126.120843, 34.829571 ], [ 126.120312, 34.834135 ], [ 126.12494, 34.83589 ], [ 126.133008, 34.832332 ], [ 126.136783, 34.827064 ], [ 126.141565, 34.827215 ], [ 126.139524, 34.835797 ], [ 126.151149, 34.842504 ], [ 126.147821, 34.848208 ], [ 126.134448, 34.851581 ], [ 126.134824, 34.862658 ], [ 126.149275, 34.859045 ], [ 126.157726, 34.862145 ], [ 126.15433, 34.869482 ], [ 126.146487, 34.869663 ], [ 126.147846, 34.872719 ], [ 126.142891, 34.875509 ], [ 126.144623, 34.880448 ], [ 126.140558, 34.880511 ], [ 126.138062, 34.875069 ], [ 126.130003, 34.875716 ], [ 126.13109, 34.880703 ], [ 126.124127, 34.87891 ], [ 126.120628, 34.881076 ] ] ], [ [ [ 126.10893, 34.88518 ], [ 126.111504, 34.886199 ], [ 126.107602, 34.889369 ], [ 126.105, 34.884694 ], [ 126.10893, 34.88518 ] ] ], [ [ [ 126.1023, 35.012912 ], [ 126.100656, 35.014734 ], [ 126.101688, 35.010325 ], [ 126.103114, 35.011114 ], [ 126.1023, 35.012912 ] ] ], [ [ [ 126.110871, 35.017903 ], [ 126.112315, 35.020297 ], [ 126.110832, 35.021013 ], [ 126.107564, 35.019181 ], [ 126.110871, 35.017903 ] ] ], [ [ [ 126.106384, 35.026438 ], [ 126.108031, 35.024351 ], [ 126.111748, 35.026939 ], [ 126.110384, 35.028095 ], [ 126.106384, 35.026438 ] ] ], [ [ [ 126.154625, 35.146277 ], [ 126.14559, 35.145247 ], [ 126.142431, 35.140074 ], [ 126.136668, 35.144309 ], [ 126.134881, 35.141806 ], [ 126.121596, 35.141671 ], [ 126.120874, 35.139659 ], [ 126.114487, 35.142925 ], [ 126.116351, 35.138952 ], [ 126.112881, 35.133356 ], [ 126.084577, 35.109479 ], [ 126.066896, 35.102795 ], [ 126.049633, 35.102708 ], [ 126.050653, 35.09835 ], [ 126.056918, 35.095067 ], [ 126.047168, 35.090964 ], [ 126.04701, 35.086496 ], [ 126.042538, 35.085002 ], [ 126.044754, 35.080006 ], [ 126.048054, 35.08146 ], [ 126.057107, 35.077191 ], [ 126.057234, 35.071371 ], [ 126.05488, 35.06743 ], [ 126.048386, 35.067063 ], [ 126.03893, 35.070462 ], [ 126.037736, 35.065912 ], [ 126.047228, 35.06579 ], [ 126.048762, 35.061335 ], [ 126.057748, 35.064236 ], [ 126.060527, 35.061009 ], [ 126.057813, 35.056814 ], [ 126.062371, 35.055613 ], [ 126.059439, 35.067579 ], [ 126.067167, 35.069398 ], [ 126.069383, 35.066699 ], [ 126.077234, 35.069755 ], [ 126.074335, 35.060536 ], [ 126.077345, 35.056174 ], [ 126.08513, 35.055288 ], [ 126.085576, 35.052489 ], [ 126.091852, 35.053351 ], [ 126.095931, 35.048506 ], [ 126.101191, 35.048249 ], [ 126.101036, 35.051666 ], [ 126.107539, 35.050233 ], [ 126.102253, 35.05681 ], [ 126.117493, 35.061338 ], [ 126.10866, 35.069746 ], [ 126.119536, 35.073049 ], [ 126.122346, 35.077465 ], [ 126.110417, 35.082725 ], [ 126.122789, 35.081742 ], [ 126.119416, 35.085028 ], [ 126.12266, 35.092532 ], [ 126.11797, 35.092988 ], [ 126.116214, 35.096426 ], [ 126.119669, 35.101336 ], [ 126.116121, 35.106666 ], [ 126.121981, 35.13129 ], [ 126.126036, 35.13646 ], [ 126.14247, 35.136013 ], [ 126.148261, 35.143889 ], [ 126.156516, 35.142404 ], [ 126.161906, 35.145179 ], [ 126.157124, 35.146563 ], [ 126.154625, 35.146277 ] ], [ [ 126.098211, 35.089725 ], [ 126.097216, 35.091123 ], [ 126.105696, 35.088017 ], [ 126.110327, 35.082734 ], [ 126.102004, 35.087961 ], [ 126.102271, 35.088722 ], [ 126.10099, 35.088804 ], [ 126.100554, 35.089811 ], [ 126.098211, 35.089725 ] ] ], [ [ [ 126.061759, 35.110486 ], [ 126.057965, 35.113607 ], [ 126.058892, 35.109396 ], [ 126.065407, 35.108186 ], [ 126.061759, 35.110486 ] ] ], [ [ [ 126.100731, 35.251266 ], [ 126.092988, 35.249466 ], [ 126.091967, 35.243604 ], [ 126.099342, 35.244979 ], [ 126.100731, 35.251266 ] ] ], [ [ [ 126.059549, 35.365685 ], [ 126.058957, 35.369174 ], [ 126.055412, 35.368562 ], [ 126.055106, 35.367393 ], [ 126.059549, 35.365685 ] ] ], [ [ [ 126.057072, 35.373067 ], [ 126.044953, 35.373783 ], [ 126.042024, 35.370211 ], [ 126.046761, 35.367787 ], [ 126.048077, 35.370885 ], [ 126.057072, 35.373067 ] ] ], [ [ [ 126.161187, 34.22429 ], [ 126.162097, 34.2219 ], [ 126.165163, 34.223556 ], [ 126.1648, 34.224922 ], [ 126.161187, 34.22429 ] ] ], [ [ [ 126.15234, 34.225019 ], [ 126.15112, 34.226527 ], [ 126.1487, 34.226696 ], [ 126.152912, 34.223067 ], [ 126.15234, 34.225019 ] ] ], [ [ [ 126.177113, 34.240288 ], [ 126.173343, 34.241133 ], [ 126.171542, 34.239447 ], [ 126.177558, 34.236717 ], [ 126.177113, 34.240288 ] ] ], [ [ [ 126.184579, 34.253859 ], [ 126.183504, 34.261438 ], [ 126.176949, 34.253486 ], [ 126.175156, 34.241965 ], [ 126.179682, 34.242499 ], [ 126.182138, 34.253766 ], [ 126.184579, 34.253859 ] ] ], [ [ [ 126.151519, 34.263209 ], [ 126.150979, 34.264438 ], [ 126.144717, 34.265655 ], [ 126.155755, 34.258544 ], [ 126.151519, 34.263209 ] ] ], [ [ [ 126.177768, 34.262234 ], [ 126.173559, 34.264645 ], [ 126.172582, 34.26415 ], [ 126.175224, 34.26192 ], [ 126.177768, 34.262234 ] ] ], [ [ [ 126.127662, 34.268307 ], [ 126.126503, 34.269941 ], [ 126.125182, 34.270041 ], [ 126.127468, 34.266597 ], [ 126.127662, 34.268307 ] ] ], [ [ [ 126.155239, 34.327317 ], [ 126.157376, 34.327682 ], [ 126.149894, 34.330094 ], [ 126.151509, 34.327886 ], [ 126.155239, 34.327317 ] ] ], [ [ [ 126.166791, 34.508781 ], [ 126.168602, 34.511369 ], [ 126.16262, 34.510753 ], [ 126.162861, 34.505811 ], [ 126.165957, 34.506913 ], [ 126.166791, 34.508781 ] ] ], [ [ [ 126.176639, 34.535217 ], [ 126.176404, 34.538769 ], [ 126.176143, 34.538815 ], [ 126.174883, 34.533498 ], [ 126.176639, 34.535217 ] ] ], [ [ [ 126.150204, 34.570343 ], [ 126.14583, 34.564998 ], [ 126.151434, 34.561923 ], [ 126.15639, 34.566464 ], [ 126.150204, 34.570343 ] ] ], [ [ [ 126.14913, 34.580677 ], [ 126.145586, 34.583231 ], [ 126.144397, 34.579902 ], [ 126.138796, 34.580986 ], [ 126.136773, 34.578842 ], [ 126.14023, 34.580315 ], [ 126.146181, 34.575348 ], [ 126.147252, 34.578758 ], [ 126.150268, 34.57699 ], [ 126.14913, 34.580677 ] ] ], [ [ [ 126.156297, 34.670778 ], [ 126.153299, 34.672806 ], [ 126.147651, 34.670807 ], [ 126.134177, 34.657546 ], [ 126.129631, 34.659736 ], [ 126.131384, 34.657859 ], [ 126.127637, 34.657139 ], [ 126.12755, 34.652034 ], [ 126.119058, 34.653619 ], [ 126.114565, 34.651027 ], [ 126.117028, 34.643008 ], [ 126.122112, 34.642628 ], [ 126.123696, 34.64569 ], [ 126.13232, 34.641724 ], [ 126.129539, 34.633842 ], [ 126.121664, 34.628965 ], [ 126.129803, 34.621059 ], [ 126.122186, 34.615523 ], [ 126.130378, 34.613526 ], [ 126.134566, 34.615897 ], [ 126.134342, 34.619237 ], [ 126.137564, 34.616121 ], [ 126.13805, 34.618963 ], [ 126.147757, 34.620701 ], [ 126.151464, 34.620146 ], [ 126.151404, 34.617469 ], [ 126.152839, 34.624509 ], [ 126.163191, 34.628557 ], [ 126.167829, 34.627443 ], [ 126.166718, 34.623593 ], [ 126.174253, 34.621485 ], [ 126.180768, 34.630569 ], [ 126.186425, 34.629667 ], [ 126.189518, 34.633334 ], [ 126.197183, 34.632201 ], [ 126.19813, 34.635966 ], [ 126.201902, 34.635353 ], [ 126.199757, 34.641808 ], [ 126.185309, 34.637707 ], [ 126.184234, 34.639991 ], [ 126.187491, 34.641337 ], [ 126.182474, 34.644254 ], [ 126.186913, 34.652326 ], [ 126.181405, 34.657469 ], [ 126.173994, 34.656037 ], [ 126.176974, 34.659683 ], [ 126.174845, 34.663483 ], [ 126.170411, 34.661746 ], [ 126.16216, 34.666718 ], [ 126.163093, 34.669162 ], [ 126.156297, 34.670778 ] ] ], [ [ [ 126.143574, 34.697883 ], [ 126.137307, 34.69439 ], [ 126.137348, 34.690951 ], [ 126.142995, 34.687346 ], [ 126.146629, 34.691364 ], [ 126.143574, 34.697883 ] ] ], [ [ [ 126.173913, 34.69427 ], [ 126.172094, 34.696679 ], [ 126.170483, 34.697188 ], [ 126.173061, 34.692865 ], [ 126.173913, 34.69427 ] ] ], [ [ [ 126.124104, 34.712986 ], [ 126.121269, 34.708334 ], [ 126.125339, 34.704057 ], [ 126.136353, 34.705645 ], [ 126.133735, 34.710908 ], [ 126.124104, 34.712986 ] ] ], [ [ [ 126.145561, 34.708042 ], [ 126.145767, 34.709621 ], [ 126.142379, 34.710342 ], [ 126.143627, 34.707791 ], [ 126.145561, 34.708042 ] ] ], [ [ [ 126.091802, 34.772232 ], [ 126.087417, 34.773822 ], [ 126.088582, 34.766807 ], [ 126.083623, 34.763437 ], [ 126.078795, 34.763874 ], [ 126.07947, 34.768677 ], [ 126.069339, 34.765809 ], [ 126.064244, 34.768392 ], [ 126.067367, 34.764831 ], [ 126.075843, 34.763584 ], [ 126.082036, 34.750521 ], [ 126.074023, 34.746689 ], [ 126.076049, 34.74351 ], [ 126.071159, 34.74164 ], [ 126.070327, 34.737337 ], [ 126.081743, 34.719627 ], [ 126.074642, 34.713208 ], [ 126.075365, 34.708574 ], [ 126.080956, 34.705746 ], [ 126.085168, 34.716849 ], [ 126.097912, 34.720835 ], [ 126.104692, 34.718732 ], [ 126.110504, 34.722101 ], [ 126.109977, 34.71836 ], [ 126.118123, 34.714363 ], [ 126.122954, 34.717724 ], [ 126.124002, 34.724713 ], [ 126.137017, 34.728682 ], [ 126.142417, 34.727255 ], [ 126.138389, 34.721996 ], [ 126.149842, 34.714185 ], [ 126.145992, 34.705029 ], [ 126.147891, 34.700402 ], [ 126.157928, 34.703817 ], [ 126.166648, 34.699901 ], [ 126.174998, 34.700851 ], [ 126.178398, 34.707612 ], [ 126.176463, 34.716535 ], [ 126.182696, 34.723761 ], [ 126.179182, 34.724724 ], [ 126.175477, 34.741721 ], [ 126.167391, 34.747187 ], [ 126.172336, 34.749214 ], [ 126.170887, 34.752491 ], [ 126.156655, 34.757994 ], [ 126.15017, 34.756998 ], [ 126.149686, 34.752501 ], [ 126.143918, 34.751644 ], [ 126.133818, 34.756879 ], [ 126.125377, 34.770636 ], [ 126.105714, 34.766059 ], [ 126.091802, 34.772232 ] ] ], [ [ [ 126.123777, 34.773142 ], [ 126.121361, 34.776105 ], [ 126.117269, 34.776505 ], [ 126.11787, 34.774211 ], [ 126.123777, 34.773142 ] ] ], [ [ [ 126.174163, 34.783536 ], [ 126.173975, 34.787693 ], [ 126.169347, 34.787545 ], [ 126.171994, 34.777673 ], [ 126.173026, 34.778618 ], [ 126.174163, 34.783536 ] ] ], [ [ [ 126.150496, 34.810928 ], [ 126.147281, 34.812163 ], [ 126.142131, 34.805878 ], [ 126.146177, 34.803746 ], [ 126.14769, 34.797367 ], [ 126.139923, 34.797027 ], [ 126.136789, 34.799675 ], [ 126.125134, 34.795406 ], [ 126.123856, 34.797786 ], [ 126.118048, 34.790982 ], [ 126.113168, 34.794194 ], [ 126.093084, 34.788189 ], [ 126.086051, 34.792935 ], [ 126.082816, 34.787503 ], [ 126.085267, 34.789369 ], [ 126.098918, 34.784022 ], [ 126.106105, 34.778024 ], [ 126.1124, 34.777896 ], [ 126.11457, 34.780974 ], [ 126.127659, 34.780479 ], [ 126.133215, 34.772086 ], [ 126.131889, 34.767489 ], [ 126.135815, 34.767481 ], [ 126.135654, 34.763487 ], [ 126.141598, 34.760958 ], [ 126.145037, 34.764659 ], [ 126.150508, 34.764295 ], [ 126.151943, 34.761575 ], [ 126.158113, 34.765892 ], [ 126.164042, 34.764695 ], [ 126.163651, 34.779311 ], [ 126.157132, 34.781576 ], [ 126.15846, 34.786578 ], [ 126.16094, 34.790677 ], [ 126.166879, 34.789054 ], [ 126.167448, 34.79234 ], [ 126.172555, 34.793974 ], [ 126.172425, 34.794336 ], [ 126.170722, 34.793923 ], [ 126.166454, 34.798911 ], [ 126.156239, 34.79805 ], [ 126.152401, 34.801216 ], [ 126.153485, 34.810522 ], [ 126.150496, 34.810928 ] ] ], [ [ [ 126.167283, 34.811417 ], [ 126.164255, 34.809528 ], [ 126.163905, 34.80686 ], [ 126.166928, 34.809282 ], [ 126.167283, 34.811417 ] ] ], [ [ [ 126.157893, 34.820837 ], [ 126.159418, 34.82356 ], [ 126.155514, 34.820417 ], [ 126.153482, 34.814955 ], [ 126.157067, 34.81285 ], [ 126.160762, 34.815647 ], [ 126.157893, 34.820837 ] ] ], [ [ [ 126.160959, 34.820049 ], [ 126.163874, 34.818116 ], [ 126.164446, 34.82144 ], [ 126.161483, 34.821314 ], [ 126.160959, 34.820049 ] ] ], [ [ [ 126.168332, 34.883458 ], [ 126.164876, 34.883802 ], [ 126.16712, 34.874794 ], [ 126.168864, 34.877124 ], [ 126.168332, 34.883458 ] ] ], [ [ [ 126.119953, 34.885868 ], [ 126.122952, 34.888427 ], [ 126.122228, 34.889713 ], [ 126.116369, 34.886854 ], [ 126.119953, 34.885868 ] ] ], [ [ [ 126.166849, 34.890562 ], [ 126.167064, 34.888788 ], [ 126.169833, 34.890718 ], [ 126.168988, 34.891568 ], [ 126.166849, 34.890562 ] ] ], [ [ [ 126.171736, 34.897186 ], [ 126.170889, 34.899119 ], [ 126.167867, 34.898818 ], [ 126.172598, 34.895858 ], [ 126.171736, 34.897186 ] ] ], [ [ [ 126.163118, 34.958236 ], [ 126.159694, 34.96033 ], [ 126.160258, 34.954285 ], [ 126.157131, 34.954584 ], [ 126.160354, 34.943279 ], [ 126.166456, 34.944772 ], [ 126.16221, 34.951718 ], [ 126.163118, 34.958236 ] ] ], [ [ [ 126.138672, 35.021624 ], [ 126.137613, 35.025472 ], [ 126.132127, 35.026642 ], [ 126.132984, 35.022285 ], [ 126.12725, 35.02624 ], [ 126.12448, 35.023856 ], [ 126.128069, 35.021647 ], [ 126.123525, 35.017675 ], [ 126.114669, 35.01805 ], [ 126.115758, 35.011314 ], [ 126.109078, 35.009256 ], [ 126.107626, 35.003937 ], [ 126.101236, 35.007527 ], [ 126.098321, 35.00261 ], [ 126.104802, 35.000055 ], [ 126.106162, 34.994114 ], [ 126.107063, 34.994226 ], [ 126.10597, 34.996798 ], [ 126.10704, 34.99726 ], [ 126.119864, 34.996377 ], [ 126.121705, 35.000657 ], [ 126.132928, 35.001807 ], [ 126.145326, 34.988574 ], [ 126.141113, 34.986898 ], [ 126.134821, 34.991394 ], [ 126.136678, 34.965726 ], [ 126.132924, 34.964613 ], [ 126.133848, 34.959825 ], [ 126.13068, 34.959695 ], [ 126.131533, 34.95577 ], [ 126.127416, 34.9546 ], [ 126.128853, 34.952179 ], [ 126.124514, 34.950963 ], [ 126.124438, 34.947212 ], [ 126.128491, 34.949669 ], [ 126.136643, 34.948486 ], [ 126.13738, 34.953823 ], [ 126.142071, 34.953679 ], [ 126.141191, 34.955653 ], [ 126.14236, 34.953746 ], [ 126.145944, 34.953192 ], [ 126.14572, 34.953483 ], [ 126.14458, 34.953816 ], [ 126.143532, 34.953912 ], [ 126.142393, 34.953809 ], [ 126.141956, 34.955631 ], [ 126.145173, 34.956675 ], [ 126.144023, 34.968789 ], [ 126.150008, 34.970959 ], [ 126.155118, 34.96655 ], [ 126.15972, 34.971943 ], [ 126.167759, 34.967364 ], [ 126.180446, 34.97428 ], [ 126.177184, 34.98683 ], [ 126.177991, 34.996496 ], [ 126.181851, 34.996816 ], [ 126.17662, 34.997058 ], [ 126.176252, 34.996837 ], [ 126.164827, 35.003018 ], [ 126.166406, 35.007972 ], [ 126.162157, 35.010222 ], [ 126.166243, 35.020912 ], [ 126.160911, 35.017247 ], [ 126.154294, 35.022588 ], [ 126.149358, 35.020545 ], [ 126.142708, 35.024938 ], [ 126.138672, 35.021624 ] ] ], [ [ [ 126.148737, 35.057924 ], [ 126.144665, 35.059398 ], [ 126.140592, 35.05504 ], [ 126.137257, 35.057395 ], [ 126.133556, 35.051264 ], [ 126.129083, 35.051258 ], [ 126.128623, 35.048064 ], [ 126.141236, 35.045545 ], [ 126.134008, 35.041788 ], [ 126.144185, 35.039821 ], [ 126.148465, 35.031121 ], [ 126.150413, 35.033597 ], [ 126.157322, 35.03345 ], [ 126.158633, 35.037051 ], [ 126.160895, 35.032545 ], [ 126.163046, 35.035633 ], [ 126.167281, 35.033865 ], [ 126.169712, 35.024609 ], [ 126.170247, 35.024453 ], [ 126.171132, 35.025503 ], [ 126.170379, 35.027248 ], [ 126.182264, 35.027548 ], [ 126.186463, 35.023359 ], [ 126.18393, 35.021673 ], [ 126.193516, 35.017326 ], [ 126.197432, 35.018323 ], [ 126.197439, 35.02728 ], [ 126.194931, 35.028057 ], [ 126.199792, 35.04022 ], [ 126.192304, 35.044933 ], [ 126.185417, 35.042563 ], [ 126.180407, 35.047601 ], [ 126.181101, 35.051365 ], [ 126.176749, 35.050791 ], [ 126.16915, 35.056181 ], [ 126.158616, 35.053689 ], [ 126.148737, 35.057924 ] ] ], [ [ [ 126.129022, 35.039085 ], [ 126.130771, 35.040852 ], [ 126.127191, 35.040199 ], [ 126.125528, 35.038098 ], [ 126.126725, 35.039411 ], [ 126.129022, 35.039085 ] ] ], [ [ [ 126.149967, 35.064818 ], [ 126.153282, 35.060564 ], [ 126.15446, 35.061128 ], [ 126.151087, 35.064838 ], [ 126.149967, 35.064818 ] ] ], [ [ [ 126.130769, 35.073279 ], [ 126.129263, 35.072014 ], [ 126.133107, 35.070548 ], [ 126.130761, 35.074191 ], [ 126.130769, 35.073279 ] ] ], [ [ [ 126.14965, 35.075136 ], [ 126.147657, 35.078384 ], [ 126.145334, 35.07816 ], [ 126.149292, 35.073208 ], [ 126.14965, 35.075136 ] ] ], [ [ [ 126.154864, 35.075953 ], [ 126.157607, 35.077843 ], [ 126.155971, 35.080522 ], [ 126.153677, 35.077524 ], [ 126.154864, 35.075953 ] ] ], [ [ [ 126.13638, 35.092429 ], [ 126.132836, 35.092942 ], [ 126.129912, 35.084102 ], [ 126.143541, 35.082214 ], [ 126.14692, 35.084055 ], [ 126.146394, 35.091484 ], [ 126.13638, 35.092429 ] ] ], [ [ [ 126.128655, 35.19962 ], [ 126.127961, 35.20244 ], [ 126.12424, 35.2018 ], [ 126.12195, 35.190493 ], [ 126.132684, 35.192144 ], [ 126.127577, 35.19583 ], [ 126.128655, 35.19962 ] ] ], [ [ [ 126.15531, 35.208103 ], [ 126.155984, 35.211432 ], [ 126.152043, 35.211214 ], [ 126.147003, 35.205758 ], [ 126.140258, 35.207843 ], [ 126.138538, 35.204267 ], [ 126.132396, 35.203318 ], [ 126.144235, 35.200026 ], [ 126.15531, 35.208103 ] ] ], [ [ [ 126.109223, 35.256836 ], [ 126.110944, 35.255289 ], [ 126.115748, 35.259211 ], [ 126.110872, 35.25832 ], [ 126.109223, 35.256836 ] ] ], [ [ [ 126.151439, 35.290244 ], [ 126.14171, 35.299511 ], [ 126.139207, 35.289568 ], [ 126.132517, 35.288425 ], [ 126.132224, 35.28206 ], [ 126.14294, 35.277526 ], [ 126.14029, 35.273461 ], [ 126.142625, 35.271336 ], [ 126.150252, 35.271635 ], [ 126.154221, 35.278264 ], [ 126.151439, 35.290244 ] ] ], [ [ [ 126.228008, 34.551814 ], [ 126.227443, 34.552487 ], [ 126.222006, 34.552304 ], [ 126.223842, 34.55114 ], [ 126.228008, 34.551814 ] ] ], [ [ [ 126.212056, 34.556122 ], [ 126.212794, 34.55812 ], [ 126.207929, 34.558403 ], [ 126.208309, 34.556407 ], [ 126.212056, 34.556122 ] ] ], [ [ [ 126.197573, 34.57118 ], [ 126.200148, 34.572082 ], [ 126.199115, 34.573196 ], [ 126.196018, 34.571983 ], [ 126.197573, 34.57118 ] ] ], [ [ [ 126.197296, 34.578466 ], [ 126.199895, 34.581552 ], [ 126.195554, 34.582694 ], [ 126.189387, 34.575775 ], [ 126.195671, 34.574094 ], [ 126.197296, 34.578466 ] ] ], [ [ [ 126.184146, 34.613584 ], [ 126.184124, 34.618135 ], [ 126.18061, 34.614303 ], [ 126.182783, 34.611087 ], [ 126.186124, 34.612326 ], [ 126.184146, 34.613584 ] ] ], [ [ [ 126.178065, 34.616268 ], [ 126.178851, 34.618016 ], [ 126.174887, 34.617641 ], [ 126.177217, 34.61708 ], [ 126.178065, 34.616268 ] ] ], [ [ [ 126.20263, 34.624381 ], [ 126.197736, 34.627354 ], [ 126.194957, 34.625702 ], [ 126.199453, 34.621352 ], [ 126.212982, 34.617679 ], [ 126.21561, 34.617884 ], [ 126.214345, 34.622751 ], [ 126.218573, 34.624764 ], [ 126.206861, 34.625373 ], [ 126.206175, 34.622477 ], [ 126.20263, 34.624381 ] ] ], [ [ [ 126.196314, 34.703744 ], [ 126.191581, 34.708469 ], [ 126.189636, 34.702488 ], [ 126.180474, 34.698195 ], [ 126.177581, 34.687889 ], [ 126.169157, 34.691759 ], [ 126.160228, 34.688524 ], [ 126.170502, 34.679583 ], [ 126.181685, 34.679567 ], [ 126.181273, 34.683488 ], [ 126.186111, 34.684972 ], [ 126.189173, 34.680266 ], [ 126.197615, 34.688602 ], [ 126.19415, 34.688129 ], [ 126.192309, 34.695476 ], [ 126.187638, 34.695956 ], [ 126.202153, 34.700567 ], [ 126.196314, 34.703744 ] ] ], [ [ [ 126.186681, 34.72798 ], [ 126.190733, 34.726613 ], [ 126.189132, 34.731231 ], [ 126.186427, 34.731032 ], [ 126.186681, 34.72798 ] ] ], [ [ [ 126.216332, 34.851763 ], [ 126.213979, 34.849352 ], [ 126.219764, 34.847599 ], [ 126.22318, 34.849439 ], [ 126.22023, 34.852249 ], [ 126.216332, 34.851763 ] ] ], [ [ [ 126.180022, 34.900087 ], [ 126.178609, 34.903086 ], [ 126.175764, 34.900496 ], [ 126.180588, 34.891119 ], [ 126.17279, 34.887298 ], [ 126.175789, 34.880684 ], [ 126.188434, 34.889156 ], [ 126.189201, 34.895526 ], [ 126.180022, 34.900087 ] ] ], [ [ [ 126.198543, 34.900199 ], [ 126.198139, 34.898308 ], [ 126.201748, 34.898917 ], [ 126.201185, 34.901017 ], [ 126.198543, 34.900199 ] ] ], [ [ [ 126.198323, 34.915773 ], [ 126.199294, 34.920504 ], [ 126.192, 34.917317 ], [ 126.194642, 34.915564 ], [ 126.198323, 34.915773 ] ] ], [ [ [ 126.198232, 34.924395 ], [ 126.192451, 34.930484 ], [ 126.194066, 34.922028 ], [ 126.19793, 34.921735 ], [ 126.198232, 34.924395 ] ] ], [ [ [ 126.203169, 34.933271 ], [ 126.201253, 34.936908 ], [ 126.195485, 34.934128 ], [ 126.206482, 34.92664 ], [ 126.206199, 34.929803 ], [ 126.203169, 34.933271 ] ] ], [ [ [ 126.202838, 34.948066 ], [ 126.193229, 34.949924 ], [ 126.189934, 34.943379 ], [ 126.19391, 34.943821 ], [ 126.196286, 34.939607 ], [ 126.199302, 34.942443 ], [ 126.199712, 34.938901 ], [ 126.211602, 34.940676 ], [ 126.209944, 34.945344 ], [ 126.202838, 34.948066 ] ] ], [ [ [ 126.216556, 34.982201 ], [ 126.212493, 34.984897 ], [ 126.211859, 34.980164 ], [ 126.206526, 34.975167 ], [ 126.203634, 34.977848 ], [ 126.205341, 34.974318 ], [ 126.198221, 34.969085 ], [ 126.204752, 34.957601 ], [ 126.211622, 34.955914 ], [ 126.211587, 34.957804 ], [ 126.211924, 34.953109 ], [ 126.214731, 34.956658 ], [ 126.217375, 34.955063 ], [ 126.212838, 34.965553 ], [ 126.216237, 34.972344 ], [ 126.213208, 34.978034 ], [ 126.216556, 34.982201 ] ] ], [ [ [ 126.208, 34.981254 ], [ 126.210108, 34.982335 ], [ 126.207719, 34.985268 ], [ 126.205104, 34.98107 ], [ 126.208, 34.981254 ] ] ], [ [ [ 126.201444, 35.007674 ], [ 126.199266, 35.01179 ], [ 126.195592, 35.006848 ], [ 126.20301, 35.005504 ], [ 126.201444, 35.007674 ] ] ], [ [ [ 126.195209, 35.010421 ], [ 126.195529, 35.015463 ], [ 126.190505, 35.014403 ], [ 126.191162, 35.009846 ], [ 126.195209, 35.010421 ] ] ], [ [ [ 126.221202, 35.033468 ], [ 126.221252, 35.037492 ], [ 126.217826, 35.037683 ], [ 126.218996, 35.03476 ], [ 126.221202, 35.033468 ] ] ], [ [ [ 126.20617, 35.120552 ], [ 126.200291, 35.11703 ], [ 126.203124, 35.111073 ], [ 126.210063, 35.114059 ], [ 126.20617, 35.120552 ] ] ], [ [ [ 126.206331, 35.126847 ], [ 126.200341, 35.128143 ], [ 126.20711, 35.122351 ], [ 126.209382, 35.126362 ], [ 126.206331, 35.126847 ] ] ], [ [ [ 126.169986, 35.129 ], [ 126.172634, 35.130621 ], [ 126.166312, 35.129579 ], [ 126.167268, 35.129214 ], [ 126.169986, 35.129 ] ] ], [ [ [ 126.201224, 35.146549 ], [ 126.183485, 35.14236 ], [ 126.185934, 35.135972 ], [ 126.182244, 35.134292 ], [ 126.181965, 35.130227 ], [ 126.192583, 35.132742 ], [ 126.192025, 35.136244 ], [ 126.195937, 35.13892 ], [ 126.201748, 35.135491 ], [ 126.203717, 35.144565 ], [ 126.201224, 35.146549 ] ] ], [ [ [ 126.213377, 35.186815 ], [ 126.208857, 35.187252 ], [ 126.20591, 35.183632 ], [ 126.213702, 35.184038 ], [ 126.213377, 35.186815 ] ] ], [ [ [ 126.221478, 35.193291 ], [ 126.220205, 35.194621 ], [ 126.218812, 35.192016 ], [ 126.222112, 35.191676 ], [ 126.221478, 35.193291 ] ] ], [ [ [ 126.297564, 34.324699 ], [ 126.293371, 34.325473 ], [ 126.301178, 34.321097 ], [ 126.30153, 34.321843 ], [ 126.297564, 34.324699 ] ] ], [ [ [ 126.30392, 34.327717 ], [ 126.298643, 34.330733 ], [ 126.29663, 34.329606 ], [ 126.301363, 34.32754 ], [ 126.30392, 34.327717 ] ] ], [ [ [ 126.303352, 34.390036 ], [ 126.30205, 34.39554 ], [ 126.297849, 34.390974 ], [ 126.291734, 34.391604 ], [ 126.291025, 34.388428 ], [ 126.283457, 34.38908 ], [ 126.28568, 34.380448 ], [ 126.279657, 34.371367 ], [ 126.285852, 34.365706 ], [ 126.292168, 34.366498 ], [ 126.288509, 34.370298 ], [ 126.292528, 34.374379 ], [ 126.296317, 34.369992 ], [ 126.308475, 34.373885 ], [ 126.308192, 34.379724 ], [ 126.305443, 34.380145 ], [ 126.310247, 34.382004 ], [ 126.307373, 34.385425 ], [ 126.299209, 34.381921 ], [ 126.296582, 34.384599 ], [ 126.303352, 34.390036 ] ] ], [ [ [ 126.330117, 34.38625 ], [ 126.32932, 34.387969 ], [ 126.327295, 34.384828 ], [ 126.328444, 34.384623 ], [ 126.330117, 34.38625 ] ] ], [ [ [ 126.251778, 34.587714 ], [ 126.240524, 34.586756 ], [ 126.238102, 34.582631 ], [ 126.243126, 34.583384 ], [ 126.244714, 34.580739 ], [ 126.240059, 34.575542 ], [ 126.242282, 34.573918 ], [ 126.239622, 34.565137 ], [ 126.244512, 34.568961 ], [ 126.24579, 34.562864 ], [ 126.247655, 34.564745 ], [ 126.251007, 34.563063 ], [ 126.235455, 34.535637 ], [ 126.228002, 34.535812 ], [ 126.225779, 34.541189 ], [ 126.224917, 34.530072 ], [ 126.218704, 34.53302 ], [ 126.217064, 34.528206 ], [ 126.212022, 34.526839 ], [ 126.212289, 34.524338 ], [ 126.223978, 34.519015 ], [ 126.223351, 34.516388 ], [ 126.20405, 34.514948 ], [ 126.198182, 34.5095 ], [ 126.200242, 34.504856 ], [ 126.203697, 34.506648 ], [ 126.207852, 34.501659 ], [ 126.205378, 34.495962 ], [ 126.19143, 34.493914 ], [ 126.188237, 34.496156 ], [ 126.19022, 34.508038 ], [ 126.194538, 34.510752 ], [ 126.190674, 34.514316 ], [ 126.178403, 34.501093 ], [ 126.177273, 34.495969 ], [ 126.173155, 34.494725 ], [ 126.175754, 34.491544 ], [ 126.172715, 34.48455 ], [ 126.161487, 34.483305 ], [ 126.14491, 34.475578 ], [ 126.142869, 34.470635 ], [ 126.134304, 34.465396 ], [ 126.124257, 34.464614 ], [ 126.117008, 34.459669 ], [ 126.117966, 34.453374 ], [ 126.127291, 34.452388 ], [ 126.125729, 34.446647 ], [ 126.130059, 34.442516 ], [ 126.122326, 34.443823 ], [ 126.118367, 34.449654 ], [ 126.101839, 34.441138 ], [ 126.101677, 34.436266 ], [ 126.096221, 34.435585 ], [ 126.10082, 34.431028 ], [ 126.097386, 34.431625 ], [ 126.092762, 34.42658 ], [ 126.098034, 34.421802 ], [ 126.093912, 34.423532 ], [ 126.091642, 34.421654 ], [ 126.097401, 34.418618 ], [ 126.089465, 34.418674 ], [ 126.101026, 34.403217 ], [ 126.099349, 34.40173 ], [ 126.111739, 34.394749 ], [ 126.109396, 34.391089 ], [ 126.114332, 34.385817 ], [ 126.113786, 34.382109 ], [ 126.11755, 34.378716 ], [ 126.127116, 34.378559 ], [ 126.125813, 34.381858 ], [ 126.130127, 34.385581 ], [ 126.143281, 34.385186 ], [ 126.14441, 34.383016 ], [ 126.144737, 34.377491 ], [ 126.134139, 34.374171 ], [ 126.138926, 34.368423 ], [ 126.130206, 34.365691 ], [ 126.136899, 34.366456 ], [ 126.136234, 34.364247 ], [ 126.131354, 34.36523 ], [ 126.130038, 34.359871 ], [ 126.137608, 34.359511 ], [ 126.139462, 34.357015 ], [ 126.146259, 34.358276 ], [ 126.143705, 34.364326 ], [ 126.152779, 34.366728 ], [ 126.156796, 34.364933 ], [ 126.156987, 34.363943 ], [ 126.155275, 34.363174 ], [ 126.155669, 34.36193 ], [ 126.160262, 34.365085 ], [ 126.163772, 34.364089 ], [ 126.155566, 34.359773 ], [ 126.162024, 34.353098 ], [ 126.174012, 34.352379 ], [ 126.182022, 34.359463 ], [ 126.180293, 34.351119 ], [ 126.185568, 34.352179 ], [ 126.186897, 34.356581 ], [ 126.202417, 34.357964 ], [ 126.206834, 34.361724 ], [ 126.213391, 34.360556 ], [ 126.210206, 34.369029 ], [ 126.198555, 34.367691 ], [ 126.202369, 34.371137 ], [ 126.214259, 34.371128 ], [ 126.22163, 34.367697 ], [ 126.224292, 34.370503 ], [ 126.229992, 34.370338 ], [ 126.228278, 34.373499 ], [ 126.231129, 34.374959 ], [ 126.23422, 34.36881 ], [ 126.239247, 34.370858 ], [ 126.244006, 34.379462 ], [ 126.252068, 34.378071 ], [ 126.255606, 34.381824 ], [ 126.266734, 34.378313 ], [ 126.268624, 34.379908 ], [ 126.265004, 34.380941 ], [ 126.268172, 34.385125 ], [ 126.259572, 34.386818 ], [ 126.262893, 34.3955 ], [ 126.276238, 34.396344 ], [ 126.276255, 34.390897 ], [ 126.279548, 34.390235 ], [ 126.283263, 34.394565 ], [ 126.289953, 34.393513 ], [ 126.296856, 34.397697 ], [ 126.291412, 34.402705 ], [ 126.292422, 34.408912 ], [ 126.297957, 34.409097 ], [ 126.299599, 34.403628 ], [ 126.306235, 34.40221 ], [ 126.302008, 34.414472 ], [ 126.312629, 34.405613 ], [ 126.312314, 34.400223 ], [ 126.315112, 34.400441 ], [ 126.313965, 34.414269 ], [ 126.310879, 34.415934 ], [ 126.319074, 34.419142 ], [ 126.318573, 34.424336 ], [ 126.325023, 34.42108 ], [ 126.322582, 34.416817 ], [ 126.326927, 34.415134 ], [ 126.321351, 34.412644 ], [ 126.327733, 34.40588 ], [ 126.32018, 34.405095 ], [ 126.328316, 34.397491 ], [ 126.330084, 34.401096 ], [ 126.336579, 34.400559 ], [ 126.334976, 34.409877 ], [ 126.337757, 34.412893 ], [ 126.335426, 34.414405 ], [ 126.342204, 34.415383 ], [ 126.342872, 34.419917 ], [ 126.344986, 34.418811 ], [ 126.344467, 34.421351 ], [ 126.351532, 34.426202 ], [ 126.356003, 34.437207 ], [ 126.367174, 34.444345 ], [ 126.364347, 34.44393 ], [ 126.357929, 34.456239 ], [ 126.364603, 34.465135 ], [ 126.370193, 34.464553 ], [ 126.372766, 34.470928 ], [ 126.360627, 34.472945 ], [ 126.357651, 34.480485 ], [ 126.363521, 34.484857 ], [ 126.370718, 34.483083 ], [ 126.374299, 34.485588 ], [ 126.377963, 34.479053 ], [ 126.3853, 34.480777 ], [ 126.382847, 34.485525 ], [ 126.378831, 34.486068 ], [ 126.379378, 34.491349 ], [ 126.383006, 34.492738 ], [ 126.372989, 34.496071 ], [ 126.372706, 34.500743 ], [ 126.377702, 34.502419 ], [ 126.378404, 34.500129 ], [ 126.383188, 34.503688 ], [ 126.376436, 34.508238 ], [ 126.37688, 34.512928 ], [ 126.364264, 34.518013 ], [ 126.360137, 34.526292 ], [ 126.351165, 34.527496 ], [ 126.353507, 34.532366 ], [ 126.347751, 34.534302 ], [ 126.345209, 34.542135 ], [ 126.336843, 34.543436 ], [ 126.338183, 34.547912 ], [ 126.342185, 34.548937 ], [ 126.339056, 34.551261 ], [ 126.328795, 34.544931 ], [ 126.326758, 34.546724 ], [ 126.325282, 34.540312 ], [ 126.31418, 34.543713 ], [ 126.310937, 34.550594 ], [ 126.300615, 34.556374 ], [ 126.309599, 34.56299 ], [ 126.303581, 34.570918 ], [ 126.297566, 34.573944 ], [ 126.291474, 34.572205 ], [ 126.290633, 34.577575 ], [ 126.281997, 34.576518 ], [ 126.279048, 34.577913 ], [ 126.280245, 34.581125 ], [ 126.270347, 34.583696 ], [ 126.266586, 34.581466 ], [ 126.266558, 34.584567 ], [ 126.260053, 34.584061 ], [ 126.257871, 34.587079 ], [ 126.252678, 34.583914 ], [ 126.249803, 34.585454 ], [ 126.251778, 34.587714 ] ] ], [ [ [ 126.327333, 34.562146 ], [ 126.331123, 34.563371 ], [ 126.330662, 34.568225 ], [ 126.323314, 34.566802 ], [ 126.31989, 34.559387 ], [ 126.325433, 34.56222 ], [ 126.327333, 34.562146 ] ] ], [ [ [ 126.302758, 34.584227 ], [ 126.306768, 34.586101 ], [ 126.303737, 34.588786 ], [ 126.297678, 34.581621 ], [ 126.302835, 34.585645 ], [ 126.302758, 34.584227 ] ] ], [ [ [ 126.271118, 34.615016 ], [ 126.263386, 34.610522 ], [ 126.259005, 34.61215 ], [ 126.263469, 34.608847 ], [ 126.277862, 34.611396 ], [ 126.269702, 34.611917 ], [ 126.271118, 34.615016 ] ] ], [ [ [ 126.243934, 34.697903 ], [ 126.243985, 34.700337 ], [ 126.239904, 34.701268 ], [ 126.241082, 34.697638 ], [ 126.243934, 34.697903 ] ] ], [ [ [ 126.334494, 34.738174 ], [ 126.332336, 34.740415 ], [ 126.331695, 34.74045 ], [ 126.33191, 34.736079 ], [ 126.334494, 34.738174 ] ] ], [ [ [ 126.322077, 34.786379 ], [ 126.31978, 34.788185 ], [ 126.314214, 34.780759 ], [ 126.308991, 34.782381 ], [ 126.305016, 34.771874 ], [ 126.306483, 34.76386 ], [ 126.318568, 34.759226 ], [ 126.322289, 34.773672 ], [ 126.328408, 34.775343 ], [ 126.326609, 34.779621 ], [ 126.331058, 34.783174 ], [ 126.32851, 34.781805 ], [ 126.322077, 34.786379 ] ] ], [ [ [ 126.297242, 34.783507 ], [ 126.289782, 34.777431 ], [ 126.30151, 34.776223 ], [ 126.301312, 34.782246 ], [ 126.297242, 34.783507 ] ] ], [ [ [ 126.338607, 34.785052 ], [ 126.340568, 34.794905 ], [ 126.334107, 34.788143 ], [ 126.338884, 34.782072 ], [ 126.338607, 34.785052 ] ] ], [ [ [ 126.32899, 34.814888 ], [ 126.316007, 34.808432 ], [ 126.315234, 34.804091 ], [ 126.318634, 34.802698 ], [ 126.315805, 34.801474 ], [ 126.314831, 34.792366 ], [ 126.320531, 34.796137 ], [ 126.332693, 34.796409 ], [ 126.332865, 34.807474 ], [ 126.32899, 34.814888 ] ] ], [ [ [ 126.340448, 34.812441 ], [ 126.336256, 34.815027 ], [ 126.333689, 34.81398 ], [ 126.338584, 34.810108 ], [ 126.340448, 34.812441 ] ] ], [ [ [ 126.306242, 34.838226 ], [ 126.308778, 34.840358 ], [ 126.308589, 34.843207 ], [ 126.303267, 34.841128 ], [ 126.306242, 34.838226 ] ] ], [ [ [ 126.300751, 34.920424 ], [ 126.296388, 34.921915 ], [ 126.280786, 34.910544 ], [ 126.291256, 34.901083 ], [ 126.295486, 34.901512 ], [ 126.30431, 34.887383 ], [ 126.292662, 34.881231 ], [ 126.286405, 34.88692 ], [ 126.280464, 34.887118 ], [ 126.278573, 34.87299 ], [ 126.284333, 34.869888 ], [ 126.284412, 34.86335 ], [ 126.282281, 34.861694 ], [ 126.273763, 34.864164 ], [ 126.269889, 34.872808 ], [ 126.260942, 34.856563 ], [ 126.24199, 34.858976 ], [ 126.232843, 34.864669 ], [ 126.226658, 34.847505 ], [ 126.240644, 34.848007 ], [ 126.251884, 34.841264 ], [ 126.262417, 34.839649 ], [ 126.272614, 34.848079 ], [ 126.276599, 34.855832 ], [ 126.291628, 34.854981 ], [ 126.294242, 34.849882 ], [ 126.30218, 34.854104 ], [ 126.312485, 34.853273 ], [ 126.31655, 34.846205 ], [ 126.320328, 34.850536 ], [ 126.328959, 34.851163 ], [ 126.337126, 34.844618 ], [ 126.336976, 34.839464 ], [ 126.343777, 34.842168 ], [ 126.347498, 34.834853 ], [ 126.336856, 34.83335 ], [ 126.334937, 34.825112 ], [ 126.326942, 34.824844 ], [ 126.327567, 34.822185 ], [ 126.337651, 34.816658 ], [ 126.342917, 34.81869 ], [ 126.347529, 34.814344 ], [ 126.356821, 34.814269 ], [ 126.361193, 34.82313 ], [ 126.368217, 34.824975 ], [ 126.36577, 34.831531 ], [ 126.372932, 34.832993 ], [ 126.371238, 34.83856 ], [ 126.365166, 34.83629 ], [ 126.365373, 34.839995 ], [ 126.371171, 34.843548 ], [ 126.367234, 34.851788 ], [ 126.368249, 34.857609 ], [ 126.362759, 34.856142 ], [ 126.353884, 34.86453 ], [ 126.320774, 34.862035 ], [ 126.314111, 34.868754 ], [ 126.320641, 34.868058 ], [ 126.32029, 34.871473 ], [ 126.325152, 34.873309 ], [ 126.312819, 34.878911 ], [ 126.319383, 34.883931 ], [ 126.329297, 34.879434 ], [ 126.325388, 34.884854 ], [ 126.326379, 34.891719 ], [ 126.335698, 34.88698 ], [ 126.337004, 34.893528 ], [ 126.346215, 34.89432 ], [ 126.350008, 34.888147 ], [ 126.351486, 34.898562 ], [ 126.34339, 34.899514 ], [ 126.335898, 34.909289 ], [ 126.328403, 34.908973 ], [ 126.319258, 34.91311 ], [ 126.321315, 34.907616 ], [ 126.312184, 34.906957 ], [ 126.307752, 34.91183 ], [ 126.309444, 34.914836 ], [ 126.303613, 34.913483 ], [ 126.305616, 34.920362 ], [ 126.300751, 34.920424 ] ] ], [ [ [ 126.231343, 34.936844 ], [ 126.227142, 34.937133 ], [ 126.220804, 34.92627 ], [ 126.220674, 34.917951 ], [ 126.235324, 34.909894 ], [ 126.243074, 34.916329 ], [ 126.248661, 34.917648 ], [ 126.251257, 34.915066 ], [ 126.253607, 34.933419 ], [ 126.243884, 34.935613 ], [ 126.23861, 34.932825 ], [ 126.231343, 34.936844 ] ] ], [ [ [ 126.27455, 34.933288 ], [ 126.274639, 34.931652 ], [ 126.277044, 34.93179 ], [ 126.27685, 34.933995 ], [ 126.27455, 34.933288 ] ] ], [ [ [ 126.277009, 34.945593 ], [ 126.274068, 34.946735 ], [ 126.272174, 34.944571 ], [ 126.275133, 34.944133 ], [ 126.277009, 34.945593 ] ] ], [ [ [ 126.254594, 34.943564 ], [ 126.254869, 34.948179 ], [ 126.252301, 34.950976 ], [ 126.25096, 34.943422 ], [ 126.254594, 34.943564 ] ] ], [ [ [ 126.276731, 34.96763 ], [ 126.272712, 34.969821 ], [ 126.274223, 34.965493 ], [ 126.270764, 34.964453 ], [ 126.264044, 34.968819 ], [ 126.268261, 34.96166 ], [ 126.266014, 34.959796 ], [ 126.268438, 34.961516 ], [ 126.276761, 34.949376 ], [ 126.288117, 34.942167 ], [ 126.280995, 34.937213 ], [ 126.282403, 34.933821 ], [ 126.295609, 34.934202 ], [ 126.298681, 34.931907 ], [ 126.29643, 34.935058 ], [ 126.300055, 34.938259 ], [ 126.288938, 34.957861 ], [ 126.290194, 34.960317 ], [ 126.276731, 34.96763 ] ] ], [ [ [ 126.248831, 34.952443 ], [ 126.238587, 34.957403 ], [ 126.23706, 34.954039 ], [ 126.232347, 34.956181 ], [ 126.230387, 34.951568 ], [ 126.233843, 34.950159 ], [ 126.233165, 34.946699 ], [ 126.240829, 34.943904 ], [ 126.247399, 34.947373 ], [ 126.248831, 34.952443 ] ] ], [ [ [ 126.230356, 34.955693 ], [ 126.229681, 34.95679 ], [ 126.22751, 34.954416 ], [ 126.229199, 34.953871 ], [ 126.230356, 34.955693 ] ] ], [ [ [ 126.263016, 34.961814 ], [ 126.257134, 34.961526 ], [ 126.262325, 34.952033 ], [ 126.266524, 34.958553 ], [ 126.263016, 34.961814 ] ] ], [ [ [ 126.251331, 35.005829 ], [ 126.246581, 35.005742 ], [ 126.253585, 35.000045 ], [ 126.250766, 34.996165 ], [ 126.250816, 34.98237 ], [ 126.244668, 34.976326 ], [ 126.254869, 34.973382 ], [ 126.261192, 34.976764 ], [ 126.270491, 34.976201 ], [ 126.271029, 34.981962 ], [ 126.26708, 34.986283 ], [ 126.269877, 34.994026 ], [ 126.265162, 34.994402 ], [ 126.261997, 35.005161 ], [ 126.251331, 35.005829 ] ] ], [ [ [ 126.235485, 34.996036 ], [ 126.236588, 34.99897 ], [ 126.22896, 34.997771 ], [ 126.229531, 34.99352 ], [ 126.236287, 34.993436 ], [ 126.235485, 34.996036 ] ] ], [ [ [ 126.322126, 35.013703 ], [ 126.313754, 35.014081 ], [ 126.317655, 35.011405 ], [ 126.314785, 35.007747 ], [ 126.3171, 35.000495 ], [ 126.321722, 35.008024 ], [ 126.322126, 35.013703 ] ] ], [ [ [ 126.241734, 35.201029 ], [ 126.243981, 35.202277 ], [ 126.243328, 35.203136 ], [ 126.239276, 35.201743 ], [ 126.241734, 35.201029 ] ] ], [ [ [ 126.272215, 35.321368 ], [ 126.269614, 35.320234 ], [ 126.272143, 35.318785 ], [ 126.272349, 35.318915 ], [ 126.272215, 35.321368 ] ] ], [ [ [ 126.277882, 35.322689 ], [ 126.278801, 35.325277 ], [ 126.274106, 35.321878 ], [ 126.275566, 35.321117 ], [ 126.277882, 35.322689 ] ] ], [ [ [ 126.47829, 34.162886 ], [ 126.481243, 34.169197 ], [ 126.479402, 34.17152 ], [ 126.474931, 34.167903 ], [ 126.47829, 34.162886 ] ] ], [ [ [ 126.468445, 34.181429 ], [ 126.466354, 34.182005 ], [ 126.471436, 34.176918 ], [ 126.471061, 34.178297 ], [ 126.468445, 34.181429 ] ] ], [ [ [ 126.486471, 34.190404 ], [ 126.48225, 34.192836 ], [ 126.471361, 34.190448 ], [ 126.472495, 34.187052 ], [ 126.47798, 34.185547 ], [ 126.478985, 34.17726 ], [ 126.481035, 34.178672 ], [ 126.486471, 34.190404 ] ] ], [ [ [ 126.513942, 34.199812 ], [ 126.510532, 34.199248 ], [ 126.505672, 34.204589 ], [ 126.49654, 34.194079 ], [ 126.494153, 34.184369 ], [ 126.485863, 34.178966 ], [ 126.491906, 34.177314 ], [ 126.498102, 34.186201 ], [ 126.510063, 34.187216 ], [ 126.510253, 34.193367 ], [ 126.517751, 34.199077 ], [ 126.513942, 34.199812 ] ] ], [ [ [ 126.492261, 34.197918 ], [ 126.495555, 34.199036 ], [ 126.488014, 34.197809 ], [ 126.490552, 34.196405 ], [ 126.492261, 34.197918 ] ] ], [ [ [ 126.515202, 34.209473 ], [ 126.512319, 34.210861 ], [ 126.508777, 34.209181 ], [ 126.514561, 34.208352 ], [ 126.515202, 34.209473 ] ] ], [ [ [ 126.380434, 34.225121 ], [ 126.38208, 34.22411 ], [ 126.384145, 34.225567 ], [ 126.380833, 34.226999 ], [ 126.380434, 34.225121 ] ] ], [ [ [ 126.422337, 34.224988 ], [ 126.420177, 34.239805 ], [ 126.418618, 34.237495 ], [ 126.41829, 34.233635 ], [ 126.421658, 34.228619 ], [ 126.418764, 34.223647 ], [ 126.422337, 34.224988 ] ] ], [ [ [ 126.404391, 34.231445 ], [ 126.404667, 34.22969 ], [ 126.408482, 34.233891 ], [ 126.406795, 34.234168 ], [ 126.404391, 34.231445 ] ] ], [ [ [ 126.452126, 34.26089 ], [ 126.455315, 34.262278 ], [ 126.453947, 34.264374 ], [ 126.446381, 34.262145 ], [ 126.449729, 34.260823 ], [ 126.452126, 34.26089 ] ] ], [ [ [ 126.426965, 34.265571 ], [ 126.426488, 34.267732 ], [ 126.423517, 34.264182 ], [ 126.424873, 34.264487 ], [ 126.426965, 34.265571 ] ] ], [ [ [ 126.42823, 34.269933 ], [ 126.429958, 34.270879 ], [ 126.423696, 34.271468 ], [ 126.424974, 34.270373 ], [ 126.42823, 34.269933 ] ] ], [ [ [ 126.452812, 34.271118 ], [ 126.454638, 34.271755 ], [ 126.451451, 34.273794 ], [ 126.450268, 34.271033 ], [ 126.452812, 34.271118 ] ] ], [ [ [ 126.477418, 34.287352 ], [ 126.477147, 34.290123 ], [ 126.469094, 34.286911 ], [ 126.46612, 34.279087 ], [ 126.467693, 34.279597 ], [ 126.471878, 34.284952 ], [ 126.476612, 34.282334 ], [ 126.477418, 34.287352 ] ] ], [ [ [ 126.509349, 34.299079 ], [ 126.51051, 34.302665 ], [ 126.511848, 34.303875 ], [ 126.506602, 34.300494 ], [ 126.509349, 34.299079 ] ] ], [ [ [ 126.501205, 34.314386 ], [ 126.503341, 34.31421 ], [ 126.504447, 34.318341 ], [ 126.500683, 34.316232 ], [ 126.501205, 34.314386 ] ] ], [ [ [ 126.470512, 34.343261 ], [ 126.463946, 34.345394 ], [ 126.473473, 34.331375 ], [ 126.473256, 34.337456 ], [ 126.476899, 34.337933 ], [ 126.474967, 34.340598 ], [ 126.477801, 34.343321 ], [ 126.476544, 34.345316 ], [ 126.470512, 34.343261 ] ] ], [ [ [ 126.356823, 34.409953 ], [ 126.356963, 34.412307 ], [ 126.351118, 34.403384 ], [ 126.352978, 34.403554 ], [ 126.355551, 34.406184 ], [ 126.357091, 34.406202 ], [ 126.356823, 34.409953 ] ] ], [ [ [ 126.37006, 34.41645 ], [ 126.365657, 34.417056 ], [ 126.363938, 34.413756 ], [ 126.366389, 34.409575 ], [ 126.371923, 34.40861 ], [ 126.373877, 34.412421 ], [ 126.37006, 34.41645 ] ] ], [ [ [ 126.46192, 34.425275 ], [ 126.465597, 34.426706 ], [ 126.464037, 34.429564 ], [ 126.460608, 34.426328 ], [ 126.46192, 34.425275 ] ] ], [ [ [ 126.441365, 34.433588 ], [ 126.437992, 34.434428 ], [ 126.433364, 34.431935 ], [ 126.435167, 34.429756 ], [ 126.441365, 34.433588 ] ] ], [ [ [ 126.434292, 34.438756 ], [ 126.431447, 34.439669 ], [ 126.430351, 34.43971 ], [ 126.43316, 34.436247 ], [ 126.434292, 34.438756 ] ] ], [ [ [ 126.426596, 34.444471 ], [ 126.429141, 34.44341 ], [ 126.423547, 34.446738 ], [ 126.424121, 34.445016 ], [ 126.426596, 34.444471 ] ] ], [ [ [ 126.419501, 34.45309 ], [ 126.418776, 34.457592 ], [ 126.417998, 34.455216 ], [ 126.416766, 34.455018 ], [ 126.414937, 34.456219 ], [ 126.413653, 34.455837 ], [ 126.418295, 34.451666 ], [ 126.419501, 34.45309 ] ] ], [ [ [ 126.415828, 34.459412 ], [ 126.418522, 34.458826 ], [ 126.41273, 34.466536 ], [ 126.414706, 34.463063 ], [ 126.412189, 34.460595 ], [ 126.415828, 34.459412 ] ] ], [ [ [ 126.354416, 34.536226 ], [ 126.355206, 34.539013 ], [ 126.350788, 34.537608 ], [ 126.351826, 34.536867 ], [ 126.354416, 34.536226 ] ] ], [ [ [ 126.438291, 34.72665 ], [ 126.44283, 34.730157 ], [ 126.440728, 34.732047 ], [ 126.436758, 34.728632 ], [ 126.438291, 34.72665 ] ] ], [ [ [ 126.355631, 34.784498 ], [ 126.358756, 34.759676 ], [ 126.350367, 34.762221 ], [ 126.350457, 34.750579 ], [ 126.354868, 34.750685 ], [ 126.359897, 34.745262 ], [ 126.358359, 34.752297 ], [ 126.361934, 34.751841 ], [ 126.364793, 34.760205 ], [ 126.372463, 34.759323 ], [ 126.371743, 34.767752 ], [ 126.375405, 34.770617 ], [ 126.357926, 34.778814 ], [ 126.355631, 34.784498 ] ], [ [ 126.358895, 34.772416 ], [ 126.358838, 34.775783 ], [ 126.365513, 34.76419 ], [ 126.362946, 34.759543 ], [ 126.35921, 34.759664 ], [ 126.358895, 34.772416 ] ] ], [ [ [ 126.469486, 34.775339 ], [ 126.472067, 34.775864 ], [ 126.470249, 34.777994 ], [ 126.468275, 34.776306 ], [ 126.469486, 34.775339 ] ] ], [ [ [ 126.349862, 34.806371 ], [ 126.350363, 34.808279 ], [ 126.347577, 34.810299 ], [ 126.346886, 34.807164 ], [ 126.349862, 34.806371 ] ] ], [ [ [ 126.396493, 34.858066 ], [ 126.397764, 34.856347 ], [ 126.399577, 34.857095 ], [ 126.397147, 34.860102 ], [ 126.396493, 34.858066 ] ] ], [ [ [ 126.380015, 34.860699 ], [ 126.381629, 34.85778 ], [ 126.380738, 34.864 ], [ 126.379712, 34.86309 ], [ 126.380015, 34.860699 ] ] ], [ [ [ 126.39179, 34.859449 ], [ 126.392741, 34.862502 ], [ 126.39126, 34.862848 ], [ 126.390577, 34.860477 ], [ 126.39179, 34.859449 ] ] ], [ [ [ 126.371927, 34.864661 ], [ 126.372373, 34.867145 ], [ 126.370015, 34.867918 ], [ 126.369852, 34.862465 ], [ 126.371927, 34.864661 ] ] ], [ [ [ 126.37712, 34.874948 ], [ 126.378895, 34.878549 ], [ 126.372881, 34.875524 ], [ 126.371703, 34.878173 ], [ 126.366857, 34.87755 ], [ 126.359365, 34.871975 ], [ 126.358073, 34.865125 ], [ 126.366605, 34.865947 ], [ 126.37712, 34.874948 ] ] ], [ [ [ 126.347539, 34.875929 ], [ 126.349799, 34.880558 ], [ 126.348576, 34.883243 ], [ 126.347018, 34.878724 ], [ 126.347539, 34.875929 ] ] ], [ [ [ 126.352727, 34.908638 ], [ 126.351757, 34.912359 ], [ 126.343376, 34.906701 ], [ 126.351157, 34.900851 ], [ 126.356652, 34.906611 ], [ 126.352727, 34.908638 ] ] ], [ [ [ 126.336335, 35.166135 ], [ 126.33512, 35.164222 ], [ 126.336783, 35.162702 ], [ 126.337803, 35.165195 ], [ 126.336335, 35.166135 ] ] ], [ [ [ 126.396945, 35.37229 ], [ 126.398158, 35.374121 ], [ 126.39811, 35.376649 ], [ 126.393462, 35.373312 ], [ 126.396945, 35.37229 ] ] ], [ [ [ 126.597061, 34.105896 ], [ 126.593864, 34.109977 ], [ 126.595853, 34.112401 ], [ 126.5907, 34.114547 ], [ 126.585353, 34.112678 ], [ 126.590651, 34.110959 ], [ 126.590824, 34.104934 ], [ 126.584009, 34.099411 ], [ 126.602647, 34.097502 ], [ 126.603447, 34.101638 ], [ 126.597061, 34.105896 ] ] ], [ [ [ 126.570365, 34.134089 ], [ 126.568262, 34.136033 ], [ 126.565591, 34.128717 ], [ 126.571866, 34.129687 ], [ 126.570365, 34.134089 ] ] ], [ [ [ 126.745629, 34.149763 ], [ 126.747792, 34.149218 ], [ 126.748144, 34.156158 ], [ 126.744492, 34.149296 ], [ 126.745629, 34.149763 ] ] ], [ [ [ 126.591262, 34.1632 ], [ 126.603623, 34.146238 ], [ 126.603017, 34.161145 ], [ 126.613655, 34.153706 ], [ 126.615688, 34.148542 ], [ 126.623935, 34.15713 ], [ 126.618823, 34.158408 ], [ 126.620784, 34.164414 ], [ 126.609883, 34.161361 ], [ 126.606022, 34.165521 ], [ 126.60201, 34.163974 ], [ 126.597639, 34.168082 ], [ 126.59207, 34.16677 ], [ 126.584046, 34.169879 ], [ 126.576362, 34.167952 ], [ 126.572733, 34.161157 ], [ 126.569424, 34.169904 ], [ 126.555027, 34.167581 ], [ 126.555277, 34.174061 ], [ 126.549032, 34.178958 ], [ 126.540033, 34.181851 ], [ 126.532436, 34.17881 ], [ 126.532583, 34.175569 ], [ 126.516604, 34.170297 ], [ 126.516684, 34.165827 ], [ 126.504671, 34.159576 ], [ 126.509542, 34.157101 ], [ 126.509802, 34.150101 ], [ 126.504287, 34.148548 ], [ 126.509469, 34.144266 ], [ 126.504731, 34.139143 ], [ 126.514472, 34.12911 ], [ 126.510274, 34.128561 ], [ 126.512968, 34.123937 ], [ 126.515393, 34.122706 ], [ 126.51838, 34.126483 ], [ 126.525235, 34.121907 ], [ 126.532681, 34.122985 ], [ 126.537238, 34.126454 ], [ 126.547572, 34.127511 ], [ 126.549501, 34.131462 ], [ 126.558979, 34.135893 ], [ 126.563722, 34.135376 ], [ 126.56511, 34.144487 ], [ 126.575755, 34.145209 ], [ 126.573606, 34.149888 ], [ 126.58065, 34.152977 ], [ 126.577616, 34.157269 ], [ 126.58291, 34.159111 ], [ 126.587673, 34.156889 ], [ 126.587497, 34.162485 ], [ 126.591262, 34.1632 ] ] ], [ [ [ 126.652455, 34.199264 ], [ 126.646272, 34.197988 ], [ 126.64454, 34.192741 ], [ 126.648379, 34.192726 ], [ 126.643118, 34.186572 ], [ 126.633395, 34.187972 ], [ 126.641629, 34.183552 ], [ 126.634228, 34.179953 ], [ 126.641529, 34.177241 ], [ 126.642054, 34.181609 ], [ 126.646787, 34.182397 ], [ 126.64817, 34.176618 ], [ 126.642902, 34.175354 ], [ 126.652056, 34.171816 ], [ 126.651734, 34.168179 ], [ 126.641552, 34.161816 ], [ 126.637014, 34.153293 ], [ 126.631747, 34.153104 ], [ 126.63686, 34.153258 ], [ 126.63548, 34.149764 ], [ 126.630413, 34.149503 ], [ 126.630761, 34.152671 ], [ 126.627908, 34.146682 ], [ 126.633878, 34.14253 ], [ 126.629571, 34.137053 ], [ 126.635525, 34.134562 ], [ 126.637687, 34.122602 ], [ 126.644469, 34.130501 ], [ 126.650178, 34.130516 ], [ 126.65356, 34.118648 ], [ 126.650327, 34.115841 ], [ 126.657511, 34.115316 ], [ 126.659595, 34.111269 ], [ 126.663858, 34.113624 ], [ 126.662193, 34.117181 ], [ 126.66996, 34.119852 ], [ 126.665461, 34.126991 ], [ 126.67251, 34.133254 ], [ 126.668143, 34.143898 ], [ 126.67206, 34.14561 ], [ 126.677387, 34.142221 ], [ 126.67667, 34.139485 ], [ 126.682486, 34.147431 ], [ 126.678424, 34.151184 ], [ 126.669872, 34.147501 ], [ 126.666228, 34.158369 ], [ 126.668481, 34.161506 ], [ 126.663608, 34.164216 ], [ 126.658919, 34.162799 ], [ 126.654829, 34.169994 ], [ 126.659045, 34.173653 ], [ 126.679044, 34.175847 ], [ 126.684005, 34.180815 ], [ 126.669685, 34.189898 ], [ 126.667714, 34.194543 ], [ 126.660993, 34.194258 ], [ 126.652455, 34.199264 ] ] ], [ [ [ 126.564087, 34.17342 ], [ 126.560357, 34.176 ], [ 126.557576, 34.174197 ], [ 126.558688, 34.171709 ], [ 126.567274, 34.17258 ], [ 126.564087, 34.17342 ] ] ], [ [ [ 126.594363, 34.174338 ], [ 126.595999, 34.175771 ], [ 126.591534, 34.175007 ], [ 126.593787, 34.173214 ], [ 126.594363, 34.174338 ] ] ], [ [ [ 126.891147, 34.213798 ], [ 126.891817, 34.21651 ], [ 126.885013, 34.216613 ], [ 126.884567, 34.212741 ], [ 126.872386, 34.210203 ], [ 126.870261, 34.203005 ], [ 126.857754, 34.200139 ], [ 126.861606, 34.198647 ], [ 126.862253, 34.194655 ], [ 126.856666, 34.191784 ], [ 126.857271, 34.187851 ], [ 126.851975, 34.182117 ], [ 126.85771, 34.177774 ], [ 126.853543, 34.175997 ], [ 126.854579, 34.178292 ], [ 126.849618, 34.178909 ], [ 126.850996, 34.181709 ], [ 126.84732, 34.174377 ], [ 126.850898, 34.169253 ], [ 126.855596, 34.173401 ], [ 126.859862, 34.170462 ], [ 126.849228, 34.163472 ], [ 126.855459, 34.161133 ], [ 126.853506, 34.157136 ], [ 126.856352, 34.151774 ], [ 126.859308, 34.162334 ], [ 126.868929, 34.166776 ], [ 126.872909, 34.160504 ], [ 126.881588, 34.155474 ], [ 126.878695, 34.151744 ], [ 126.881277, 34.150029 ], [ 126.899068, 34.157137 ], [ 126.905454, 34.155266 ], [ 126.907656, 34.15108 ], [ 126.914626, 34.155367 ], [ 126.919442, 34.169779 ], [ 126.925148, 34.173172 ], [ 126.919309, 34.18669 ], [ 126.910864, 34.182591 ], [ 126.906583, 34.183822 ], [ 126.912285, 34.191641 ], [ 126.903299, 34.204652 ], [ 126.911109, 34.205951 ], [ 126.910146, 34.212775 ], [ 126.898165, 34.211549 ], [ 126.891147, 34.213798 ] ] ], [ [ [ 126.845281, 34.189781 ], [ 126.848333, 34.188363 ], [ 126.850019, 34.189613 ], [ 126.84949, 34.191145 ], [ 126.845281, 34.189781 ] ] ], [ [ [ 126.766193, 34.208213 ], [ 126.76341, 34.211224 ], [ 126.755385, 34.20884 ], [ 126.750889, 34.200837 ], [ 126.753293, 34.196979 ], [ 126.749935, 34.187643 ], [ 126.760591, 34.177454 ], [ 126.763473, 34.188149 ], [ 126.76911, 34.189993 ], [ 126.768867, 34.195407 ], [ 126.773382, 34.196079 ], [ 126.768423, 34.199293 ], [ 126.766193, 34.208213 ] ] ], [ [ [ 126.545272, 34.202493 ], [ 126.543135, 34.205253 ], [ 126.53996, 34.204144 ], [ 126.539262, 34.198607 ], [ 126.546538, 34.199991 ], [ 126.545272, 34.202493 ] ] ], [ [ [ 126.847598, 34.20495 ], [ 126.84517, 34.203777 ], [ 126.855904, 34.203659 ], [ 126.847952, 34.204485 ], [ 126.847598, 34.20495 ] ] ], [ [ [ 126.56689, 34.231953 ], [ 126.565227, 34.235203 ], [ 126.554317, 34.233479 ], [ 126.55777, 34.230766 ], [ 126.562133, 34.232822 ], [ 126.561368, 34.225943 ], [ 126.565576, 34.226807 ], [ 126.567606, 34.224114 ], [ 126.565521, 34.218001 ], [ 126.556899, 34.218179 ], [ 126.556163, 34.210758 ], [ 126.556724, 34.210533 ], [ 126.55744, 34.211183 ], [ 126.558889, 34.21506 ], [ 126.565196, 34.211361 ], [ 126.560697, 34.210647 ], [ 126.55974, 34.205919 ], [ 126.553206, 34.205602 ], [ 126.558923, 34.202697 ], [ 126.551914, 34.196236 ], [ 126.557146, 34.195269 ], [ 126.547147, 34.192738 ], [ 126.54864, 34.189624 ], [ 126.562333, 34.189264 ], [ 126.561058, 34.178795 ], [ 126.587225, 34.172632 ], [ 126.590695, 34.173622 ], [ 126.582354, 34.181598 ], [ 126.586577, 34.184067 ], [ 126.584113, 34.186503 ], [ 126.586577, 34.191608 ], [ 126.598357, 34.190878 ], [ 126.596494, 34.183761 ], [ 126.600404, 34.182055 ], [ 126.616033, 34.182288 ], [ 126.611325, 34.192192 ], [ 126.602947, 34.19453 ], [ 126.60203, 34.200383 ], [ 126.60643, 34.200858 ], [ 126.610734, 34.196561 ], [ 126.622094, 34.199788 ], [ 126.624956, 34.203301 ], [ 126.616862, 34.209394 ], [ 126.614254, 34.216152 ], [ 126.60775, 34.218437 ], [ 126.607705, 34.224029 ], [ 126.604724, 34.222431 ], [ 126.594375, 34.226882 ], [ 126.589026, 34.222528 ], [ 126.579161, 34.228597 ], [ 126.573318, 34.222065 ], [ 126.570383, 34.2281 ], [ 126.565227, 34.229831 ], [ 126.56689, 34.231953 ] ] ], [ [ [ 126.636205, 34.204391 ], [ 126.638522, 34.205797 ], [ 126.636095, 34.208528 ], [ 126.631173, 34.207482 ], [ 126.631865, 34.204859 ], [ 126.636205, 34.204391 ] ] ], [ [ [ 126.774595, 34.227778 ], [ 126.771801, 34.229103 ], [ 126.772618, 34.224008 ], [ 126.778301, 34.222755 ], [ 126.780484, 34.22679 ], [ 126.774595, 34.227778 ] ] ], [ [ [ 126.617104, 34.249505 ], [ 126.607977, 34.248867 ], [ 126.608683, 34.243488 ], [ 126.607325, 34.24376 ], [ 126.605361, 34.246287 ], [ 126.605543, 34.249396 ], [ 126.602075, 34.243174 ], [ 126.598499, 34.242633 ], [ 126.598718, 34.246198 ], [ 126.594695, 34.24265 ], [ 126.59452, 34.233479 ], [ 126.600413, 34.232561 ], [ 126.608373, 34.237637 ], [ 126.613274, 34.233282 ], [ 126.618172, 34.239324 ], [ 126.625634, 34.238436 ], [ 126.617104, 34.249505 ] ] ], [ [ [ 126.566965, 34.245048 ], [ 126.563102, 34.248578 ], [ 126.561801, 34.24826 ], [ 126.565706, 34.241559 ], [ 126.566965, 34.245048 ] ] ], [ [ [ 126.571941, 34.281161 ], [ 126.562572, 34.2838 ], [ 126.554353, 34.280631 ], [ 126.541493, 34.282666 ], [ 126.539141, 34.277896 ], [ 126.540224, 34.274986 ], [ 126.549022, 34.27701 ], [ 126.553153, 34.273825 ], [ 126.567418, 34.275431 ], [ 126.571941, 34.281161 ] ] ], [ [ [ 126.866411, 34.281915 ], [ 126.86814, 34.282463 ], [ 126.864317, 34.289952 ], [ 126.86359, 34.285078 ], [ 126.866411, 34.281915 ] ] ], [ [ [ 126.89691, 34.285079 ], [ 126.900396, 34.287464 ], [ 126.896841, 34.289502 ], [ 126.894995, 34.286437 ], [ 126.89691, 34.285079 ] ] ], [ [ [ 126.610355, 34.288025 ], [ 126.612731, 34.292951 ], [ 126.606975, 34.288523 ], [ 126.606511, 34.282055 ], [ 126.609455, 34.282455 ], [ 126.610355, 34.288025 ] ] ], [ [ [ 126.589547, 34.295677 ], [ 126.594352, 34.304787 ], [ 126.580805, 34.297971 ], [ 126.575376, 34.289035 ], [ 126.584883, 34.29457 ], [ 126.59133, 34.289982 ], [ 126.59371, 34.292649 ], [ 126.589547, 34.295677 ] ] ], [ [ [ 126.83618, 34.30161 ], [ 126.832714, 34.299787 ], [ 126.834532, 34.298279 ], [ 126.835788, 34.298529 ], [ 126.83618, 34.30161 ] ] ], [ [ [ 126.906017, 34.326229 ], [ 126.907455, 34.327123 ], [ 126.903383, 34.331766 ], [ 126.903294, 34.328708 ], [ 126.906017, 34.326229 ] ] ], [ [ [ 126.837105, 34.356044 ], [ 126.833123, 34.358073 ], [ 126.824309, 34.35262 ], [ 126.825414, 34.350567 ], [ 126.820978, 34.350729 ], [ 126.817552, 34.347491 ], [ 126.820661, 34.346415 ], [ 126.818073, 34.341692 ], [ 126.820518, 34.339208 ], [ 126.805581, 34.333252 ], [ 126.801237, 34.333623 ], [ 126.7871, 34.34601 ], [ 126.778034, 34.332303 ], [ 126.762077, 34.338407 ], [ 126.757962, 34.337158 ], [ 126.761043, 34.334802 ], [ 126.751446, 34.335451 ], [ 126.757024, 34.331877 ], [ 126.767034, 34.331669 ], [ 126.768597, 34.328736 ], [ 126.780332, 34.328186 ], [ 126.790591, 34.321812 ], [ 126.793895, 34.315775 ], [ 126.799157, 34.320001 ], [ 126.798774, 34.323964 ], [ 126.804606, 34.326866 ], [ 126.814452, 34.326341 ], [ 126.815931, 34.330347 ], [ 126.818537, 34.325966 ], [ 126.831221, 34.325246 ], [ 126.836472, 34.314774 ], [ 126.840357, 34.313099 ], [ 126.836665, 34.306393 ], [ 126.841164, 34.299381 ], [ 126.847912, 34.300379 ], [ 126.849487, 34.304818 ], [ 126.855281, 34.305727 ], [ 126.855514, 34.310068 ], [ 126.866625, 34.314018 ], [ 126.865704, 34.318553 ], [ 126.861395, 34.319361 ], [ 126.862833, 34.321398 ], [ 126.865848, 34.322357 ], [ 126.870521, 34.322731 ], [ 126.874786, 34.314125 ], [ 126.871863, 34.309692 ], [ 126.882876, 34.309993 ], [ 126.881175, 34.314017 ], [ 126.886551, 34.322825 ], [ 126.878215, 34.327639 ], [ 126.887908, 34.334267 ], [ 126.893672, 34.330689 ], [ 126.897031, 34.332874 ], [ 126.897567, 34.343863 ], [ 126.89085, 34.343189 ], [ 126.880984, 34.336069 ], [ 126.871988, 34.3494 ], [ 126.865774, 34.34955 ], [ 126.859025, 34.343502 ], [ 126.85602, 34.351276 ], [ 126.84807, 34.344126 ], [ 126.841713, 34.349371 ], [ 126.84329, 34.352722 ], [ 126.839207, 34.352745 ], [ 126.837105, 34.356044 ] ] ], [ [ [ 126.619279, 34.338456 ], [ 126.617786, 34.34032 ], [ 126.616843, 34.340566 ], [ 126.616577, 34.338113 ], [ 126.619279, 34.338456 ] ] ], [ [ [ 126.654639, 34.328548 ], [ 126.669119, 34.324073 ], [ 126.670444, 34.317549 ], [ 126.67625, 34.31623 ], [ 126.682662, 34.30672 ], [ 126.679247, 34.30443 ], [ 126.686198, 34.301858 ], [ 126.695093, 34.292795 ], [ 126.701768, 34.297431 ], [ 126.709637, 34.298371 ], [ 126.71896, 34.296326 ], [ 126.7307, 34.287725 ], [ 126.738367, 34.286914 ], [ 126.73172, 34.301581 ], [ 126.73443, 34.304783 ], [ 126.73536, 34.301184 ], [ 126.744467, 34.296297 ], [ 126.739803, 34.296674 ], [ 126.748806, 34.291632 ], [ 126.76007, 34.292957 ], [ 126.767046, 34.291213 ], [ 126.769993, 34.287259 ], [ 126.777543, 34.287808 ], [ 126.761517, 34.300233 ], [ 126.761453, 34.303717 ], [ 126.762817, 34.304163 ], [ 126.765302, 34.303835 ], [ 126.766936, 34.304616 ], [ 126.771873, 34.312373 ], [ 126.764316, 34.316139 ], [ 126.766011, 34.31818 ], [ 126.754625, 34.315454 ], [ 126.748079, 34.321551 ], [ 126.750111, 34.326609 ], [ 126.753166, 34.325597 ], [ 126.740894, 34.33189 ], [ 126.743974, 34.335994 ], [ 126.740818, 34.336006 ], [ 126.735656, 34.342936 ], [ 126.738824, 34.34399 ], [ 126.737774, 34.347981 ], [ 126.731721, 34.35113 ], [ 126.732999, 34.359136 ], [ 126.72875, 34.362298 ], [ 126.733262, 34.367433 ], [ 126.729314, 34.373878 ], [ 126.732152, 34.376087 ], [ 126.726776, 34.383131 ], [ 126.713848, 34.387548 ], [ 126.710966, 34.394296 ], [ 126.705103, 34.39501 ], [ 126.703977, 34.398076 ], [ 126.692632, 34.3973 ], [ 126.685657, 34.403216 ], [ 126.67999, 34.399692 ], [ 126.670622, 34.400271 ], [ 126.672334, 34.396881 ], [ 126.669559, 34.395768 ], [ 126.664855, 34.399069 ], [ 126.660065, 34.39428 ], [ 126.647152, 34.393516 ], [ 126.646128, 34.387651 ], [ 126.639463, 34.382683 ], [ 126.639423, 34.375101 ], [ 126.645914, 34.367308 ], [ 126.641022, 34.364988 ], [ 126.64553, 34.351439 ], [ 126.643337, 34.347503 ], [ 126.645703, 34.347238 ], [ 126.641474, 34.341163 ], [ 126.646532, 34.339667 ], [ 126.649472, 34.333525 ], [ 126.643147, 34.327636 ], [ 126.651284, 34.326257 ], [ 126.652819, 34.331654 ], [ 126.655221, 34.329667 ], [ 126.655303, 34.328783 ], [ 126.654639, 34.328548 ] ] ], [ [ [ 126.738051, 34.358032 ], [ 126.738279, 34.360923 ], [ 126.736009, 34.361057 ], [ 126.734727, 34.358377 ], [ 126.738051, 34.358032 ] ] ], [ [ [ 126.628172, 34.400933 ], [ 126.624126, 34.40048 ], [ 126.627306, 34.395079 ], [ 126.639576, 34.393254 ], [ 126.637115, 34.387469 ], [ 126.645278, 34.394192 ], [ 126.644382, 34.399159 ], [ 126.628172, 34.400933 ] ] ], [ [ [ 126.736709, 34.400609 ], [ 126.733465, 34.402839 ], [ 126.734672, 34.393741 ], [ 126.742706, 34.390416 ], [ 126.739755, 34.396951 ], [ 126.744031, 34.396733 ], [ 126.74442, 34.39717 ], [ 126.744366, 34.397549 ], [ 126.744905, 34.398125 ], [ 126.744983, 34.399859 ], [ 126.744198, 34.401297 ], [ 126.739816, 34.398714 ], [ 126.736709, 34.400609 ] ] ], [ [ [ 126.835373, 34.440325 ], [ 126.834669, 34.4437 ], [ 126.819684, 34.438893 ], [ 126.815102, 34.435575 ], [ 126.8172, 34.433418 ], [ 126.787152, 34.431945 ], [ 126.775106, 34.421804 ], [ 126.77221, 34.413428 ], [ 126.764568, 34.409439 ], [ 126.768413, 34.399221 ], [ 126.758246, 34.393766 ], [ 126.749644, 34.379189 ], [ 126.756746, 34.383474 ], [ 126.779739, 34.38179 ], [ 126.766306, 34.364058 ], [ 126.766666, 34.358335 ], [ 126.772536, 34.357277 ], [ 126.773501, 34.354324 ], [ 126.780479, 34.352978 ], [ 126.776126, 34.356913 ], [ 126.781562, 34.362762 ], [ 126.780305, 34.369214 ], [ 126.783357, 34.367393 ], [ 126.793381, 34.382458 ], [ 126.805273, 34.385635 ], [ 126.818567, 34.382236 ], [ 126.823135, 34.3872 ], [ 126.830581, 34.37879 ], [ 126.832278, 34.383771 ], [ 126.847058, 34.390246 ], [ 126.850129, 34.388524 ], [ 126.854863, 34.392581 ], [ 126.865689, 34.389872 ], [ 126.86601, 34.397014 ], [ 126.858719, 34.396312 ], [ 126.858444, 34.399859 ], [ 126.858709, 34.399976 ], [ 126.859342, 34.398354 ], [ 126.86142, 34.399762 ], [ 126.857163, 34.408095 ], [ 126.849339, 34.404358 ], [ 126.852499, 34.406772 ], [ 126.847487, 34.408488 ], [ 126.853356, 34.412881 ], [ 126.849663, 34.418417 ], [ 126.840326, 34.410339 ], [ 126.823964, 34.418981 ], [ 126.822495, 34.422312 ], [ 126.828807, 34.422588 ], [ 126.836116, 34.418742 ], [ 126.843399, 34.420811 ], [ 126.842258, 34.426569 ], [ 126.845615, 34.430016 ], [ 126.839477, 34.434041 ], [ 126.834129, 34.431259 ], [ 126.835373, 34.440325 ] ] ], [ [ [ 126.712792, 34.416358 ], [ 126.710069, 34.417897 ], [ 126.70034, 34.413518 ], [ 126.705345, 34.411539 ], [ 126.714113, 34.413368 ], [ 126.71394, 34.411228 ], [ 126.715424, 34.413368 ], [ 126.722145, 34.406884 ], [ 126.727037, 34.406756 ], [ 126.725814, 34.412571 ], [ 126.712792, 34.416358 ] ] ], [ [ [ 126.863487, 34.413539 ], [ 126.864507, 34.41463 ], [ 126.861952, 34.415906 ], [ 126.861265, 34.412284 ], [ 126.863487, 34.413539 ] ] ], [ [ [ 126.877427, 34.416755 ], [ 126.873577, 34.427841 ], [ 126.869339, 34.421815 ], [ 126.874573, 34.419498 ], [ 126.877261, 34.414086 ], [ 126.877427, 34.416755 ] ] ], [ [ [ 126.861718, 34.421334 ], [ 126.856725, 34.424419 ], [ 126.855265, 34.423632 ], [ 126.85717, 34.418964 ], [ 126.861718, 34.421334 ] ] ], [ [ [ 126.688936, 34.420199 ], [ 126.686466, 34.422928 ], [ 126.683886, 34.4209 ], [ 126.68728, 34.419323 ], [ 126.688936, 34.420199 ] ] ], [ [ [ 126.855145, 34.428666 ], [ 126.852624, 34.431542 ], [ 126.851476, 34.43064 ], [ 126.856614, 34.425305 ], [ 126.855145, 34.428666 ] ] ], [ [ [ 126.713866, 34.434827 ], [ 126.706547, 34.433721 ], [ 126.702273, 34.434453 ], [ 126.707367, 34.43305 ], [ 126.713866, 34.434827 ] ] ], [ [ [ 126.781895, 34.536221 ], [ 126.777121, 34.537914 ], [ 126.777961, 34.532136 ], [ 126.782278, 34.531077 ], [ 126.783565, 34.531511 ], [ 126.781895, 34.536221 ] ] ], [ [ [ 126.924138, 33.988477 ], [ 126.92431, 33.988786 ], [ 126.9218, 33.989754 ], [ 126.921092, 33.989608 ], [ 126.924026, 33.988823 ], [ 126.921489, 33.98607 ], [ 126.920664, 33.986232 ], [ 126.919121, 33.988765 ], [ 126.916375, 33.988588 ], [ 126.910357, 33.983594 ], [ 126.913349, 33.971873 ], [ 126.915781, 33.969417 ], [ 126.927291, 33.970961 ], [ 126.934554, 33.968573 ], [ 126.936936, 33.979246 ], [ 126.924138, 33.988477 ] ] ], [ [ [ 127.073185, 34.18569 ], [ 127.075185, 34.184989 ], [ 127.07658, 34.187387 ], [ 127.074281, 34.187071 ], [ 127.073185, 34.18569 ] ] ], [ [ [ 126.930303, 34.188427 ], [ 126.924247, 34.191526 ], [ 126.920915, 34.18795 ], [ 126.925178, 34.186486 ], [ 126.925617, 34.188656 ], [ 126.930303, 34.188427 ] ] ], [ [ [ 127.076048, 34.19215 ], [ 127.079587, 34.19277 ], [ 127.074741, 34.194095 ], [ 127.069948, 34.190691 ], [ 127.074953, 34.189212 ], [ 127.076048, 34.19215 ] ] ], [ [ [ 127.175328, 34.207301 ], [ 127.167484, 34.209268 ], [ 127.152187, 34.205985 ], [ 127.154844, 34.202999 ], [ 127.160714, 34.20562 ], [ 127.167699, 34.202719 ], [ 127.175328, 34.207301 ] ] ], [ [ [ 126.988246, 34.217343 ], [ 126.991367, 34.216921 ], [ 126.990013, 34.220299 ], [ 126.988498, 34.219436 ], [ 126.988246, 34.217343 ] ] ], [ [ [ 127.193546, 34.21963 ], [ 127.196294, 34.216795 ], [ 127.201232, 34.221308 ], [ 127.198283, 34.22376 ], [ 127.193546, 34.21963 ] ] ], [ [ [ 127.012653, 34.22139 ], [ 127.011344, 34.224347 ], [ 127.003128, 34.222911 ], [ 127.006186, 34.219918 ], [ 127.012653, 34.22139 ] ] ], [ [ [ 127.013903, 34.256363 ], [ 127.011257, 34.257551 ], [ 127.009108, 34.253869 ], [ 127.014319, 34.249714 ], [ 127.013016, 34.242817 ], [ 127.015677, 34.24036 ], [ 127.019253, 34.244946 ], [ 127.015923, 34.250058 ], [ 127.01879, 34.251598 ], [ 127.013903, 34.256363 ] ] ], [ [ [ 127.006772, 34.281892 ], [ 127.004507, 34.28258 ], [ 127.003798, 34.281609 ], [ 127.006338, 34.280112 ], [ 127.006772, 34.281892 ] ] ], [ [ [ 127.155391, 34.282393 ], [ 127.156291, 34.281975 ], [ 127.159715, 34.281222 ], [ 127.156676, 34.284857 ], [ 127.155391, 34.282393 ] ] ], [ [ [ 127.130718, 34.301458 ], [ 127.12823, 34.305532 ], [ 127.120774, 34.303189 ], [ 127.124236, 34.299724 ], [ 127.130718, 34.301458 ] ] ], [ [ [ 126.999881, 34.305943 ], [ 127.001649, 34.305463 ], [ 127.002499, 34.307249 ], [ 126.999823, 34.307316 ], [ 126.999881, 34.305943 ] ] ], [ [ [ 127.097751, 34.303465 ], [ 127.102935, 34.305896 ], [ 127.101094, 34.31327 ], [ 127.100767, 34.309169 ], [ 127.094419, 34.306003 ], [ 127.097751, 34.303465 ] ] ], [ [ [ 127.064039, 34.310365 ], [ 127.062233, 34.312555 ], [ 127.062067, 34.312435 ], [ 127.06195, 34.311239 ], [ 127.062233, 34.311085 ], [ 127.061726, 34.309077 ], [ 127.062494, 34.308137 ], [ 127.064039, 34.310365 ] ] ], [ [ [ 127.132332, 34.313399 ], [ 127.128923, 34.315209 ], [ 127.129997, 34.31096 ], [ 127.135402, 34.309538 ], [ 127.134242, 34.312557 ], [ 127.132332, 34.313399 ] ] ], [ [ [ 126.986577, 34.339031 ], [ 126.981935, 34.340897 ], [ 126.969025, 34.338343 ], [ 126.957753, 34.327363 ], [ 126.960176, 34.310004 ], [ 126.961623, 34.308325 ], [ 126.961726, 34.312 ], [ 126.96626, 34.311952 ], [ 126.968937, 34.304171 ], [ 126.972601, 34.302504 ], [ 126.977259, 34.306654 ], [ 126.989482, 34.307455 ], [ 126.995085, 34.313969 ], [ 127.002417, 34.313913 ], [ 127.004491, 34.320984 ], [ 127.016174, 34.324699 ], [ 127.011901, 34.329228 ], [ 127.01437, 34.331173 ], [ 127.008349, 34.331032 ], [ 127.004636, 34.337008 ], [ 126.998737, 34.338311 ], [ 126.996786, 34.33359 ], [ 126.995471, 34.337622 ], [ 126.987607, 34.336434 ], [ 126.986577, 34.339031 ] ] ], [ [ [ 127.087637, 34.329869 ], [ 127.07855, 34.328439 ], [ 127.085172, 34.320468 ], [ 127.091307, 34.323127 ], [ 127.087637, 34.329869 ] ] ], [ [ [ 126.911393, 34.33837 ], [ 126.915614, 34.337506 ], [ 126.916171, 34.339976 ], [ 126.910566, 34.338351 ], [ 126.911393, 34.33837 ] ] ], [ [ [ 126.990917, 34.35572 ], [ 127.007669, 34.349246 ], [ 127.012671, 34.355635 ], [ 127.017119, 34.354215 ], [ 127.016404, 34.351862 ], [ 127.019599, 34.35363 ], [ 127.021483, 34.349431 ], [ 127.026134, 34.349977 ], [ 127.026276, 34.347061 ], [ 127.029253, 34.347368 ], [ 127.027314, 34.343922 ], [ 127.032372, 34.344945 ], [ 127.033255, 34.34249 ], [ 127.023802, 34.338817 ], [ 127.026054, 34.336836 ], [ 127.03171, 34.339383 ], [ 127.029252, 34.334061 ], [ 127.033012, 34.332024 ], [ 127.037832, 34.340209 ], [ 127.051866, 34.340345 ], [ 127.054403, 34.334706 ], [ 127.051869, 34.329155 ], [ 127.046514, 34.329763 ], [ 127.036888, 34.32502 ], [ 127.041777, 34.308913 ], [ 127.041511, 34.316468 ], [ 127.050368, 34.32479 ], [ 127.055254, 34.323697 ], [ 127.056654, 34.331741 ], [ 127.068007, 34.334972 ], [ 127.074686, 34.331191 ], [ 127.077114, 34.332509 ], [ 127.073594, 34.333762 ], [ 127.078685, 34.335707 ], [ 127.078734, 34.337265 ], [ 127.076218, 34.33876 ], [ 127.06828, 34.337893 ], [ 127.061703, 34.340725 ], [ 127.066892, 34.347158 ], [ 127.086677, 34.343205 ], [ 127.092408, 34.335687 ], [ 127.099937, 34.337476 ], [ 127.089545, 34.344273 ], [ 127.088652, 34.349901 ], [ 127.08198, 34.351911 ], [ 127.085042, 34.356987 ], [ 127.073648, 34.356443 ], [ 127.075949, 34.361232 ], [ 127.064812, 34.359979 ], [ 127.057185, 34.35284 ], [ 127.054869, 34.354563 ], [ 127.044056, 34.351418 ], [ 127.042411, 34.357208 ], [ 127.048274, 34.360517 ], [ 127.041783, 34.361996 ], [ 127.041726, 34.362515 ], [ 127.042143, 34.363867 ], [ 127.045372, 34.366567 ], [ 127.044973, 34.368254 ], [ 127.040128, 34.36698 ], [ 127.034211, 34.370833 ], [ 127.036077, 34.373422 ], [ 127.031628, 34.374667 ], [ 127.029695, 34.380579 ], [ 127.028482, 34.371716 ], [ 127.020858, 34.376451 ], [ 127.014019, 34.376946 ], [ 127.0107, 34.373731 ], [ 127.017463, 34.368495 ], [ 127.014029, 34.364582 ], [ 127.01067, 34.369348 ], [ 127.008026, 34.366889 ], [ 127.011641, 34.364306 ], [ 127.007979, 34.357363 ], [ 126.997618, 34.358778 ], [ 126.996442, 34.356352 ], [ 126.989713, 34.361815 ], [ 126.985282, 34.360481 ], [ 126.990917, 34.35572 ] ] ], [ [ [ 127.098544, 34.3584 ], [ 127.099849, 34.356318 ], [ 127.101642, 34.357227 ], [ 127.10158, 34.359046 ], [ 127.098544, 34.3584 ] ] ], [ [ [ 127.060705, 34.356788 ], [ 127.057597, 34.361253 ], [ 127.054517, 34.360133 ], [ 127.055172, 34.357349 ], [ 127.060705, 34.356788 ] ] ], [ [ [ 127.093651, 34.386675 ], [ 127.090575, 34.391496 ], [ 127.073966, 34.38646 ], [ 127.073064, 34.383564 ], [ 127.079364, 34.382451 ], [ 127.07258, 34.378473 ], [ 127.069033, 34.371312 ], [ 127.078725, 34.377927 ], [ 127.082301, 34.375401 ], [ 127.087136, 34.379342 ], [ 127.090839, 34.377658 ], [ 127.08737, 34.381852 ], [ 127.093651, 34.386675 ] ] ], [ [ [ 127.026381, 34.382449 ], [ 127.023363, 34.384182 ], [ 127.023053, 34.38106 ], [ 127.028002, 34.380676 ], [ 127.026381, 34.382449 ] ] ], [ [ [ 126.945836, 34.411923 ], [ 126.943272, 34.412756 ], [ 126.944188, 34.408653 ], [ 126.940177, 34.407392 ], [ 126.943158, 34.402886 ], [ 126.935292, 34.394697 ], [ 126.936519, 34.392398 ], [ 126.930471, 34.390562 ], [ 126.926419, 34.393863 ], [ 126.922238, 34.391868 ], [ 126.921161, 34.394667 ], [ 126.912719, 34.391405 ], [ 126.914041, 34.395012 ], [ 126.906103, 34.39931 ], [ 126.90729, 34.402325 ], [ 126.902847, 34.397984 ], [ 126.89739, 34.398634 ], [ 126.898813, 34.403587 ], [ 126.894729, 34.402977 ], [ 126.896855, 34.397096 ], [ 126.89382, 34.395816 ], [ 126.882085, 34.406815 ], [ 126.879197, 34.399007 ], [ 126.874517, 34.398903 ], [ 126.870183, 34.40307 ], [ 126.87378, 34.407122 ], [ 126.868729, 34.408898 ], [ 126.867728, 34.406806 ], [ 126.864475, 34.410887 ], [ 126.862232, 34.405965 ], [ 126.871462, 34.400478 ], [ 126.871573, 34.393605 ], [ 126.874939, 34.392734 ], [ 126.867921, 34.390517 ], [ 126.863474, 34.372943 ], [ 126.870243, 34.368049 ], [ 126.888617, 34.365358 ], [ 126.88903, 34.358561 ], [ 126.896863, 34.360258 ], [ 126.897507, 34.35833 ], [ 126.893814, 34.357148 ], [ 126.898852, 34.358509 ], [ 126.906572, 34.35376 ], [ 126.908093, 34.358699 ], [ 126.917508, 34.355852 ], [ 126.92419, 34.360812 ], [ 126.923407, 34.366694 ], [ 126.927884, 34.367899 ], [ 126.928115, 34.3707 ], [ 126.934863, 34.369537 ], [ 126.937257, 34.365582 ], [ 126.947308, 34.36782 ], [ 126.947498, 34.377542 ], [ 126.940478, 34.383051 ], [ 126.934913, 34.383648 ], [ 126.940675, 34.384225 ], [ 126.943015, 34.395408 ], [ 126.95111, 34.403847 ], [ 126.945836, 34.411923 ] ] ], [ [ [ 127.049245, 34.393373 ], [ 127.037231, 34.394956 ], [ 127.03779, 34.392559 ], [ 127.032605, 34.391234 ], [ 127.036161, 34.389227 ], [ 127.033663, 34.388061 ], [ 127.048449, 34.384954 ], [ 127.050887, 34.385909 ], [ 127.045977, 34.387811 ], [ 127.051922, 34.389262 ], [ 127.049245, 34.393373 ] ] ], [ [ [ 127.035888, 34.404039 ], [ 127.033938, 34.408584 ], [ 127.031365, 34.403602 ], [ 127.033896, 34.404768 ], [ 127.035757, 34.401607 ], [ 127.035888, 34.404039 ] ] ], [ [ [ 127.080531, 34.412226 ], [ 127.080077, 34.409371 ], [ 127.082593, 34.40682 ], [ 127.082179, 34.411601 ], [ 127.080531, 34.412226 ] ] ], [ [ [ 127.116886, 34.41225 ], [ 127.116773, 34.407644 ], [ 127.119059, 34.411988 ], [ 127.116826, 34.414615 ], [ 127.116886, 34.41225 ] ] ], [ [ [ 126.95151, 34.411177 ], [ 126.954227, 34.412703 ], [ 126.953539, 34.415586 ], [ 126.953162, 34.413092 ], [ 126.949663, 34.413385 ], [ 126.95151, 34.411177 ] ] ], [ [ [ 127.213173, 34.420141 ], [ 127.212141, 34.417541 ], [ 127.213862, 34.41727 ], [ 127.214679, 34.419442 ], [ 127.213173, 34.420141 ] ] ], [ [ [ 127.082079, 34.422747 ], [ 127.083875, 34.424635 ], [ 127.078751, 34.426556 ], [ 127.078121, 34.423047 ], [ 127.081875, 34.421651 ], [ 127.075665, 34.410711 ], [ 127.079009, 34.410448 ], [ 127.07859, 34.415395 ], [ 127.083441, 34.414584 ], [ 127.082885, 34.418585 ], [ 127.085152, 34.416625 ], [ 127.082079, 34.422747 ] ] ], [ [ [ 127.044215, 34.458154 ], [ 127.042242, 34.45978 ], [ 127.033278, 34.455107 ], [ 127.022494, 34.454957 ], [ 127.025276, 34.451215 ], [ 127.034231, 34.449745 ], [ 127.035429, 34.43858 ], [ 127.038717, 34.435905 ], [ 127.03847, 34.42113 ], [ 127.04386, 34.42049 ], [ 127.046754, 34.415317 ], [ 127.051807, 34.415305 ], [ 127.049046, 34.420716 ], [ 127.052176, 34.423471 ], [ 127.048767, 34.427569 ], [ 127.054274, 34.430896 ], [ 127.061281, 34.42601 ], [ 127.061498, 34.420036 ], [ 127.058096, 34.41827 ], [ 127.062615, 34.402621 ], [ 127.066153, 34.405558 ], [ 127.065642, 34.415761 ], [ 127.068253, 34.414411 ], [ 127.0678, 34.410145 ], [ 127.071937, 34.415041 ], [ 127.070194, 34.416685 ], [ 127.072854, 34.416548 ], [ 127.072844, 34.417322 ], [ 127.070257, 34.418401 ], [ 127.067855, 34.418014 ], [ 127.06583, 34.42139 ], [ 127.075392, 34.423544 ], [ 127.072785, 34.427651 ], [ 127.075598, 34.427202 ], [ 127.072716, 34.433622 ], [ 127.068663, 34.434973 ], [ 127.068746, 34.442734 ], [ 127.061831, 34.454401 ], [ 127.054375, 34.458172 ], [ 127.059109, 34.453344 ], [ 127.052492, 34.450865 ], [ 127.044215, 34.458154 ] ] ], [ [ [ 127.011669, 34.437624 ], [ 127.009063, 34.440664 ], [ 127.007363, 34.438354 ], [ 127.012464, 34.435917 ], [ 127.011669, 34.437624 ] ] ], [ [ [ 127.024266, 34.448141 ], [ 127.022399, 34.450546 ], [ 127.019337, 34.449517 ], [ 127.021918, 34.446967 ], [ 127.024266, 34.448141 ] ] ], [ [ [ 126.96623, 34.464497 ], [ 126.962298, 34.465121 ], [ 126.958392, 34.459967 ], [ 126.964104, 34.458719 ], [ 126.962818, 34.447033 ], [ 126.966258, 34.445702 ], [ 126.969083, 34.462105 ], [ 126.96623, 34.464497 ] ] ], [ [ [ 127.22406, 34.490305 ], [ 127.216151, 34.495677 ], [ 127.212885, 34.490297 ], [ 127.211536, 34.494073 ], [ 127.199238, 34.48762 ], [ 127.196022, 34.48841 ], [ 127.195517, 34.492561 ], [ 127.188542, 34.493987 ], [ 127.182449, 34.489934 ], [ 127.17692, 34.491191 ], [ 127.163438, 34.478692 ], [ 127.148449, 34.480695 ], [ 127.146704, 34.475063 ], [ 127.141609, 34.472606 ], [ 127.136114, 34.47273 ], [ 127.136883, 34.479027 ], [ 127.128251, 34.477955 ], [ 127.123111, 34.48623 ], [ 127.12429, 34.490171 ], [ 127.11755, 34.486833 ], [ 127.1146, 34.489776 ], [ 127.110667, 34.485222 ], [ 127.117243, 34.48466 ], [ 127.117498, 34.481788 ], [ 127.113091, 34.475678 ], [ 127.107659, 34.475999 ], [ 127.107943, 34.47213 ], [ 127.101783, 34.468616 ], [ 127.095904, 34.473851 ], [ 127.092987, 34.470547 ], [ 127.10648, 34.454752 ], [ 127.099054, 34.450433 ], [ 127.099307, 34.448795 ], [ 127.101874, 34.447304 ], [ 127.099124, 34.442351 ], [ 127.107065, 34.44186 ], [ 127.108806, 34.447766 ], [ 127.116217, 34.447978 ], [ 127.115099, 34.440005 ], [ 127.124028, 34.436894 ], [ 127.125651, 34.430101 ], [ 127.137185, 34.428471 ], [ 127.142414, 34.420544 ], [ 127.144867, 34.429737 ], [ 127.154731, 34.431387 ], [ 127.156366, 34.42656 ], [ 127.162626, 34.427716 ], [ 127.161856, 34.432174 ], [ 127.16572, 34.435203 ], [ 127.177582, 34.431533 ], [ 127.208171, 34.429537 ], [ 127.207677, 34.431676 ], [ 127.214624, 34.433564 ], [ 127.211114, 34.432648 ], [ 127.211586, 34.435442 ], [ 127.217905, 34.437388 ], [ 127.222404, 34.456385 ], [ 127.229709, 34.463998 ], [ 127.226902, 34.467113 ], [ 127.235095, 34.475728 ], [ 127.234045, 34.48282 ], [ 127.230348, 34.482847 ], [ 127.231656, 34.485274 ], [ 127.227874, 34.48585 ], [ 127.227888, 34.488658 ], [ 127.222609, 34.488323 ], [ 127.22406, 34.490305 ] ] ], [ [ [ 127.088876, 34.462984 ], [ 127.08514, 34.465039 ], [ 127.082215, 34.463761 ], [ 127.082618, 34.461253 ], [ 127.084937, 34.463488 ], [ 127.089645, 34.461573 ], [ 127.089771, 34.451616 ], [ 127.093167, 34.462745 ], [ 127.088876, 34.462984 ] ] ], [ [ [ 127.148554, 34.497108 ], [ 127.146478, 34.498282 ], [ 127.14604, 34.495255 ], [ 127.148647, 34.495458 ], [ 127.148554, 34.497108 ] ] ], [ [ [ 127.147796, 34.504049 ], [ 127.147895, 34.501435 ], [ 127.149136, 34.501297 ], [ 127.14985, 34.502924 ], [ 127.147796, 34.504049 ] ] ], [ [ [ 127.132793, 34.521035 ], [ 127.127021, 34.523874 ], [ 127.123031, 34.519135 ], [ 127.126666, 34.515528 ], [ 127.120178, 34.512215 ], [ 127.117026, 34.513254 ], [ 127.118197, 34.518899 ], [ 127.111948, 34.522517 ], [ 127.106853, 34.519692 ], [ 127.111138, 34.519151 ], [ 127.110562, 34.515326 ], [ 127.107439, 34.514468 ], [ 127.105318, 34.517847 ], [ 127.097783, 34.509723 ], [ 127.109611, 34.509419 ], [ 127.112946, 34.502515 ], [ 127.119929, 34.507834 ], [ 127.130603, 34.506162 ], [ 127.133086, 34.516002 ], [ 127.137492, 34.517118 ], [ 127.1401, 34.520673 ], [ 127.136812, 34.517901 ], [ 127.132793, 34.521035 ] ] ], [ [ [ 127.161678, 34.519408 ], [ 127.159141, 34.519997 ], [ 127.161229, 34.518173 ], [ 127.164719, 34.521185 ], [ 127.163865, 34.521497 ], [ 127.161678, 34.519408 ] ] ], [ [ [ 127.099438, 34.609077 ], [ 127.096489, 34.612043 ], [ 127.090345, 34.605854 ], [ 127.090508, 34.597332 ], [ 127.097663, 34.595278 ], [ 127.10354, 34.598923 ], [ 127.110298, 34.596199 ], [ 127.106233, 34.604637 ], [ 127.099438, 34.609077 ] ] ], [ [ [ 127.015244, 34.616592 ], [ 127.016866, 34.618837 ], [ 127.011108, 34.620801 ], [ 127.008975, 34.616674 ], [ 127.012345, 34.610552 ], [ 127.014904, 34.61164 ], [ 127.015244, 34.616592 ] ] ], [ [ [ 127.314214, 34.029483 ], [ 127.307545, 34.028654 ], [ 127.311163, 34.026676 ], [ 127.309307, 34.024048 ], [ 127.323404, 34.024717 ], [ 127.321684, 34.02741 ], [ 127.314214, 34.029483 ] ] ], [ [ [ 127.297299, 34.058265 ], [ 127.29214, 34.063536 ], [ 127.294921, 34.055147 ], [ 127.285916, 34.058561 ], [ 127.285975, 34.055313 ], [ 127.282705, 34.054524 ], [ 127.280089, 34.057499 ], [ 127.275514, 34.052992 ], [ 127.282356, 34.050982 ], [ 127.278046, 34.043426 ], [ 127.281888, 34.040846 ], [ 127.281062, 34.035123 ], [ 127.288854, 34.033371 ], [ 127.292241, 34.025314 ], [ 127.290192, 34.023232 ], [ 127.296211, 34.018609 ], [ 127.294413, 34.01541 ], [ 127.305674, 34.01121 ], [ 127.317667, 34.013444 ], [ 127.324486, 34.00492 ], [ 127.324232, 34.01536 ], [ 127.315269, 34.01421 ], [ 127.304623, 34.018849 ], [ 127.308443, 34.023737 ], [ 127.305399, 34.024835 ], [ 127.306188, 34.028834 ], [ 127.296423, 34.032516 ], [ 127.29267, 34.046745 ], [ 127.292734, 34.046771 ], [ 127.294395, 34.0464 ], [ 127.294593, 34.04629 ], [ 127.294961, 34.044802 ], [ 127.296663, 34.04654 ], [ 127.292165, 34.048081 ], [ 127.300673, 34.057178 ], [ 127.297299, 34.058265 ] ] ], [ [ [ 127.355338, 34.0431 ], [ 127.358299, 34.040465 ], [ 127.361711, 34.043204 ], [ 127.355712, 34.043592 ], [ 127.355338, 34.0431 ] ] ], [ [ [ 127.30956, 34.058021 ], [ 127.306897, 34.062711 ], [ 127.302536, 34.057987 ], [ 127.314089, 34.045534 ], [ 127.309541, 34.032485 ], [ 127.313274, 34.040469 ], [ 127.330719, 34.034252 ], [ 127.334699, 34.035559 ], [ 127.331112, 34.042185 ], [ 127.324472, 34.04487 ], [ 127.323921, 34.047995 ], [ 127.327705, 34.049132 ], [ 127.323616, 34.058799 ], [ 127.318135, 34.055882 ], [ 127.315014, 34.058905 ], [ 127.30956, 34.058021 ] ] ], [ [ [ 127.391606, 34.061557 ], [ 127.384819, 34.06187 ], [ 127.388143, 34.058843 ], [ 127.38437, 34.053503 ], [ 127.388335, 34.053139 ], [ 127.391156, 34.057267 ], [ 127.398389, 34.055356 ], [ 127.391606, 34.061557 ] ] ], [ [ [ 127.352902, 34.176439 ], [ 127.352429, 34.172822 ], [ 127.35712, 34.172993 ], [ 127.355041, 34.176584 ], [ 127.352902, 34.176439 ] ] ], [ [ [ 127.224745, 34.210368 ], [ 127.225702, 34.211693 ], [ 127.22538, 34.212803 ], [ 127.222093, 34.211162 ], [ 127.224745, 34.210368 ] ] ], [ [ [ 127.219822, 34.224163 ], [ 127.220603, 34.221314 ], [ 127.225022, 34.223346 ], [ 127.223425, 34.224159 ], [ 127.219822, 34.224163 ] ] ], [ [ [ 127.259356, 34.246068 ], [ 127.255922, 34.250648 ], [ 127.248446, 34.247209 ], [ 127.250037, 34.24562 ], [ 127.243412, 34.247564 ], [ 127.239473, 34.240804 ], [ 127.242831, 34.242968 ], [ 127.24575, 34.239632 ], [ 127.238794, 34.235331 ], [ 127.233499, 34.236787 ], [ 127.226761, 34.213242 ], [ 127.238654, 34.215877 ], [ 127.236988, 34.218772 ], [ 127.24107, 34.219859 ], [ 127.246128, 34.21475 ], [ 127.259144, 34.213888 ], [ 127.257696, 34.219393 ], [ 127.24917, 34.222087 ], [ 127.261087, 34.225846 ], [ 127.256833, 34.229652 ], [ 127.260395, 34.2309 ], [ 127.257082, 34.237307 ], [ 127.26196, 34.238654 ], [ 127.257493, 34.242155 ], [ 127.261903, 34.244633 ], [ 127.259356, 34.246068 ] ] ], [ [ [ 127.25882, 34.263944 ], [ 127.254662, 34.260032 ], [ 127.261119, 34.258296 ], [ 127.261387, 34.261094 ], [ 127.25882, 34.263944 ] ] ], [ [ [ 127.276971, 34.273041 ], [ 127.280492, 34.275211 ], [ 127.268416, 34.272117 ], [ 127.270512, 34.271251 ], [ 127.276971, 34.273041 ] ] ], [ [ [ 127.278786, 34.27895 ], [ 127.28152, 34.279788 ], [ 127.281523, 34.280474 ], [ 127.277756, 34.28111 ], [ 127.278786, 34.27895 ] ] ], [ [ [ 127.353207, 34.287663 ], [ 127.352, 34.295355 ], [ 127.347018, 34.281231 ], [ 127.350438, 34.278474 ], [ 127.348676, 34.267775 ], [ 127.370364, 34.288774 ], [ 127.363905, 34.293292 ], [ 127.360642, 34.286412 ], [ 127.353207, 34.287663 ] ] ], [ [ [ 127.399353, 34.293488 ], [ 127.395785, 34.297143 ], [ 127.387013, 34.292741 ], [ 127.389616, 34.279894 ], [ 127.394025, 34.284263 ], [ 127.397403, 34.280583 ], [ 127.399353, 34.293488 ] ] ], [ [ [ 127.372233, 34.29297 ], [ 127.378587, 34.293156 ], [ 127.381359, 34.295692 ], [ 127.370624, 34.295201 ], [ 127.372233, 34.29297 ] ] ], [ [ [ 127.318791, 34.317611 ], [ 127.322211, 34.318369 ], [ 127.31866, 34.323283 ], [ 127.316323, 34.321079 ], [ 127.318791, 34.317611 ] ] ], [ [ [ 127.248533, 34.413457 ], [ 127.240507, 34.416447 ], [ 127.243677, 34.411276 ], [ 127.236086, 34.410963 ], [ 127.2376, 34.409997 ], [ 127.24345, 34.409733 ], [ 127.245513, 34.410608 ], [ 127.240677, 34.40615 ], [ 127.254038, 34.402876 ], [ 127.253515, 34.395047 ], [ 127.246597, 34.392989 ], [ 127.251432, 34.390649 ], [ 127.24771, 34.390011 ], [ 127.247947, 34.38737 ], [ 127.250916, 34.387754 ], [ 127.250857, 34.384195 ], [ 127.253799, 34.386082 ], [ 127.256877, 34.382927 ], [ 127.260082, 34.384395 ], [ 127.260787, 34.381557 ], [ 127.27212, 34.381274 ], [ 127.268353, 34.385558 ], [ 127.270245, 34.390996 ], [ 127.265722, 34.392388 ], [ 127.266409, 34.39529 ], [ 127.265909, 34.395221 ], [ 127.265675, 34.394154 ], [ 127.263398, 34.393059 ], [ 127.259049, 34.395527 ], [ 127.26093, 34.402656 ], [ 127.257166, 34.406852 ], [ 127.246811, 34.409659 ], [ 127.25109, 34.41285 ], [ 127.248533, 34.413457 ] ] ], [ [ [ 127.327377, 34.432784 ], [ 127.320129, 34.436551 ], [ 127.320556, 34.431022 ], [ 127.32177, 34.434354 ], [ 127.327377, 34.432784 ] ] ], [ [ [ 127.302409, 34.442147 ], [ 127.297492, 34.437355 ], [ 127.304278, 34.436165 ], [ 127.302608, 34.43317 ], [ 127.308634, 34.430813 ], [ 127.315205, 34.441117 ], [ 127.302409, 34.442147 ] ] ], [ [ [ 127.295766, 34.436884 ], [ 127.295446, 34.439619 ], [ 127.291026, 34.437206 ], [ 127.292036, 34.436364 ], [ 127.295766, 34.436884 ] ] ], [ [ [ 127.295996, 34.447821 ], [ 127.290965, 34.447417 ], [ 127.289892, 34.441436 ], [ 127.296796, 34.446343 ], [ 127.295996, 34.447821 ] ] ], [ [ [ 127.236181, 34.475017 ], [ 127.236562, 34.473818 ], [ 127.239098, 34.474496 ], [ 127.237409, 34.476467 ], [ 127.236181, 34.475017 ] ] ], [ [ [ 127.314848, 34.725536 ], [ 127.307983, 34.726807 ], [ 127.305338, 34.72106 ], [ 127.312789, 34.719043 ], [ 127.314848, 34.725536 ] ] ], [ [ [ 127.513569, 34.115634 ], [ 127.510794, 34.116136 ], [ 127.508967, 34.115241 ], [ 127.516596, 34.11378 ], [ 127.513569, 34.115634 ] ] ], [ [ [ 127.454361, 34.247787 ], [ 127.449001, 34.248978 ], [ 127.449299, 34.244187 ], [ 127.444943, 34.242488 ], [ 127.454921, 34.243229 ], [ 127.451948, 34.244193 ], [ 127.454361, 34.247787 ] ] ], [ [ [ 127.448751, 34.25829 ], [ 127.450374, 34.256698 ], [ 127.452868, 34.259399 ], [ 127.451181, 34.259431 ], [ 127.448751, 34.25829 ] ] ], [ [ [ 127.458452, 34.47509 ], [ 127.45432, 34.475311 ], [ 127.452086, 34.469506 ], [ 127.457834, 34.466119 ], [ 127.456737, 34.465801 ], [ 127.454268, 34.467057 ], [ 127.456897, 34.455988 ], [ 127.453429, 34.456024 ], [ 127.458553, 34.45186 ], [ 127.453227, 34.44984 ], [ 127.452287, 34.45248 ], [ 127.449786, 34.449046 ], [ 127.451625, 34.446536 ], [ 127.464866, 34.453272 ], [ 127.465685, 34.450346 ], [ 127.47271, 34.45278 ], [ 127.485425, 34.447736 ], [ 127.481911, 34.442241 ], [ 127.473576, 34.442262 ], [ 127.464269, 34.446953 ], [ 127.462681, 34.443964 ], [ 127.475367, 34.432685 ], [ 127.479221, 34.432714 ], [ 127.483004, 34.437721 ], [ 127.486609, 34.433084 ], [ 127.492686, 34.432381 ], [ 127.494447, 34.42526 ], [ 127.486754, 34.417575 ], [ 127.48716, 34.413432 ], [ 127.491798, 34.41176 ], [ 127.493422, 34.416101 ], [ 127.501395, 34.415307 ], [ 127.515343, 34.42167 ], [ 127.520196, 34.426969 ], [ 127.531295, 34.423008 ], [ 127.533626, 34.429255 ], [ 127.538254, 34.431065 ], [ 127.534166, 34.444085 ], [ 127.537605, 34.447138 ], [ 127.520083, 34.453536 ], [ 127.521619, 34.457486 ], [ 127.513634, 34.461863 ], [ 127.504652, 34.473713 ], [ 127.505576, 34.463694 ], [ 127.499437, 34.462589 ], [ 127.4982, 34.467579 ], [ 127.493715, 34.458466 ], [ 127.483105, 34.458008 ], [ 127.482727, 34.460167 ], [ 127.489944, 34.462568 ], [ 127.490416, 34.46547 ], [ 127.484965, 34.466986 ], [ 127.481593, 34.464033 ], [ 127.472698, 34.46426 ], [ 127.467676, 34.46942 ], [ 127.469001, 34.472836 ], [ 127.463201, 34.471496 ], [ 127.458452, 34.47509 ] ] ], [ [ [ 127.445018, 34.466241 ], [ 127.442564, 34.465697 ], [ 127.450199, 34.461818 ], [ 127.451706, 34.456211 ], [ 127.449907, 34.463734 ], [ 127.445018, 34.466241 ] ] ], [ [ [ 127.446474, 34.482881 ], [ 127.436557, 34.474784 ], [ 127.441056, 34.46914 ], [ 127.446728, 34.473805 ], [ 127.446474, 34.482881 ] ] ], [ [ [ 127.402628, 34.481537 ], [ 127.396629, 34.478882 ], [ 127.403742, 34.474884 ], [ 127.407394, 34.477633 ], [ 127.402628, 34.481537 ] ] ], [ [ [ 127.467553, 34.543597 ], [ 127.458477, 34.545726 ], [ 127.453747, 34.543762 ], [ 127.455075, 34.541818 ], [ 127.43894, 34.529167 ], [ 127.443226, 34.527123 ], [ 127.43433, 34.519735 ], [ 127.441683, 34.516167 ], [ 127.447676, 34.517667 ], [ 127.456132, 34.511365 ], [ 127.451948, 34.506751 ], [ 127.458271, 34.506052 ], [ 127.45864, 34.502514 ], [ 127.446999, 34.498356 ], [ 127.441468, 34.492563 ], [ 127.448913, 34.487807 ], [ 127.452588, 34.478758 ], [ 127.456694, 34.481057 ], [ 127.45818, 34.478596 ], [ 127.462026, 34.479564 ], [ 127.459896, 34.483763 ], [ 127.470428, 34.486695 ], [ 127.471145, 34.484245 ], [ 127.474359, 34.489206 ], [ 127.47557, 34.488799 ], [ 127.476521, 34.484585 ], [ 127.481279, 34.483917 ], [ 127.489089, 34.489898 ], [ 127.491448, 34.48776 ], [ 127.489519, 34.483519 ], [ 127.507013, 34.491068 ], [ 127.499684, 34.496892 ], [ 127.500112, 34.501973 ], [ 127.495785, 34.501974 ], [ 127.491116, 34.508299 ], [ 127.4867, 34.509161 ], [ 127.484252, 34.504519 ], [ 127.47928, 34.509803 ], [ 127.46717, 34.509756 ], [ 127.464905, 34.512817 ], [ 127.464877, 34.508092 ], [ 127.462037, 34.512821 ], [ 127.457629, 34.513715 ], [ 127.466437, 34.51794 ], [ 127.473466, 34.513789 ], [ 127.475556, 34.515141 ], [ 127.469906, 34.523417 ], [ 127.458476, 34.525684 ], [ 127.460191, 34.529765 ], [ 127.472312, 34.52964 ], [ 127.478216, 34.535491 ], [ 127.4749, 34.542816 ], [ 127.467553, 34.543597 ] ] ], [ [ [ 127.451943, 34.547503 ], [ 127.447816, 34.547559 ], [ 127.446831, 34.541816 ], [ 127.439943, 34.542092 ], [ 127.442798, 34.538768 ], [ 127.450113, 34.542181 ], [ 127.451943, 34.547503 ] ] ], [ [ [ 127.453677, 34.565246 ], [ 127.454417, 34.562787 ], [ 127.457004, 34.561827 ], [ 127.45537, 34.568421 ], [ 127.453677, 34.565246 ] ] ], [ [ [ 127.469072, 34.567702 ], [ 127.469102, 34.570115 ], [ 127.466602, 34.563687 ], [ 127.470668, 34.564651 ], [ 127.469072, 34.567702 ] ] ], [ [ [ 127.448985, 34.5722 ], [ 127.446085, 34.576137 ], [ 127.441334, 34.570595 ], [ 127.444562, 34.571747 ], [ 127.444729, 34.567636 ], [ 127.448247, 34.568839 ], [ 127.452556, 34.562513 ], [ 127.451244, 34.570082 ], [ 127.448985, 34.5722 ] ] ], [ [ [ 127.422472, 34.58063 ], [ 127.416821, 34.582527 ], [ 127.414812, 34.578691 ], [ 127.42297, 34.575323 ], [ 127.424892, 34.580981 ], [ 127.422472, 34.58063 ] ] ], [ [ [ 127.517, 34.638912 ], [ 127.509348, 34.633403 ], [ 127.514865, 34.622968 ], [ 127.521006, 34.619423 ], [ 127.524247, 34.620894 ], [ 127.523165, 34.625915 ], [ 127.520249, 34.623451 ], [ 127.516256, 34.624774 ], [ 127.516536, 34.63011 ], [ 127.513019, 34.63226 ], [ 127.517059, 34.634734 ], [ 127.517, 34.638912 ] ] ], [ [ [ 127.477632, 34.670829 ], [ 127.472917, 34.673029 ], [ 127.469303, 34.669139 ], [ 127.462404, 34.67025 ], [ 127.464449, 34.666069 ], [ 127.469899, 34.667051 ], [ 127.471908, 34.663855 ], [ 127.477163, 34.664592 ], [ 127.474896, 34.667792 ], [ 127.477632, 34.670829 ] ] ], [ [ [ 127.447812, 34.68037 ], [ 127.448576, 34.679323 ], [ 127.450973, 34.678228 ], [ 127.450288, 34.68063 ], [ 127.447812, 34.68037 ] ] ], [ [ [ 127.45522, 34.687173 ], [ 127.457543, 34.683252 ], [ 127.462938, 34.691564 ], [ 127.458503, 34.690351 ], [ 127.45522, 34.687173 ] ] ], [ [ [ 127.430078, 34.701757 ], [ 127.426087, 34.703269 ], [ 127.421395, 34.700472 ], [ 127.429556, 34.691553 ], [ 127.434117, 34.691421 ], [ 127.434891, 34.687295 ], [ 127.445699, 34.682791 ], [ 127.444299, 34.685724 ], [ 127.448396, 34.685364 ], [ 127.447781, 34.68796 ], [ 127.452726, 34.690038 ], [ 127.451989, 34.696001 ], [ 127.444388, 34.695978 ], [ 127.447331, 34.692065 ], [ 127.444569, 34.68995 ], [ 127.441376, 34.695965 ], [ 127.430078, 34.701757 ] ] ], [ [ [ 127.42072, 34.702421 ], [ 127.414756, 34.706532 ], [ 127.410065, 34.704152 ], [ 127.416436, 34.701032 ], [ 127.42072, 34.702421 ] ] ], [ [ [ 127.426322, 34.704494 ], [ 127.422635, 34.707029 ], [ 127.421301, 34.704199 ], [ 127.42317, 34.703032 ], [ 127.426322, 34.704494 ] ] ], [ [ [ 127.415411, 34.711253 ], [ 127.421434, 34.712288 ], [ 127.415688, 34.713639 ], [ 127.412876, 34.709323 ], [ 127.415411, 34.711253 ] ] ], [ [ [ 127.445418, 34.716415 ], [ 127.447184, 34.721462 ], [ 127.442117, 34.720613 ], [ 127.442118, 34.710475 ], [ 127.436218, 34.710882 ], [ 127.43857, 34.706068 ], [ 127.444926, 34.709473 ], [ 127.445418, 34.716415 ] ] ], [ [ [ 127.395586, 34.721579 ], [ 127.398945, 34.721139 ], [ 127.399289, 34.722947 ], [ 127.396033, 34.723882 ], [ 127.395586, 34.721579 ] ] ], [ [ [ 127.513774, 34.759319 ], [ 127.510518, 34.761333 ], [ 127.509106, 34.758588 ], [ 127.516138, 34.754722 ], [ 127.515805, 34.756283 ], [ 127.513774, 34.759319 ] ] ], [ [ [ 127.492581, 34.766394 ], [ 127.489449, 34.765057 ], [ 127.492171, 34.765899 ], [ 127.499386, 34.752056 ], [ 127.504415, 34.75571 ], [ 127.492581, 34.766394 ] ] ], [ [ [ 127.43317, 34.775667 ], [ 127.433649, 34.777532 ], [ 127.431334, 34.777585 ], [ 127.430947, 34.776421 ], [ 127.43317, 34.775667 ] ] ], [ [ [ 127.472703, 34.782092 ], [ 127.473795, 34.782702 ], [ 127.476075, 34.781601 ], [ 127.474079, 34.784034 ], [ 127.472703, 34.782092 ] ] ], [ [ [ 127.421534, 34.784797 ], [ 127.415641, 34.786597 ], [ 127.417772, 34.781481 ], [ 127.430146, 34.779434 ], [ 127.426751, 34.780623 ], [ 127.429107, 34.783223 ], [ 127.426438, 34.785633 ], [ 127.425708, 34.782467 ], [ 127.421534, 34.784797 ] ] ], [ [ [ 127.459066, 34.787256 ], [ 127.459393, 34.785905 ], [ 127.461003, 34.784214 ], [ 127.45941, 34.788663 ], [ 127.459066, 34.787256 ] ] ], [ [ [ 127.464992, 34.802647 ], [ 127.463329, 34.80521 ], [ 127.460292, 34.802287 ], [ 127.461204, 34.792619 ], [ 127.455738, 34.794456 ], [ 127.45314, 34.791847 ], [ 127.448898, 34.798224 ], [ 127.449899, 34.794905 ], [ 127.446496, 34.794431 ], [ 127.44913, 34.787593 ], [ 127.444259, 34.785258 ], [ 127.444538, 34.781119 ], [ 127.439336, 34.779633 ], [ 127.4532, 34.779235 ], [ 127.454683, 34.790411 ], [ 127.460962, 34.791816 ], [ 127.46559, 34.785982 ], [ 127.470059, 34.787153 ], [ 127.464324, 34.791711 ], [ 127.470054, 34.794976 ], [ 127.464992, 34.802647 ] ] ], [ [ [ 127.474845, 34.792721 ], [ 127.472942, 34.793796 ], [ 127.471336, 34.793743 ], [ 127.474228, 34.791189 ], [ 127.474845, 34.792721 ] ] ], [ [ [ 127.443651, 34.807113 ], [ 127.444538, 34.810287 ], [ 127.436181, 34.809726 ], [ 127.441028, 34.807291 ], [ 127.443651, 34.807113 ] ] ], [ [ [ 127.607106, 34.037848 ], [ 127.60581, 34.039558 ], [ 127.604331, 34.038075 ], [ 127.605938, 34.03679 ], [ 127.607106, 34.037848 ] ] ], [ [ [ 127.585885, 34.055874 ], [ 127.582525, 34.05673 ], [ 127.5832, 34.052975 ], [ 127.585784, 34.053963 ], [ 127.585885, 34.055874 ] ] ], [ [ [ 127.538041, 34.267805 ], [ 127.529997, 34.268942 ], [ 127.530399, 34.261576 ], [ 127.537803, 34.262132 ], [ 127.538041, 34.267805 ] ] ], [ [ [ 127.540122, 34.441052 ], [ 127.543371, 34.442948 ], [ 127.544825, 34.443299 ], [ 127.541933, 34.44407 ], [ 127.540122, 34.441052 ] ] ], [ [ [ 127.639475, 34.560406 ], [ 127.637972, 34.565668 ], [ 127.638907, 34.555856 ], [ 127.640088, 34.556577 ], [ 127.639475, 34.560406 ] ] ], [ [ [ 127.604461, 34.588823 ], [ 127.602454, 34.590301 ], [ 127.600204, 34.589789 ], [ 127.603088, 34.588626 ], [ 127.604461, 34.588823 ] ] ], [ [ [ 127.556071, 34.592806 ], [ 127.553916, 34.590324 ], [ 127.559083, 34.588187 ], [ 127.559529, 34.589233 ], [ 127.558566, 34.589755 ], [ 127.557494, 34.589926 ], [ 127.556695, 34.590418 ], [ 127.555995, 34.59049 ], [ 127.557517, 34.593682 ], [ 127.556078, 34.593798 ], [ 127.556071, 34.592806 ] ] ], [ [ [ 127.625787, 34.593075 ], [ 127.625687, 34.595843 ], [ 127.621282, 34.59627 ], [ 127.606284, 34.590016 ], [ 127.607893, 34.588556 ], [ 127.62198, 34.592359 ], [ 127.625995, 34.589145 ], [ 127.625787, 34.593075 ] ] ], [ [ [ 127.577433, 34.600039 ], [ 127.577159, 34.597614 ], [ 127.578338, 34.595954 ], [ 127.579982, 34.598683 ], [ 127.577433, 34.600039 ] ] ], [ [ [ 127.605178, 34.604479 ], [ 127.594114, 34.597828 ], [ 127.598718, 34.59482 ], [ 127.604229, 34.596184 ], [ 127.605178, 34.604479 ] ] ], [ [ [ 127.551498, 34.618372 ], [ 127.544517, 34.618905 ], [ 127.541232, 34.615671 ], [ 127.544914, 34.612886 ], [ 127.540778, 34.611597 ], [ 127.53819, 34.613556 ], [ 127.534203, 34.61124 ], [ 127.528689, 34.617339 ], [ 127.522511, 34.615069 ], [ 127.525631, 34.603083 ], [ 127.52754, 34.606006 ], [ 127.534761, 34.604622 ], [ 127.53633, 34.6097 ], [ 127.539205, 34.609457 ], [ 127.540797, 34.600072 ], [ 127.537592, 34.596645 ], [ 127.544068, 34.597757 ], [ 127.549528, 34.594753 ], [ 127.553326, 34.599084 ], [ 127.549396, 34.600004 ], [ 127.551213, 34.602254 ], [ 127.566363, 34.605518 ], [ 127.564295, 34.613343 ], [ 127.557571, 34.616425 ], [ 127.550639, 34.614871 ], [ 127.551498, 34.618372 ] ] ], [ [ [ 127.6371, 34.624231 ], [ 127.629314, 34.623159 ], [ 127.624949, 34.615846 ], [ 127.63216, 34.607962 ], [ 127.640728, 34.605822 ], [ 127.63972, 34.610096 ], [ 127.642905, 34.612359 ], [ 127.646997, 34.608475 ], [ 127.6548, 34.608611 ], [ 127.646511, 34.619596 ], [ 127.643078, 34.61795 ], [ 127.6371, 34.624231 ] ] ], [ [ [ 127.53457, 34.625524 ], [ 127.532738, 34.627136 ], [ 127.533807, 34.624574 ], [ 127.537534, 34.623876 ], [ 127.537805, 34.624667 ], [ 127.535435, 34.626442 ], [ 127.53457, 34.625524 ] ] ], [ [ [ 127.539794, 34.629266 ], [ 127.535805, 34.632123 ], [ 127.533135, 34.627677 ], [ 127.541412, 34.624878 ], [ 127.540978, 34.623056 ], [ 127.551753, 34.627463 ], [ 127.550821, 34.629546 ], [ 127.546668, 34.62804 ], [ 127.548345, 34.631615 ], [ 127.541323, 34.631949 ], [ 127.539794, 34.629266 ] ] ], [ [ [ 127.554461, 34.639587 ], [ 127.549384, 34.642256 ], [ 127.547242, 34.637543 ], [ 127.568656, 34.627122 ], [ 127.567801, 34.634786 ], [ 127.554461, 34.639587 ] ] ], [ [ [ 127.638908, 34.655182 ], [ 127.636713, 34.659738 ], [ 127.635878, 34.659678 ], [ 127.635135, 34.657175 ], [ 127.638908, 34.655182 ] ] ], [ [ [ 127.565879, 34.735742 ], [ 127.562784, 34.737344 ], [ 127.561773, 34.735617 ], [ 127.564313, 34.732838 ], [ 127.565879, 34.735742 ] ] ], [ [ [ 127.567564, 34.742697 ], [ 127.562102, 34.749337 ], [ 127.558738, 34.748374 ], [ 127.558294, 34.741415 ], [ 127.562462, 34.742705 ], [ 127.565343, 34.739351 ], [ 127.567564, 34.742697 ] ] ], [ [ [ 127.560747, 34.769804 ], [ 127.558768, 34.770731 ], [ 127.560145, 34.763122 ], [ 127.570199, 34.762967 ], [ 127.566916, 34.767507 ], [ 127.564418, 34.766218 ], [ 127.560747, 34.769804 ] ] ], [ [ [ 127.561683, 34.789462 ], [ 127.561964, 34.790559 ], [ 127.559951, 34.791658 ], [ 127.559988, 34.78851 ], [ 127.561683, 34.789462 ] ] ], [ [ [ 127.64682, 34.843101 ], [ 127.644538, 34.844738 ], [ 127.643732, 34.843423 ], [ 127.644975, 34.841201 ], [ 127.64682, 34.843101 ] ] ], [ [ [ 127.621377, 34.867118 ], [ 127.622947, 34.868295 ], [ 127.621835, 34.869841 ], [ 127.619345, 34.866312 ], [ 127.621377, 34.867118 ] ] ], [ [ [ 127.623649, 34.882517 ], [ 127.611154, 34.882547 ], [ 127.611571, 34.878628 ], [ 127.619113, 34.87737 ], [ 127.623601, 34.880465 ], [ 127.628893, 34.875263 ], [ 127.62977, 34.880473 ], [ 127.623649, 34.882517 ] ] ], [ [ [ 127.642443, 34.894297 ], [ 127.658896, 34.902919 ], [ 127.657735, 34.904213 ], [ 127.641298, 34.893976 ], [ 127.632173, 34.903907 ], [ 127.628059, 34.903621 ], [ 127.639242, 34.892894 ], [ 127.642443, 34.894297 ] ] ], [ [ [ 127.902061, 34.414169 ], [ 127.90498, 34.415526 ], [ 127.905258, 34.416992 ], [ 127.903394, 34.416704 ], [ 127.902061, 34.414169 ] ] ], [ [ [ 127.804292, 34.455872 ], [ 127.807235, 34.459269 ], [ 127.804778, 34.461064 ], [ 127.794816, 34.456913 ], [ 127.798507, 34.444151 ], [ 127.79517, 34.441991 ], [ 127.798217, 34.439909 ], [ 127.786693, 34.435157 ], [ 127.785599, 34.43222 ], [ 127.795804, 34.42944 ], [ 127.801359, 34.431943 ], [ 127.801603, 34.428961 ], [ 127.794635, 34.429135 ], [ 127.79359, 34.425795 ], [ 127.788013, 34.425169 ], [ 127.78655, 34.414564 ], [ 127.789494, 34.412636 ], [ 127.797264, 34.417315 ], [ 127.798911, 34.409665 ], [ 127.801732, 34.412095 ], [ 127.804761, 34.409052 ], [ 127.802879, 34.413585 ], [ 127.809346, 34.424127 ], [ 127.804177, 34.428914 ], [ 127.809339, 34.434289 ], [ 127.809659, 34.443761 ], [ 127.815874, 34.45241 ], [ 127.807509, 34.448797 ], [ 127.802093, 34.451045 ], [ 127.804292, 34.455872 ] ] ], [ [ [ 127.792765, 34.480424 ], [ 127.79002, 34.480686 ], [ 127.79124, 34.475294 ], [ 127.793857, 34.477107 ], [ 127.792765, 34.480424 ] ] ], [ [ [ 127.823656, 34.494721 ], [ 127.82631, 34.496067 ], [ 127.824261, 34.499408 ], [ 127.820787, 34.496302 ], [ 127.811797, 34.497545 ], [ 127.807203, 34.490389 ], [ 127.802506, 34.490413 ], [ 127.80545, 34.483731 ], [ 127.797704, 34.490791 ], [ 127.796771, 34.473324 ], [ 127.803812, 34.471646 ], [ 127.800555, 34.477132 ], [ 127.804958, 34.483237 ], [ 127.810588, 34.48066 ], [ 127.810472, 34.474719 ], [ 127.816043, 34.479834 ], [ 127.821128, 34.476511 ], [ 127.824397, 34.485164 ], [ 127.812661, 34.491734 ], [ 127.823656, 34.494721 ] ] ], [ [ [ 127.74225, 34.552644 ], [ 127.724988, 34.549482 ], [ 127.725256, 34.546929 ], [ 127.710714, 34.53744 ], [ 127.704933, 34.539623 ], [ 127.697261, 34.538201 ], [ 127.700859, 34.532697 ], [ 127.712942, 34.529953 ], [ 127.720259, 34.523376 ], [ 127.730079, 34.527705 ], [ 127.736002, 34.525658 ], [ 127.730044, 34.524569 ], [ 127.725946, 34.515944 ], [ 127.741005, 34.510456 ], [ 127.741273, 34.507876 ], [ 127.733842, 34.505631 ], [ 127.734703, 34.503551 ], [ 127.747835, 34.502146 ], [ 127.75444, 34.504905 ], [ 127.753858, 34.499628 ], [ 127.76579, 34.49865 ], [ 127.766324, 34.495482 ], [ 127.773036, 34.500063 ], [ 127.774051, 34.498029 ], [ 127.769692, 34.49222 ], [ 127.764169, 34.490673 ], [ 127.789903, 34.487396 ], [ 127.79838, 34.496006 ], [ 127.7955, 34.494524 ], [ 127.791099, 34.497126 ], [ 127.792425, 34.502344 ], [ 127.78639, 34.507462 ], [ 127.777548, 34.50531 ], [ 127.767078, 34.509325 ], [ 127.767748, 34.511192 ], [ 127.781539, 34.510267 ], [ 127.779867, 34.520127 ], [ 127.770608, 34.526341 ], [ 127.769602, 34.531555 ], [ 127.762967, 34.533552 ], [ 127.763864, 34.539744 ], [ 127.757328, 34.55187 ], [ 127.752393, 34.550091 ], [ 127.74225, 34.552644 ] ] ], [ [ [ 127.773392, 34.537767 ], [ 127.771922, 34.537338 ], [ 127.770348, 34.535096 ], [ 127.773901, 34.53557 ], [ 127.773392, 34.537767 ] ] ], [ [ [ 127.769294, 34.56607 ], [ 127.765851, 34.565145 ], [ 127.764586, 34.562751 ], [ 127.766761, 34.563222 ], [ 127.769294, 34.56607 ] ] ], [ [ [ 127.734029, 34.570042 ], [ 127.729378, 34.570896 ], [ 127.724889, 34.560685 ], [ 127.731118, 34.562417 ], [ 127.735608, 34.559305 ], [ 127.740625, 34.562379 ], [ 127.734029, 34.570042 ] ] ], [ [ [ 127.751923, 34.567225 ], [ 127.747108, 34.567923 ], [ 127.744591, 34.565414 ], [ 127.74876, 34.563641 ], [ 127.751923, 34.567225 ] ] ], [ [ [ 127.66122, 34.583946 ], [ 127.657263, 34.58558 ], [ 127.653009, 34.579292 ], [ 127.648053, 34.581365 ], [ 127.643891, 34.575578 ], [ 127.63831, 34.574145 ], [ 127.637757, 34.566007 ], [ 127.641735, 34.57031 ], [ 127.647147, 34.56837 ], [ 127.650357, 34.556342 ], [ 127.66407, 34.555144 ], [ 127.662936, 34.557768 ], [ 127.669942, 34.561346 ], [ 127.670083, 34.555443 ], [ 127.673025, 34.555988 ], [ 127.679771, 34.563232 ], [ 127.679966, 34.569272 ], [ 127.684596, 34.569249 ], [ 127.688293, 34.571461 ], [ 127.690785, 34.568518 ], [ 127.687149, 34.561212 ], [ 127.690218, 34.565065 ], [ 127.697392, 34.562895 ], [ 127.70461, 34.564517 ], [ 127.703345, 34.56841 ], [ 127.697362, 34.569232 ], [ 127.696711, 34.574793 ], [ 127.690443, 34.57675 ], [ 127.683227, 34.57484 ], [ 127.684245, 34.570387 ], [ 127.680019, 34.569913 ], [ 127.675364, 34.574594 ], [ 127.670828, 34.571843 ], [ 127.670943, 34.579975 ], [ 127.66122, 34.583946 ] ] ], [ [ [ 127.72714, 34.578194 ], [ 127.722066, 34.579336 ], [ 127.721098, 34.576623 ], [ 127.717775, 34.579194 ], [ 127.709928, 34.576054 ], [ 127.712992, 34.565128 ], [ 127.717292, 34.569418 ], [ 127.723222, 34.568642 ], [ 127.723974, 34.573962 ], [ 127.728479, 34.573732 ], [ 127.72714, 34.578194 ] ] ], [ [ [ 127.740336, 34.574284 ], [ 127.737736, 34.572681 ], [ 127.737987, 34.571268 ], [ 127.740168, 34.570032 ], [ 127.742124, 34.571749 ], [ 127.740336, 34.574284 ] ] ], [ [ [ 127.761969, 34.580221 ], [ 127.755829, 34.580264 ], [ 127.7546, 34.57709 ], [ 127.76135, 34.574648 ], [ 127.763982, 34.576142 ], [ 127.761969, 34.580221 ] ] ], [ [ [ 127.730397, 34.589607 ], [ 127.733687, 34.592907 ], [ 127.731249, 34.594844 ], [ 127.721776, 34.588696 ], [ 127.71849, 34.593359 ], [ 127.712299, 34.592481 ], [ 127.724756, 34.586402 ], [ 127.734047, 34.574256 ], [ 127.736513, 34.578895 ], [ 127.739632, 34.577492 ], [ 127.743566, 34.581986 ], [ 127.737251, 34.588166 ], [ 127.730397, 34.589607 ] ] ], [ [ [ 127.696749, 34.590409 ], [ 127.698139, 34.590491 ], [ 127.691181, 34.591141 ], [ 127.693502, 34.589421 ], [ 127.696749, 34.590409 ] ] ], [ [ [ 127.687789, 34.594354 ], [ 127.681145, 34.595049 ], [ 127.684941, 34.587991 ], [ 127.690372, 34.591083 ], [ 127.687789, 34.594354 ] ] ], [ [ [ 127.655796, 34.603712 ], [ 127.64985, 34.60386 ], [ 127.650916, 34.59422 ], [ 127.645969, 34.591259 ], [ 127.651937, 34.587351 ], [ 127.654731, 34.592447 ], [ 127.660047, 34.59273 ], [ 127.653773, 34.597513 ], [ 127.66168, 34.602513 ], [ 127.655796, 34.603712 ] ] ], [ [ [ 127.716057, 34.610901 ], [ 127.70593, 34.609802 ], [ 127.704455, 34.604279 ], [ 127.708543, 34.603579 ], [ 127.713277, 34.607444 ], [ 127.722326, 34.605737 ], [ 127.725734, 34.608322 ], [ 127.716057, 34.610901 ] ] ], [ [ [ 127.714914, 34.642211 ], [ 127.715035, 34.643554 ], [ 127.711867, 34.642255 ], [ 127.713448, 34.641433 ], [ 127.714914, 34.642211 ] ] ], [ [ [ 127.742557, 34.733587 ], [ 127.738063, 34.733112 ], [ 127.736802, 34.730063 ], [ 127.741842, 34.727388 ], [ 127.746944, 34.714633 ], [ 127.752294, 34.714961 ], [ 127.756666, 34.707134 ], [ 127.754232, 34.697789 ], [ 127.758084, 34.693465 ], [ 127.756261, 34.691413 ], [ 127.763111, 34.687703 ], [ 127.746988, 34.67486 ], [ 127.74824, 34.66987 ], [ 127.743865, 34.668247 ], [ 127.744324, 34.665627 ], [ 127.722246, 34.654043 ], [ 127.716605, 34.642245 ], [ 127.724705, 34.63753 ], [ 127.722376, 34.63749 ], [ 127.724489, 34.633335 ], [ 127.710523, 34.621782 ], [ 127.719607, 34.613096 ], [ 127.726587, 34.614766 ], [ 127.737264, 34.611273 ], [ 127.736562, 34.605522 ], [ 127.749546, 34.59292 ], [ 127.764071, 34.59364 ], [ 127.771085, 34.58773 ], [ 127.778535, 34.589984 ], [ 127.789929, 34.584881 ], [ 127.799347, 34.586672 ], [ 127.80744, 34.596402 ], [ 127.801725, 34.596077 ], [ 127.80078, 34.59896 ], [ 127.803864, 34.600069 ], [ 127.79579, 34.605089 ], [ 127.794074, 34.603014 ], [ 127.787987, 34.605711 ], [ 127.792191, 34.611522 ], [ 127.788357, 34.615893 ], [ 127.792165, 34.618131 ], [ 127.790331, 34.622289 ], [ 127.793883, 34.623426 ], [ 127.792132, 34.630245 ], [ 127.794488, 34.631159 ], [ 127.796872, 34.627254 ], [ 127.799583, 34.630559 ], [ 127.796961, 34.643328 ], [ 127.793833, 34.644844 ], [ 127.797594, 34.644887 ], [ 127.79793, 34.655121 ], [ 127.806251, 34.65803 ], [ 127.805944, 34.661133 ], [ 127.794478, 34.66097 ], [ 127.793421, 34.665114 ], [ 127.800469, 34.667144 ], [ 127.794807, 34.667167 ], [ 127.79327, 34.672091 ], [ 127.789469, 34.66967 ], [ 127.782608, 34.671332 ], [ 127.775928, 34.681534 ], [ 127.781196, 34.689337 ], [ 127.779032, 34.696857 ], [ 127.773219, 34.700054 ], [ 127.773731, 34.696361 ], [ 127.765833, 34.694266 ], [ 127.758979, 34.703861 ], [ 127.76276, 34.706404 ], [ 127.769938, 34.702384 ], [ 127.763794, 34.709686 ], [ 127.770725, 34.711109 ], [ 127.77363, 34.704438 ], [ 127.778441, 34.712253 ], [ 127.780883, 34.707865 ], [ 127.77624, 34.702333 ], [ 127.784063, 34.702885 ], [ 127.788912, 34.699995 ], [ 127.78683, 34.716265 ], [ 127.755528, 34.731906 ], [ 127.742557, 34.733587 ] ] ], [ [ [ 127.703626, 34.67764 ], [ 127.702062, 34.679352 ], [ 127.699379, 34.678886 ], [ 127.701063, 34.676239 ], [ 127.703626, 34.67764 ] ] ], [ [ [ 127.740231, 34.68118 ], [ 127.740476, 34.679381 ], [ 127.743767, 34.676912 ], [ 127.742206, 34.682252 ], [ 127.740231, 34.68118 ] ] ], [ [ [ 127.703665, 34.709745 ], [ 127.70019, 34.710751 ], [ 127.711997, 34.702271 ], [ 127.708125, 34.709961 ], [ 127.703665, 34.709745 ] ] ], [ [ [ 127.726455, 34.719779 ], [ 127.724721, 34.722305 ], [ 127.718769, 34.719233 ], [ 127.722036, 34.715316 ], [ 127.717058, 34.713183 ], [ 127.720731, 34.709617 ], [ 127.720004, 34.705454 ], [ 127.737259, 34.699047 ], [ 127.737074, 34.702664 ], [ 127.742057, 34.705161 ], [ 127.72573, 34.711196 ], [ 127.727986, 34.715838 ], [ 127.732036, 34.715154 ], [ 127.730782, 34.719056 ], [ 127.723434, 34.718052 ], [ 127.726455, 34.719779 ] ] ], [ [ [ 127.71156, 34.715378 ], [ 127.709446, 34.716533 ], [ 127.712129, 34.71216 ], [ 127.711232, 34.714525 ], [ 127.71156, 34.715378 ] ] ], [ [ [ 127.712707, 34.720946 ], [ 127.711506, 34.721351 ], [ 127.708801, 34.71989 ], [ 127.714529, 34.719915 ], [ 127.712707, 34.720946 ] ] ], [ [ [ 127.665946, 34.744776 ], [ 127.662543, 34.744551 ], [ 127.663243, 34.740777 ], [ 127.665491, 34.742339 ], [ 127.665946, 34.744776 ] ] ], [ [ [ 127.72207, 34.897367 ], [ 127.710583, 34.898497 ], [ 127.698276, 34.892543 ], [ 127.698351, 34.888515 ], [ 127.691976, 34.884411 ], [ 127.700299, 34.877442 ], [ 127.697953, 34.873093 ], [ 127.702741, 34.873289 ], [ 127.704388, 34.870579 ], [ 127.713249, 34.872966 ], [ 127.720178, 34.868016 ], [ 127.727652, 34.874374 ], [ 127.746113, 34.873362 ], [ 127.75068, 34.878037 ], [ 127.745154, 34.891219 ], [ 127.733365, 34.895242 ], [ 127.733038, 34.891251 ], [ 127.72833, 34.891485 ], [ 127.72207, 34.897367 ] ] ], [ [ [ 127.681125, 34.927473 ], [ 127.679795, 34.928756 ], [ 127.672588, 34.930168 ], [ 127.676381, 34.929067 ], [ 127.672461, 34.929981 ], [ 127.664125, 34.914256 ], [ 127.673172, 34.904442 ], [ 127.693176, 34.917032 ], [ 127.681125, 34.927473 ] ] ], [ [ [ 127.73276, 34.950151 ], [ 127.730703, 34.951815 ], [ 127.724605, 34.948141 ], [ 127.714673, 34.937052 ], [ 127.714905, 34.93254 ], [ 127.704328, 34.929667 ], [ 127.705361, 34.913478 ], [ 127.734353, 34.907442 ], [ 127.761161, 34.908636 ], [ 127.762918, 34.891787 ], [ 127.766388, 34.893189 ], [ 127.776171, 34.886634 ], [ 127.784157, 34.886582 ], [ 127.784433, 34.915507 ], [ 127.76515, 34.93164 ], [ 127.737418, 34.932258 ], [ 127.735374, 34.935192 ], [ 127.739745, 34.94582 ], [ 127.73276, 34.950151 ] ], [ [ 127.766774, 34.902695 ], [ 127.768375, 34.914612 ], [ 127.771986, 34.914589 ], [ 127.771956, 34.911379 ], [ 127.783085, 34.911308 ], [ 127.783981, 34.891045 ], [ 127.77544, 34.891099 ], [ 127.774232, 34.89638 ], [ 127.766917, 34.895264 ], [ 127.766774, 34.902695 ] ] ], [ [ [ 127.765454, 34.955964 ], [ 127.759672, 34.960413 ], [ 127.741221, 34.951703 ], [ 127.74059, 34.944064 ], [ 127.745484, 34.93389 ], [ 127.768516, 34.933803 ], [ 127.768584, 34.941013 ], [ 127.765859, 34.942172 ], [ 127.768935, 34.951944 ], [ 127.765454, 34.955964 ] ] ] ] } },
{ "type": "Feature", "properties": { "province_code": "47", "name_en": "North Gyeongsang Province", "name_ko": "경상북도" }, "geometry": { "type": "MultiPolygon", "coordinates": [ [ [ [ 128.371748, 35.610881 ], [ 128.388376, 35.617928 ], [ 128.401251, 35.632729 ], [ 128.40146, 35.639015 ], [ 128.397912, 35.648809 ], [ 128.372511, 35.666621 ], [ 128.35823, 35.680794 ], [ 128.351797, 35.704016 ], [ 128.358878, 35.708701 ], [ 128.412202, 35.695842 ], [ 128.422223, 35.697269 ], [ 128.432147, 35.704895 ], [ 128.434889, 35.714758 ], [ 128.431816, 35.725598 ], [ 128.391247, 35.748353 ], [ 128.383469, 35.760087 ], [ 128.408119, 35.799208 ], [ 128.415772, 35.802815 ], [ 128.415786, 35.806092 ], [ 128.420816, 35.806304 ], [ 128.42083, 35.809355 ], [ 128.440945, 35.809294 ], [ 128.441029, 35.806017 ], [ 128.470433, 35.805922 ], [ 128.482716, 35.815517 ], [ 128.481217, 35.830086 ], [ 128.450648, 35.843998 ], [ 128.415982, 35.851757 ], [ 128.38351, 35.852835 ], [ 128.384209, 35.865656 ], [ 128.398977, 35.899926 ], [ 128.407129, 35.900725 ], [ 128.424902, 35.928041 ], [ 128.438745, 35.931519 ], [ 128.441561, 35.935207 ], [ 128.450338, 35.935042 ], [ 128.454155, 35.943149 ], [ 128.476419, 35.934439 ], [ 128.472755, 35.914436 ], [ 128.465399, 35.90859 ], [ 128.468379, 35.899471 ], [ 128.47527, 35.894458 ], [ 128.478477, 35.896824 ], [ 128.48462, 35.89393 ], [ 128.484945, 35.896529 ], [ 128.490617, 35.897579 ], [ 128.501494, 35.886766 ], [ 128.504589, 35.889152 ], [ 128.506914, 35.906103 ], [ 128.529044, 35.923695 ], [ 128.533287, 35.932479 ], [ 128.532066, 35.950114 ], [ 128.534811, 35.958383 ], [ 128.530497, 35.96199 ], [ 128.526651, 35.975447 ], [ 128.528354, 35.98035 ], [ 128.543486, 35.974775 ], [ 128.546674, 35.965666 ], [ 128.553322, 35.960765 ], [ 128.557066, 35.97223 ], [ 128.564707, 35.972937 ], [ 128.572838, 35.978313 ], [ 128.590156, 35.979235 ], [ 128.592925, 35.983362 ], [ 128.603504, 35.986013 ], [ 128.617486, 36.006737 ], [ 128.640866, 36.010572 ], [ 128.651011, 36.007307 ], [ 128.669523, 36.013266 ], [ 128.695596, 36.016165 ], [ 128.701382, 36.010853 ], [ 128.717865, 36.008127 ], [ 128.726878, 36.003228 ], [ 128.734856, 35.992956 ], [ 128.730974, 35.985361 ], [ 128.74621, 35.972869 ], [ 128.742995, 35.959945 ], [ 128.737961, 35.955943 ], [ 128.744087, 35.943958 ], [ 128.736672, 35.929631 ], [ 128.742678, 35.920399 ], [ 128.755296, 35.915005 ], [ 128.759801, 35.906833 ], [ 128.756556, 35.903566 ], [ 128.762693, 35.888498 ], [ 128.756924, 35.877833 ], [ 128.761254, 35.874404 ], [ 128.75773, 35.870029 ], [ 128.759795, 35.866075 ], [ 128.738572, 35.851298 ], [ 128.725511, 35.857801 ], [ 128.721874, 35.856948 ], [ 128.726872, 35.847212 ], [ 128.725073, 35.836049 ], [ 128.718324, 35.835456 ], [ 128.708637, 35.826568 ], [ 128.717519, 35.806836 ], [ 128.699809, 35.795049 ], [ 128.692842, 35.796959 ], [ 128.682331, 35.789843 ], [ 128.68635, 35.768724 ], [ 128.695486, 35.755742 ], [ 128.693657, 35.743653 ], [ 128.689126, 35.739773 ], [ 128.692, 35.733263 ], [ 128.683138, 35.725578 ], [ 128.68324, 35.721454 ], [ 128.661033, 35.720049 ], [ 128.646212, 35.708174 ], [ 128.630926, 35.706792 ], [ 128.623997, 35.702297 ], [ 128.619777, 35.702849 ], [ 128.613916, 35.709841 ], [ 128.616926, 35.717635 ], [ 128.609935, 35.724876 ], [ 128.614932, 35.730318 ], [ 128.612435, 35.738519 ], [ 128.594245, 35.737075 ], [ 128.589601, 35.731504 ], [ 128.582416, 35.738333 ], [ 128.571729, 35.734573 ], [ 128.564767, 35.736762 ], [ 128.560987, 35.729714 ], [ 128.527905, 35.712741 ], [ 128.533887, 35.70326 ], [ 128.531864, 35.696616 ], [ 128.535264, 35.694052 ], [ 128.529851, 35.683015 ], [ 128.526808, 35.673504 ], [ 128.530785, 35.662736 ], [ 128.537434, 35.659761 ], [ 128.534768, 35.643702 ], [ 128.536897, 35.623828 ], [ 128.551245, 35.616554 ], [ 128.556105, 35.616848 ], [ 128.56081, 35.603235 ], [ 128.569407, 35.603965 ], [ 128.572957, 35.593216 ], [ 128.599969, 35.580423 ], [ 128.614704, 35.581656 ], [ 128.630747, 35.58742 ], [ 128.636532, 35.584698 ], [ 128.644091, 35.593053 ], [ 128.656321, 35.597875 ], [ 128.664419, 35.593753 ], [ 128.674243, 35.5961 ], [ 128.68924, 35.594456 ], [ 128.69494, 35.583418 ], [ 128.703308, 35.57801 ], [ 128.714958, 35.577597 ], [ 128.724009, 35.58156 ], [ 128.727679, 35.57751 ], [ 128.737418, 35.577154 ], [ 128.757179, 35.567706 ], [ 128.766346, 35.568241 ], [ 128.768466, 35.570844 ], [ 128.785529, 35.566888 ], [ 128.795014, 35.573343 ], [ 128.802645, 35.589147 ], [ 128.809564, 35.588984 ], [ 128.823763, 35.596118 ], [ 128.833648, 35.597354 ], [ 128.842639, 35.588994 ], [ 128.845696, 35.589619 ], [ 128.86479, 35.609047 ], [ 128.873876, 35.621636 ], [ 128.875379, 35.63233 ], [ 128.881461, 35.635478 ], [ 128.888773, 35.628857 ], [ 128.915054, 35.640619 ], [ 128.941145, 35.635073 ], [ 128.961261, 35.620562 ], [ 128.960877, 35.615581 ], [ 128.982642, 35.608705 ], [ 129.00274, 35.620258 ], [ 129.018023, 35.629648 ], [ 129.020909, 35.635083 ], [ 129.026611, 35.636395 ], [ 129.036967, 35.632462 ], [ 129.046901, 35.650518 ], [ 129.069302, 35.645413 ], [ 129.075546, 35.640356 ], [ 129.080855, 35.643253 ], [ 129.080689, 35.647953 ], [ 129.067273, 35.661992 ], [ 129.067153, 35.671346 ], [ 129.073028, 35.677379 ], [ 129.069877, 35.682372 ], [ 129.077113, 35.693048 ], [ 129.090291, 35.702675 ], [ 129.112746, 35.708384 ], [ 129.122995, 35.707333 ], [ 129.12707, 35.714084 ], [ 129.136778, 35.712865 ], [ 129.137535, 35.720699 ], [ 129.144533, 35.724827 ], [ 129.154049, 35.721968 ], [ 129.160315, 35.71481 ], [ 129.172387, 35.713859 ], [ 129.178432, 35.717213 ], [ 129.181293, 35.723789 ], [ 129.198095, 35.71445 ], [ 129.20863, 35.721169 ], [ 129.224366, 35.709561 ], [ 129.232983, 35.707629 ], [ 129.234008, 35.703875 ], [ 129.25685, 35.700703 ], [ 129.262593, 35.691127 ], [ 129.255504, 35.660456 ], [ 129.260445, 35.654638 ], [ 129.269777, 35.651079 ], [ 129.282899, 35.651733 ], [ 129.296421, 35.643445 ], [ 129.29837, 35.647647 ], [ 129.302937, 35.647778 ], [ 129.304489, 35.657174 ], [ 129.311143, 35.660524 ], [ 129.319358, 35.656358 ], [ 129.32907, 35.658176 ], [ 129.32864, 35.662689 ], [ 129.334089, 35.66976 ], [ 129.340058, 35.669637 ], [ 129.353559, 35.67938 ], [ 129.364074, 35.678934 ], [ 129.372654, 35.669227 ], [ 129.381849, 35.671185 ], [ 129.399996, 35.667573 ], [ 129.403417, 35.662968 ], [ 129.41097, 35.663827 ], [ 129.428399, 35.65558 ], [ 129.432801, 35.656647 ], [ 129.435079, 35.652446 ], [ 129.439269, 35.655245 ], [ 129.449626, 35.651018 ], [ 129.452704, 35.664925 ], [ 129.464888, 35.666918 ], [ 129.46457, 35.678349 ], [ 129.471486, 35.680625 ], [ 129.476333, 35.690206 ], [ 129.475164, 35.689976 ], [ 129.473784, 35.691117 ], [ 129.47389, 35.692018 ], [ 129.477344, 35.690618 ], [ 129.471407, 35.706031 ], [ 129.479193, 35.712792 ], [ 129.478178, 35.717027 ], [ 129.486025, 35.729565 ], [ 129.483052, 35.743673 ], [ 129.494238, 35.752284 ], [ 129.490916, 35.758897 ], [ 129.493741, 35.759611 ], [ 129.496425, 35.773102 ], [ 129.48974, 35.785078 ], [ 129.492653, 35.791332 ], [ 129.495898, 35.791605 ], [ 129.495082, 35.788768 ], [ 129.501338, 35.793663 ], [ 129.50052, 35.79431 ], [ 129.500124, 35.796384 ], [ 129.498355, 35.798768 ], [ 129.498384, 35.799327 ], [ 129.502599, 35.801342 ], [ 129.507046, 35.805926 ], [ 129.503161, 35.804646 ], [ 129.503528, 35.807442 ], [ 129.51154, 35.80691 ], [ 129.510078, 35.811719 ], [ 129.513293, 35.816581 ], [ 129.50742, 35.822372 ], [ 129.520208, 35.837826 ], [ 129.517003, 35.843739 ], [ 129.519799, 35.851373 ], [ 129.525238, 35.853396 ], [ 129.528093, 35.860458 ], [ 129.526051, 35.862676 ], [ 129.533397, 35.868359 ], [ 129.532671, 35.871275 ], [ 129.520125, 35.872006 ], [ 129.516586, 35.877051 ], [ 129.520414, 35.881765 ], [ 129.524634, 35.881813 ], [ 129.528106, 35.875645 ], [ 129.529228, 35.886361 ], [ 129.525103, 35.888212 ], [ 129.524438, 35.894252 ], [ 129.527038, 35.898235 ], [ 129.533313, 35.899707 ], [ 129.518401, 35.920288 ], [ 129.517383, 35.928462 ], [ 129.524031, 35.934128 ], [ 129.528173, 35.933113 ], [ 129.52584, 35.931413 ], [ 129.530432, 35.932314 ], [ 129.528826, 35.934439 ], [ 129.533051, 35.936485 ], [ 129.540141, 35.949747 ], [ 129.545257, 35.953222 ], [ 129.54784, 35.951439 ], [ 129.546042, 35.954666 ], [ 129.549872, 35.96054 ], [ 129.546988, 35.964398 ], [ 129.554228, 35.968122 ], [ 129.551623, 35.97931 ], [ 129.559358, 35.984995 ], [ 129.55359, 35.98269 ], [ 129.552547, 35.987297 ], [ 129.558334, 35.990877 ], [ 129.560316, 35.989503 ], [ 129.557196, 35.986989 ], [ 129.557906, 35.985723 ], [ 129.561259, 35.989651 ], [ 129.567132, 35.990158 ], [ 129.565983, 35.996798 ], [ 129.571686, 36.003882 ], [ 129.574758, 36.003308 ], [ 129.582091, 36.015811 ], [ 129.577261, 36.026267 ], [ 129.582173, 36.03101 ], [ 129.576804, 36.033565 ], [ 129.583244, 36.045651 ], [ 129.577366, 36.049097 ], [ 129.574441, 36.063014 ], [ 129.568463, 36.06758 ], [ 129.569929, 36.077518 ], [ 129.559488, 36.079522 ], [ 129.56285, 36.080682 ], [ 129.556214, 36.085528 ], [ 129.557762, 36.091707 ], [ 129.555688, 36.085812 ], [ 129.546748, 36.084033 ], [ 129.545588, 36.076092 ], [ 129.541745, 36.073846 ], [ 129.539728, 36.066141 ], [ 129.532416, 36.06145 ], [ 129.533255, 36.057508 ], [ 129.524883, 36.057558 ], [ 129.516358, 36.043763 ], [ 129.504037, 36.03554 ], [ 129.503031, 36.02478 ], [ 129.495703, 36.022908 ], [ 129.488724, 36.016399 ], [ 129.474548, 36.012922 ], [ 129.455495, 36.000373 ], [ 129.458151, 35.997705 ], [ 129.456274, 35.993162 ], [ 129.444287, 35.990667 ], [ 129.421442, 35.999562 ], [ 129.418025, 36.006671 ], [ 129.414104, 36.004603 ], [ 129.423061, 36.011205 ], [ 129.423887, 36.022328 ], [ 129.422474, 36.013466 ], [ 129.417929, 36.01279 ], [ 129.416035, 36.016611 ], [ 129.415672, 36.01211 ], [ 129.41234, 36.011782 ], [ 129.412687, 36.016266 ], [ 129.410092, 36.016019 ], [ 129.407088, 36.008951 ], [ 129.403815, 36.011312 ], [ 129.406777, 36.013875 ], [ 129.402629, 36.012276 ], [ 129.395565, 36.017941 ], [ 129.407618, 36.02978 ], [ 129.418362, 36.026428 ], [ 129.431786, 36.027373 ], [ 129.4314, 36.030299 ], [ 129.401218, 36.039113 ], [ 129.400687, 36.038602 ], [ 129.40131, 36.038987 ], [ 129.412019, 36.035941 ], [ 129.411868, 36.035602 ], [ 129.40132, 36.038619 ], [ 129.385832, 36.028449 ], [ 129.383012, 36.031435 ], [ 129.386989, 36.033151 ], [ 129.38298, 36.031469 ], [ 129.376665, 36.042848 ], [ 129.376436, 36.045625 ], [ 129.381131, 36.046849 ], [ 129.377119, 36.046517 ], [ 129.376209, 36.04997 ], [ 129.371129, 36.033841 ], [ 129.369429, 36.036805 ], [ 129.372815, 36.050778 ], [ 129.380234, 36.050949 ], [ 129.383066, 36.047624 ], [ 129.384017, 36.047162 ], [ 129.381429, 36.050753 ], [ 129.377479, 36.053337 ], [ 129.383393, 36.06339 ], [ 129.396016, 36.063187 ], [ 129.405192, 36.071864 ], [ 129.417903, 36.073686 ], [ 129.41816, 36.088885 ], [ 129.420567, 36.088109 ], [ 129.42977, 36.097341 ], [ 129.439657, 36.097304 ], [ 129.441083, 36.112017 ], [ 129.43222, 36.110662 ], [ 129.432233, 36.113167 ], [ 129.436987, 36.113419 ], [ 129.439665, 36.112353 ], [ 129.440115, 36.112767 ], [ 129.437016, 36.113511 ], [ 129.431122, 36.113536 ], [ 129.430479, 36.111521 ], [ 129.398512, 36.129432 ], [ 129.401435, 36.130021 ], [ 129.394665, 36.141629 ], [ 129.401595, 36.154082 ], [ 129.397772, 36.156067 ], [ 129.397372, 36.172086 ], [ 129.391634, 36.184013 ], [ 129.384602, 36.183774 ], [ 129.372487, 36.193897 ], [ 129.371946, 36.207482 ], [ 129.377891, 36.207015 ], [ 129.384111, 36.212193 ], [ 129.387453, 36.221974 ], [ 129.382589, 36.224059 ], [ 129.379599, 36.230756 ], [ 129.383504, 36.234033 ], [ 129.383018, 36.232792 ], [ 129.383377, 36.231389 ], [ 129.386003, 36.239075 ], [ 129.37653, 36.24531 ], [ 129.372597, 36.254711 ], [ 129.374667, 36.262138 ], [ 129.376443, 36.259464 ], [ 129.375738, 36.269726 ], [ 129.380574, 36.275315 ], [ 129.374226, 36.288866 ], [ 129.378934, 36.29415 ], [ 129.376551, 36.30629 ], [ 129.379604, 36.319963 ], [ 129.381499, 36.317307 ], [ 129.378981, 36.332504 ], [ 129.388234, 36.348704 ], [ 129.388163, 36.35831 ], [ 129.391138, 36.359038 ], [ 129.392816, 36.355763 ], [ 129.390871, 36.359788 ], [ 129.405685, 36.381508 ], [ 129.40748, 36.389409 ], [ 129.41355, 36.39136 ], [ 129.417083, 36.3983 ], [ 129.422128, 36.400544 ], [ 129.425361, 36.406776 ], [ 129.426767, 36.405257 ], [ 129.435599, 36.426234 ], [ 129.432669, 36.441309 ], [ 129.436236, 36.446662 ], [ 129.437857, 36.465991 ], [ 129.433075, 36.473072 ], [ 129.432608, 36.481078 ], [ 129.445221, 36.489885 ], [ 129.446696, 36.505946 ], [ 129.452904, 36.508391 ], [ 129.449305, 36.509958 ], [ 129.447409, 36.50776 ], [ 129.448633, 36.511686 ], [ 129.443532, 36.512757 ], [ 129.438925, 36.536563 ], [ 129.44072, 36.551584 ], [ 129.434554, 36.558186 ], [ 129.43159, 36.557037 ], [ 129.435077, 36.558862 ], [ 129.425003, 36.564318 ], [ 129.415303, 36.574586 ], [ 129.409903, 36.586915 ], [ 129.40805, 36.595351 ], [ 129.412577, 36.600604 ], [ 129.41524, 36.598643 ], [ 129.415636, 36.603336 ], [ 129.411245, 36.614474 ], [ 129.412012, 36.622528 ], [ 129.417389, 36.639443 ], [ 129.428028, 36.64904 ], [ 129.434549, 36.666759 ], [ 129.44251, 36.676678 ], [ 129.451846, 36.679321 ], [ 129.454985, 36.674717 ], [ 129.452223, 36.678887 ], [ 129.459021, 36.681774 ], [ 129.461843, 36.67777 ], [ 129.460863, 36.677356 ], [ 129.461078, 36.677044 ], [ 129.459238, 36.676139 ], [ 129.457669, 36.674684 ], [ 129.456011, 36.671566 ], [ 129.465971, 36.679921 ], [ 129.464359, 36.684943 ], [ 129.468116, 36.684833 ], [ 129.464706, 36.685207 ], [ 129.465499, 36.688428 ], [ 129.470217, 36.686245 ], [ 129.468199, 36.694093 ], [ 129.476005, 36.699345 ], [ 129.471802, 36.723156 ], [ 129.476628, 36.726861 ], [ 129.475576, 36.734343 ], [ 129.472683, 36.735673 ], [ 129.471264, 36.733198 ], [ 129.470144, 36.735773 ], [ 129.472621, 36.738236 ], [ 129.467598, 36.747539 ], [ 129.467584, 36.757715 ], [ 129.469446, 36.760488 ], [ 129.472124, 36.760736 ], [ 129.472544, 36.758894 ], [ 129.473438, 36.758871 ], [ 129.478705, 36.767616 ], [ 129.468988, 36.781323 ], [ 129.464047, 36.781261 ], [ 129.466806, 36.783262 ], [ 129.461715, 36.788638 ], [ 129.462543, 36.796151 ], [ 129.457517, 36.802695 ], [ 129.460447, 36.803111 ], [ 129.456237, 36.814702 ], [ 129.448805, 36.822787 ], [ 129.448953, 36.82267 ], [ 129.450542, 36.823369 ], [ 129.450942, 36.824126 ], [ 129.448954, 36.822781 ], [ 129.443375, 36.827174 ], [ 129.448028, 36.827882 ], [ 129.449559, 36.825841 ], [ 129.452491, 36.82428 ], [ 129.426696, 36.851445 ], [ 129.415233, 36.887984 ], [ 129.415239, 36.8888 ], [ 129.417942, 36.888783 ], [ 129.420054, 36.889841 ], [ 129.414758, 36.890391 ], [ 129.418631, 36.89351 ], [ 129.419392, 36.89123 ], [ 129.421774, 36.888981 ], [ 129.415396, 36.908783 ], [ 129.415465, 36.916645 ], [ 129.419951, 36.919446 ], [ 129.416965, 36.930692 ], [ 129.420833, 36.940075 ], [ 129.414794, 36.964952 ], [ 129.41329, 36.968615 ], [ 129.410499, 36.96805 ], [ 129.408011, 36.976917 ], [ 129.418224, 36.993069 ], [ 129.409285, 37.028808 ], [ 129.416666, 37.034256 ], [ 129.412421, 37.044475 ], [ 129.414832, 37.053581 ], [ 129.417926, 37.056567 ], [ 129.420308, 37.054789 ], [ 129.418074, 37.057048 ], [ 129.421801, 37.058319 ], [ 129.426182, 37.055702 ], [ 129.422201, 37.054181 ], [ 129.422417, 37.053817 ], [ 129.420867, 37.053275 ], [ 129.42052, 37.052791 ], [ 129.428475, 37.055603 ], [ 129.429991, 37.058195 ], [ 129.426133, 37.064911 ], [ 129.396025, 37.083128 ], [ 129.389602, 37.09103 ], [ 129.3905, 37.091366 ], [ 129.394371, 37.088518 ], [ 129.395364, 37.088504 ], [ 129.382494, 37.100673 ], [ 129.382517, 37.096342 ], [ 129.379502, 37.09895 ], [ 129.378418, 37.101023 ], [ 129.383104, 37.102412 ], [ 129.371834, 37.09966 ], [ 129.376845, 37.105187 ], [ 129.373633, 37.110392 ], [ 129.378585, 37.118797 ], [ 129.370547, 37.126535 ], [ 129.374461, 37.135267 ], [ 129.371406, 37.135183 ], [ 129.363397, 37.146001 ], [ 129.340995, 37.144603 ], [ 129.339506, 37.14683 ], [ 129.333241, 37.140707 ], [ 129.32483, 37.142286 ], [ 129.318147, 37.132952 ], [ 129.297776, 37.124432 ], [ 129.294592, 37.114365 ], [ 129.276739, 37.118553 ], [ 129.271238, 37.11638 ], [ 129.270243, 37.106923 ], [ 129.265993, 37.102324 ], [ 129.24903, 37.096151 ], [ 129.240459, 37.085035 ], [ 129.225378, 37.07372 ], [ 129.233075, 37.063882 ], [ 129.228521, 37.057235 ], [ 129.23206, 37.054428 ], [ 129.232667, 37.044219 ], [ 129.238209, 37.040788 ], [ 129.238012, 37.038665 ], [ 129.225314, 37.04456 ], [ 129.21341, 37.042987 ], [ 129.205046, 37.044972 ], [ 129.194752, 37.04063 ], [ 129.18541, 37.041719 ], [ 129.183681, 37.048861 ], [ 129.170398, 37.060356 ], [ 129.166136, 37.069158 ], [ 129.15524, 37.070283 ], [ 129.139472, 37.082273 ], [ 129.127188, 37.084443 ], [ 129.122891, 37.091277 ], [ 129.10778, 37.093497 ], [ 129.096251, 37.100415 ], [ 129.07042, 37.088222 ], [ 129.063976, 37.068135 ], [ 129.057404, 37.065051 ], [ 129.054276, 37.069817 ], [ 129.05132, 37.067829 ], [ 129.041866, 37.071062 ], [ 129.036668, 37.076171 ], [ 129.032408, 37.074923 ], [ 129.02435, 37.078347 ], [ 129.020383, 37.076559 ], [ 128.988614, 37.084374 ], [ 128.959274, 37.077577 ], [ 128.953301, 37.081255 ], [ 128.945663, 37.093778 ], [ 128.932058, 37.090873 ], [ 128.923316, 37.092117 ], [ 128.915063, 37.083713 ], [ 128.91693, 37.078695 ], [ 128.910417, 37.066135 ], [ 128.898074, 37.057604 ], [ 128.89642, 37.044515 ], [ 128.878544, 37.053255 ], [ 128.876842, 37.046078 ], [ 128.872479, 37.043945 ], [ 128.863654, 37.048695 ], [ 128.846875, 37.051607 ], [ 128.835953, 37.065943 ], [ 128.831666, 37.067404 ], [ 128.829384, 37.078459 ], [ 128.81257, 37.078712 ], [ 128.808004, 37.075757 ], [ 128.799966, 37.078975 ], [ 128.799423, 37.086944 ], [ 128.785806, 37.087853 ], [ 128.780282, 37.092343 ], [ 128.773591, 37.087508 ], [ 128.777928, 37.078935 ], [ 128.770082, 37.075234 ], [ 128.765356, 37.064034 ], [ 128.75751, 37.070012 ], [ 128.755261, 37.066218 ], [ 128.75232, 37.055934 ], [ 128.76142, 37.044439 ], [ 128.762545, 37.037857 ], [ 128.75455, 37.031963 ], [ 128.753765, 37.027832 ], [ 128.734618, 37.040228 ], [ 128.718669, 37.043751 ], [ 128.709099, 37.039356 ], [ 128.700404, 37.040828 ], [ 128.689073, 37.053055 ], [ 128.683732, 37.051435 ], [ 128.675651, 37.058848 ], [ 128.65941, 37.060349 ], [ 128.652096, 37.06544 ], [ 128.636742, 37.052431 ], [ 128.632925, 37.040502 ], [ 128.622832, 37.045337 ], [ 128.621714, 37.049075 ], [ 128.608437, 37.052814 ], [ 128.606788, 37.043396 ], [ 128.583526, 37.043734 ], [ 128.577734, 37.035567 ], [ 128.569291, 37.034885 ], [ 128.565414, 37.030718 ], [ 128.572608, 37.021967 ], [ 128.571273, 37.015933 ], [ 128.562922, 37.007894 ], [ 128.55594, 37.005703 ], [ 128.554731, 36.998286 ], [ 128.543027, 36.992092 ], [ 128.515475, 36.986823 ], [ 128.514614, 36.977581 ], [ 128.506418, 36.973193 ], [ 128.506728, 36.970082 ], [ 128.486421, 36.962184 ], [ 128.484896, 36.957471 ], [ 128.476422, 36.957257 ], [ 128.46717, 36.95145 ], [ 128.462782, 36.947384 ], [ 128.460396, 36.934005 ], [ 128.441594, 36.927349 ], [ 128.44475, 36.913693 ], [ 128.440281, 36.90125 ], [ 128.426786, 36.889245 ], [ 128.428158, 36.884768 ], [ 128.42397, 36.876528 ], [ 128.438428, 36.873271 ], [ 128.447998, 36.864388 ], [ 128.449031, 36.847842 ], [ 128.441505, 36.837603 ], [ 128.434113, 36.834144 ], [ 128.432047, 36.824066 ], [ 128.421143, 36.811807 ], [ 128.381264, 36.813881 ], [ 128.368399, 36.802076 ], [ 128.364084, 36.802216 ], [ 128.353181, 36.81245 ], [ 128.33446, 36.816961 ], [ 128.31645, 36.816662 ], [ 128.310708, 36.828473 ], [ 128.295624, 36.835341 ], [ 128.286556, 36.845034 ], [ 128.282434, 36.856399 ], [ 128.241841, 36.872329 ], [ 128.239496, 36.865103 ], [ 128.234656, 36.862831 ], [ 128.234402, 36.854679 ], [ 128.238714, 36.850183 ], [ 128.237023, 36.845346 ], [ 128.212544, 36.849729 ], [ 128.211252, 36.846901 ], [ 128.217316, 36.819374 ], [ 128.21537, 36.812002 ], [ 128.1848, 36.816633 ], [ 128.171319, 36.822101 ], [ 128.153125, 36.822435 ], [ 128.141781, 36.833337 ], [ 128.134639, 36.832936 ], [ 128.129879, 36.825149 ], [ 128.109878, 36.82147 ], [ 128.107081, 36.807309 ], [ 128.094139, 36.803624 ], [ 128.093496, 36.796777 ], [ 128.090068, 36.796638 ], [ 128.083833, 36.799299 ], [ 128.085373, 36.804204 ], [ 128.074428, 36.812815 ], [ 128.06736, 36.816767 ], [ 128.059637, 36.816773 ], [ 128.05795, 36.807013 ], [ 128.053975, 36.805204 ], [ 128.054978, 36.792663 ], [ 128.045565, 36.782441 ], [ 128.044805, 36.771051 ], [ 128.032367, 36.75517 ], [ 128.032325, 36.747576 ], [ 128.067988, 36.722234 ], [ 128.072724, 36.711886 ], [ 128.070384, 36.707705 ], [ 128.049029, 36.708007 ], [ 128.03191, 36.718779 ], [ 128.02093, 36.721925 ], [ 128.014842, 36.730191 ], [ 128.009362, 36.728374 ], [ 128.001939, 36.717257 ], [ 127.986848, 36.717549 ], [ 127.97767, 36.722187 ], [ 127.970722, 36.730905 ], [ 127.958455, 36.736845 ], [ 127.953606, 36.722677 ], [ 127.949184, 36.719876 ], [ 127.949528, 36.70805 ], [ 127.933569, 36.706487 ], [ 127.928919, 36.690839 ], [ 127.894192, 36.694915 ], [ 127.89418, 36.692157 ], [ 127.880914, 36.687317 ], [ 127.881977, 36.683446 ], [ 127.874293, 36.681961 ], [ 127.887622, 36.678631 ], [ 127.89145, 36.682431 ], [ 127.900367, 36.682205 ], [ 127.912969, 36.677671 ], [ 127.917709, 36.667854 ], [ 127.929572, 36.668765 ], [ 127.931637, 36.655399 ], [ 127.939082, 36.652748 ], [ 127.939209, 36.647061 ], [ 127.934312, 36.641086 ], [ 127.935957, 36.633002 ], [ 127.931386, 36.624585 ], [ 127.932377, 36.618743 ], [ 127.924089, 36.61545 ], [ 127.926199, 36.602973 ], [ 127.919962, 36.601118 ], [ 127.908592, 36.625927 ], [ 127.889102, 36.628852 ], [ 127.888706, 36.639645 ], [ 127.881994, 36.64642 ], [ 127.879658, 36.656767 ], [ 127.873936, 36.655045 ], [ 127.86129, 36.635565 ], [ 127.846753, 36.633989 ], [ 127.850562, 36.631255 ], [ 127.847843, 36.624936 ], [ 127.849811, 36.61958 ], [ 127.858304, 36.613533 ], [ 127.849799, 36.613121 ], [ 127.840697, 36.608295 ], [ 127.832287, 36.612758 ], [ 127.827525, 36.610767 ], [ 127.820998, 36.613307 ], [ 127.81857, 36.608302 ], [ 127.798467, 36.602077 ], [ 127.796152, 36.595264 ], [ 127.798476, 36.586442 ], [ 127.804897, 36.581387 ], [ 127.816203, 36.578081 ], [ 127.824471, 36.570907 ], [ 127.83016, 36.574275 ], [ 127.837073, 36.570101 ], [ 127.852363, 36.571153 ], [ 127.860423, 36.567951 ], [ 127.870322, 36.559154 ], [ 127.872989, 36.551328 ], [ 127.870476, 36.542825 ], [ 127.875964, 36.536723 ], [ 127.902463, 36.52807 ], [ 127.901072, 36.519456 ], [ 127.906336, 36.506944 ], [ 127.900819, 36.500016 ], [ 127.888715, 36.493137 ], [ 127.880466, 36.493271 ], [ 127.880364, 36.489966 ], [ 127.876095, 36.488368 ], [ 127.875278, 36.483165 ], [ 127.880619, 36.480627 ], [ 127.882382, 36.475872 ], [ 127.878367, 36.467076 ], [ 127.881961, 36.461839 ], [ 127.871393, 36.441572 ], [ 127.875472, 36.42967 ], [ 127.872994, 36.424282 ], [ 127.882724, 36.424352 ], [ 127.88271, 36.422174 ], [ 127.873317, 36.406109 ], [ 127.863866, 36.403043 ], [ 127.866312, 36.394758 ], [ 127.862905, 36.392968 ], [ 127.875722, 36.390593 ], [ 127.884167, 36.380013 ], [ 127.879808, 36.371384 ], [ 127.883671, 36.370638 ], [ 127.891271, 36.359688 ], [ 127.882607, 36.345915 ], [ 127.870149, 36.343487 ], [ 127.865764, 36.335578 ], [ 127.852822, 36.331956 ], [ 127.850705, 36.320812 ], [ 127.841478, 36.310002 ], [ 127.846862, 36.300763 ], [ 127.84565, 36.293689 ], [ 127.850991, 36.274462 ], [ 127.860873, 36.277081 ], [ 127.882636, 36.27375 ], [ 127.889915, 36.289235 ], [ 127.904287, 36.301454 ], [ 127.908109, 36.28551 ], [ 127.930907, 36.278013 ], [ 127.937931, 36.26906 ], [ 127.947359, 36.267237 ], [ 127.949251, 36.256647 ], [ 127.954608, 36.257215 ], [ 127.960167, 36.252371 ], [ 127.970562, 36.250401 ], [ 127.978324, 36.254588 ], [ 127.976719, 36.259287 ], [ 127.981146, 36.263709 ], [ 127.990528, 36.263378 ], [ 127.994408, 36.267441 ], [ 128.000478, 36.266438 ], [ 128.009071, 36.272008 ], [ 128.019034, 36.267294 ], [ 128.026225, 36.267896 ], [ 128.031814, 36.261692 ], [ 128.047352, 36.256551 ], [ 128.045727, 36.252119 ], [ 128.040262, 36.252025 ], [ 128.035655, 36.243467 ], [ 128.029902, 36.240013 ], [ 128.039339, 36.228677 ], [ 128.04138, 36.218475 ], [ 128.050091, 36.216463 ], [ 128.050791, 36.205996 ], [ 128.058146, 36.201245 ], [ 128.038634, 36.194158 ], [ 128.024048, 36.206649 ], [ 128.009748, 36.209362 ], [ 127.998454, 36.207301 ], [ 127.993039, 36.200033 ], [ 127.984868, 36.201354 ], [ 127.978016, 36.198111 ], [ 127.982716, 36.196304 ], [ 127.976263, 36.192053 ], [ 127.975332, 36.187711 ], [ 127.984134, 36.17817 ], [ 127.982598, 36.170559 ], [ 127.990181, 36.165667 ], [ 127.990481, 36.158876 ], [ 127.997197, 36.155467 ], [ 127.987482, 36.147384 ], [ 127.987784, 36.128818 ], [ 127.966796, 36.118061 ], [ 127.965201, 36.112829 ], [ 127.968687, 36.103129 ], [ 127.958472, 36.090142 ], [ 127.961694, 36.082979 ], [ 127.960875, 36.070339 ], [ 127.936295, 36.051079 ], [ 127.930178, 36.049439 ], [ 127.91634, 36.054465 ], [ 127.905302, 36.045958 ], [ 127.902694, 36.039104 ], [ 127.884837, 36.035889 ], [ 127.883459, 36.028062 ], [ 127.876774, 36.022512 ], [ 127.875697, 36.008945 ], [ 127.878642, 36.002496 ], [ 127.875487, 35.996978 ], [ 127.893218, 35.986784 ], [ 127.889605, 35.979661 ], [ 127.896346, 35.977661 ], [ 127.902274, 35.956905 ], [ 127.911367, 35.949182 ], [ 127.908364, 35.941338 ], [ 127.882237, 35.928884 ], [ 127.882401, 35.919474 ], [ 127.888157, 35.914817 ], [ 127.885059, 35.909606 ], [ 127.882192, 35.903186 ], [ 127.884783, 35.893107 ], [ 127.893521, 35.886799 ], [ 127.920222, 35.893219 ], [ 127.918516, 35.890381 ], [ 127.922874, 35.882581 ], [ 127.93022, 35.878629 ], [ 127.928793, 35.870347 ], [ 127.933221, 35.864398 ], [ 127.931336, 35.858987 ], [ 127.925783, 35.855623 ], [ 127.94224, 35.854542 ], [ 127.951183, 35.861645 ], [ 127.959632, 35.860304 ], [ 127.962548, 35.855371 ], [ 127.97398, 35.852068 ], [ 127.981749, 35.858735 ], [ 127.996994, 35.837052 ], [ 128.011216, 35.829079 ], [ 128.029782, 35.835649 ], [ 128.051654, 35.829883 ], [ 128.054867, 35.834362 ], [ 128.060894, 35.834347 ], [ 128.069786, 35.841202 ], [ 128.0844, 35.837004 ], [ 128.090751, 35.83063 ], [ 128.096521, 35.832212 ], [ 128.110922, 35.823882 ], [ 128.119372, 35.824899 ], [ 128.123088, 35.822405 ], [ 128.121903, 35.803493 ], [ 128.12872, 35.794289 ], [ 128.12863, 35.789342 ], [ 128.137526, 35.78426 ], [ 128.15437, 35.786448 ], [ 128.159035, 35.783672 ], [ 128.158944, 35.780072 ], [ 128.16371, 35.777192 ], [ 128.163261, 35.762921 ], [ 128.189279, 35.75176 ], [ 128.201248, 35.723159 ], [ 128.200156, 35.707149 ], [ 128.204634, 35.697051 ], [ 128.204818, 35.683923 ], [ 128.192731, 35.682276 ], [ 128.191311, 35.678777 ], [ 128.184138, 35.680047 ], [ 128.179165, 35.672953 ], [ 128.163919, 35.673461 ], [ 128.159867, 35.666152 ], [ 128.161498, 35.653787 ], [ 128.185955, 35.657538 ], [ 128.19887, 35.649154 ], [ 128.201231, 35.643722 ], [ 128.229732, 35.639459 ], [ 128.235962, 35.640676 ], [ 128.236361, 35.651083 ], [ 128.242213, 35.655246 ], [ 128.258644, 35.647797 ], [ 128.262344, 35.642737 ], [ 128.276794, 35.646969 ], [ 128.279473, 35.652309 ], [ 128.296254, 35.650729 ], [ 128.297279, 35.656323 ], [ 128.30599, 35.655476 ], [ 128.324042, 35.646612 ], [ 128.329542, 35.648531 ], [ 128.337821, 35.64481 ], [ 128.348748, 35.646471 ], [ 128.352138, 35.644583 ], [ 128.361931, 35.628931 ], [ 128.364634, 35.613357 ], [ 128.371748, 35.610881 ] ], [ [ 129.432479, 36.101138 ], [ 129.430677, 36.100806 ], [ 129.431287, 36.109812 ], [ 129.432672, 36.109601 ], [ 129.432479, 36.101138 ] ] ], [ [ [ 129.46391, 36.089214 ], [ 129.464199, 36.098206 ], [ 129.439723, 36.118247 ], [ 129.463697, 36.098279 ], [ 129.46391, 36.089214 ] ] ], [ [ [ 130.909675, 37.547296 ], [ 130.902549, 37.549382 ], [ 130.892032, 37.541092 ], [ 130.874097, 37.543195 ], [ 130.867398, 37.536667 ], [ 130.84304, 37.534935 ], [ 130.8311, 37.528609 ], [ 130.828479, 37.530472 ], [ 130.829971, 37.526913 ], [ 130.822549, 37.527412 ], [ 130.82784, 37.529432 ], [ 130.824208, 37.529649 ], [ 130.801985, 37.518534 ], [ 130.795616, 37.519099 ], [ 130.795846, 37.523424 ], [ 130.793429, 37.522432 ], [ 130.793633, 37.513065 ], [ 130.804687, 37.502901 ], [ 130.801166, 37.488926 ], [ 130.810732, 37.474007 ], [ 130.828731, 37.470889 ], [ 130.841202, 37.462788 ], [ 130.850089, 37.463937 ], [ 130.857532, 37.459115 ], [ 130.86716, 37.459377 ], [ 130.874507, 37.453263 ], [ 130.875503, 37.458126 ], [ 130.882759, 37.460878 ], [ 130.876152, 37.459476 ], [ 130.880096, 37.460688 ], [ 130.877303, 37.46349 ], [ 130.883878, 37.470275 ], [ 130.896216, 37.475871 ], [ 130.901846, 37.47448 ], [ 130.908478, 37.478486 ], [ 130.908844, 37.482152 ], [ 130.919621, 37.4849 ], [ 130.919486, 37.487666 ], [ 130.913617, 37.487209 ], [ 130.913643, 37.496702 ], [ 130.913013, 37.495022 ], [ 130.913555, 37.491577 ], [ 130.910241, 37.493346 ], [ 130.912976, 37.499722 ], [ 130.914354, 37.497655 ], [ 130.917146, 37.515559 ], [ 130.906358, 37.527697 ], [ 130.911997, 37.538037 ], [ 130.920115, 37.540646 ], [ 130.910299, 37.541891 ], [ 130.909675, 37.547296 ] ] ], [ [ [ 130.936343, 37.528059 ], [ 130.938681, 37.526219 ], [ 130.941326, 37.531446 ], [ 130.93655, 37.536105 ], [ 130.934761, 37.532867 ], [ 130.936343, 37.528059 ] ] ], [ [ [ 130.919102, 37.542904 ], [ 130.922059, 37.541767 ], [ 130.923294, 37.545659 ], [ 130.918238, 37.544273 ], [ 130.919102, 37.542904 ] ] ], [ [ [ 131.865367, 37.244094 ], [ 131.862531, 37.242766 ], [ 131.865001, 37.239933 ], [ 131.866873, 37.241027 ], [ 131.865367, 37.244094 ] ] ], [ [ [ 131.870143, 37.240758 ], [ 131.870336, 37.24192 ], [ 131.867229, 37.238847 ], [ 131.870242, 37.238113 ], [ 131.870143, 37.240758 ] ] ] ] } },
{ "type": "Feature", "properties": { "province_code": "48", "name_en": "South Gyeongsang Province", "name_ko": "경상남도" }, "geometry": { "type": "MultiPolygon", "coordinates": [ [ [ [ 128.818527, 35.083317 ], [ 128.818449, 35.08338 ], [ 128.821538, 35.085846 ], [ 128.826432, 35.086214 ], [ 128.828656, 35.089933 ], [ 128.823272, 35.094237 ], [ 128.818435, 35.090189 ], [ 128.808205, 35.089316 ], [ 128.80448, 35.089958 ], [ 128.802887, 35.089785 ], [ 128.802818, 35.08985 ], [ 128.80251, 35.089792 ], [ 128.802466, 35.089817 ], [ 128.821128, 35.092717 ], [ 128.820475, 35.096615 ], [ 128.821827, 35.097391 ], [ 128.821544, 35.097622 ], [ 128.823468, 35.101877 ], [ 128.823638, 35.101979 ], [ 128.824044, 35.102086 ], [ 128.834797, 35.101802 ], [ 128.8417, 35.10599 ], [ 128.842962, 35.113158 ], [ 128.83593, 35.119003 ], [ 128.837757, 35.123985 ], [ 128.832975, 35.129941 ], [ 128.82727, 35.12816 ], [ 128.815357, 35.132635 ], [ 128.806686, 35.142504 ], [ 128.802133, 35.141902 ], [ 128.79452, 35.158538 ], [ 128.815966, 35.160162 ], [ 128.827527, 35.155589 ], [ 128.836005, 35.159138 ], [ 128.842933, 35.157989 ], [ 128.846289, 35.164688 ], [ 128.867386, 35.167715 ], [ 128.872949, 35.162532 ], [ 128.865182, 35.158186 ], [ 128.871663, 35.150465 ], [ 128.876657, 35.151279 ], [ 128.87417, 35.158589 ], [ 128.881142, 35.159126 ], [ 128.881931, 35.161716 ], [ 128.872354, 35.172274 ], [ 128.873479, 35.174138 ], [ 128.880851, 35.17145 ], [ 128.881681, 35.182204 ], [ 128.870355, 35.201559 ], [ 128.878988, 35.209995 ], [ 128.886401, 35.214478 ], [ 128.909694, 35.215461 ], [ 128.905018, 35.220073 ], [ 128.909482, 35.223058 ], [ 128.920128, 35.216423 ], [ 128.943998, 35.228325 ], [ 128.948535, 35.225242 ], [ 128.956696, 35.225252 ], [ 128.976313, 35.22777 ], [ 128.994292, 35.234041 ], [ 129.011664, 35.263402 ], [ 129.013483, 35.273758 ], [ 129.029535, 35.276887 ], [ 129.047499, 35.274214 ], [ 129.058362, 35.294835 ], [ 129.070554, 35.294522 ], [ 129.074266, 35.290762 ], [ 129.088353, 35.302615 ], [ 129.110588, 35.306706 ], [ 129.113663, 35.320223 ], [ 129.125756, 35.332064 ], [ 129.123994, 35.337861 ], [ 129.127141, 35.345402 ], [ 129.134587, 35.351451 ], [ 129.133231, 35.356356 ], [ 129.118176, 35.369035 ], [ 129.150122, 35.363934 ], [ 129.168598, 35.353797 ], [ 129.178154, 35.351765 ], [ 129.198762, 35.366496 ], [ 129.199182, 35.375978 ], [ 129.193595, 35.382089 ], [ 129.199368, 35.389037 ], [ 129.20117, 35.387782 ], [ 129.219072, 35.407684 ], [ 129.211457, 35.419063 ], [ 129.200157, 35.424148 ], [ 129.202112, 35.432074 ], [ 129.198009, 35.437339 ], [ 129.178438, 35.431835 ], [ 129.176948, 35.433822 ], [ 129.167609, 35.431798 ], [ 129.143152, 35.445654 ], [ 129.121766, 35.463443 ], [ 129.117398, 35.475887 ], [ 129.108322, 35.481074 ], [ 129.105268, 35.496465 ], [ 129.090619, 35.498305 ], [ 129.052637, 35.514448 ], [ 129.051056, 35.51984 ], [ 129.056569, 35.52711 ], [ 129.055823, 35.532268 ], [ 129.012955, 35.523141 ], [ 129.009032, 35.523992 ], [ 129.007597, 35.529109 ], [ 128.994586, 35.528131 ], [ 128.998834, 35.538542 ], [ 128.996994, 35.544972 ], [ 128.989348, 35.551605 ], [ 128.980922, 35.546373 ], [ 128.97119, 35.5603 ], [ 128.99408, 35.566997 ], [ 129.007931, 35.580192 ], [ 129.019196, 35.584264 ], [ 129.024623, 35.599916 ], [ 129.023018, 35.613439 ], [ 129.008501, 35.615937 ], [ 129.00274, 35.620258 ], [ 128.982642, 35.608705 ], [ 128.960877, 35.615581 ], [ 128.961261, 35.620562 ], [ 128.941145, 35.635073 ], [ 128.915054, 35.640619 ], [ 128.888773, 35.628857 ], [ 128.881461, 35.635478 ], [ 128.875379, 35.63233 ], [ 128.873876, 35.621636 ], [ 128.86479, 35.609047 ], [ 128.845696, 35.589619 ], [ 128.842639, 35.588994 ], [ 128.833648, 35.597354 ], [ 128.823763, 35.596118 ], [ 128.809564, 35.588984 ], [ 128.802645, 35.589147 ], [ 128.795014, 35.573343 ], [ 128.785529, 35.566888 ], [ 128.768466, 35.570844 ], [ 128.766346, 35.568241 ], [ 128.757179, 35.567706 ], [ 128.737418, 35.577154 ], [ 128.727679, 35.57751 ], [ 128.724009, 35.58156 ], [ 128.714958, 35.577597 ], [ 128.703308, 35.57801 ], [ 128.69494, 35.583418 ], [ 128.68924, 35.594456 ], [ 128.674243, 35.5961 ], [ 128.664419, 35.593753 ], [ 128.656321, 35.597875 ], [ 128.644091, 35.593053 ], [ 128.636532, 35.584698 ], [ 128.630747, 35.58742 ], [ 128.614704, 35.581656 ], [ 128.599969, 35.580423 ], [ 128.572957, 35.593216 ], [ 128.569407, 35.603965 ], [ 128.56081, 35.603235 ], [ 128.556105, 35.616848 ], [ 128.551245, 35.616554 ], [ 128.536897, 35.623828 ], [ 128.534768, 35.643702 ], [ 128.537434, 35.659761 ], [ 128.530785, 35.662736 ], [ 128.526808, 35.673504 ], [ 128.529851, 35.683015 ], [ 128.507551, 35.672858 ], [ 128.508927, 35.661844 ], [ 128.505692, 35.654921 ], [ 128.510711, 35.645693 ], [ 128.50571, 35.639272 ], [ 128.482709, 35.634991 ], [ 128.478494, 35.640528 ], [ 128.470691, 35.636615 ], [ 128.461111, 35.640657 ], [ 128.453348, 35.636903 ], [ 128.446476, 35.638414 ], [ 128.43098, 35.621639 ], [ 128.422737, 35.625124 ], [ 128.410156, 35.615097 ], [ 128.406498, 35.614191 ], [ 128.402925, 35.617305 ], [ 128.402924, 35.61521 ], [ 128.384407, 35.609909 ], [ 128.382399, 35.60654 ], [ 128.380234, 35.609247 ], [ 128.378125, 35.606843 ], [ 128.372739, 35.608449 ], [ 128.371748, 35.610881 ], [ 128.364634, 35.613357 ], [ 128.361931, 35.628931 ], [ 128.352138, 35.644583 ], [ 128.348748, 35.646471 ], [ 128.337821, 35.64481 ], [ 128.329542, 35.648531 ], [ 128.324042, 35.646612 ], [ 128.30599, 35.655476 ], [ 128.297279, 35.656323 ], [ 128.296254, 35.650729 ], [ 128.279473, 35.652309 ], [ 128.276794, 35.646969 ], [ 128.262344, 35.642737 ], [ 128.258644, 35.647797 ], [ 128.242213, 35.655246 ], [ 128.236361, 35.651083 ], [ 128.235962, 35.640676 ], [ 128.229732, 35.639459 ], [ 128.201231, 35.643722 ], [ 128.19887, 35.649154 ], [ 128.185955, 35.657538 ], [ 128.161498, 35.653787 ], [ 128.159867, 35.666152 ], [ 128.163919, 35.673461 ], [ 128.179165, 35.672953 ], [ 128.184138, 35.680047 ], [ 128.191311, 35.678777 ], [ 128.192731, 35.682276 ], [ 128.204818, 35.683923 ], [ 128.204634, 35.697051 ], [ 128.200156, 35.707149 ], [ 128.201248, 35.723159 ], [ 128.189279, 35.75176 ], [ 128.163261, 35.762921 ], [ 128.16371, 35.777192 ], [ 128.158944, 35.780072 ], [ 128.159035, 35.783672 ], [ 128.15437, 35.786448 ], [ 128.137526, 35.78426 ], [ 128.12863, 35.789342 ], [ 128.12872, 35.794289 ], [ 128.121903, 35.803493 ], [ 128.123088, 35.822405 ], [ 128.119372, 35.824899 ], [ 128.110922, 35.823882 ], [ 128.096521, 35.832212 ], [ 128.090751, 35.83063 ], [ 128.0844, 35.837004 ], [ 128.069786, 35.841202 ], [ 128.060894, 35.834347 ], [ 128.054867, 35.834362 ], [ 128.051654, 35.829883 ], [ 128.029782, 35.835649 ], [ 128.011216, 35.829079 ], [ 127.996994, 35.837052 ], [ 127.981749, 35.858735 ], [ 127.97398, 35.852068 ], [ 127.962548, 35.855371 ], [ 127.959632, 35.860304 ], [ 127.951183, 35.861645 ], [ 127.94224, 35.854542 ], [ 127.925783, 35.855623 ], [ 127.931336, 35.858987 ], [ 127.933221, 35.864398 ], [ 127.928793, 35.870347 ], [ 127.93022, 35.878629 ], [ 127.922874, 35.882581 ], [ 127.918516, 35.890381 ], [ 127.920222, 35.893219 ], [ 127.893521, 35.886799 ], [ 127.884783, 35.893107 ], [ 127.882192, 35.903186 ], [ 127.885059, 35.909606 ], [ 127.879511, 35.90985 ], [ 127.869271, 35.90401 ], [ 127.85954, 35.906491 ], [ 127.858275, 35.897017 ], [ 127.850533, 35.890281 ], [ 127.853675, 35.881343 ], [ 127.844333, 35.875128 ], [ 127.841751, 35.866247 ], [ 127.826562, 35.868347 ], [ 127.813923, 35.853617 ], [ 127.804356, 35.858689 ], [ 127.783754, 35.850835 ], [ 127.76885, 35.838313 ], [ 127.757762, 35.836764 ], [ 127.744453, 35.844423 ], [ 127.738046, 35.835186 ], [ 127.73859, 35.827079 ], [ 127.729653, 35.813004 ], [ 127.724573, 35.8125 ], [ 127.718908, 35.796855 ], [ 127.700277, 35.789126 ], [ 127.684811, 35.777679 ], [ 127.679436, 35.768499 ], [ 127.669513, 35.771374 ], [ 127.665821, 35.768834 ], [ 127.662288, 35.76083 ], [ 127.660987, 35.709856 ], [ 127.645002, 35.698596 ], [ 127.639515, 35.686299 ], [ 127.640214, 35.67216 ], [ 127.628945, 35.664024 ], [ 127.629481, 35.65664 ], [ 127.620098, 35.646139 ], [ 127.625674, 35.629135 ], [ 127.635335, 35.618484 ], [ 127.621397, 35.615118 ], [ 127.613017, 35.608248 ], [ 127.612914, 35.598843 ], [ 127.607456, 35.594913 ], [ 127.611194, 35.583893 ], [ 127.596075, 35.573687 ], [ 127.584861, 35.553906 ], [ 127.59071, 35.554044 ], [ 127.594124, 35.547986 ], [ 127.606531, 35.542856 ], [ 127.612724, 35.535644 ], [ 127.619152, 35.536601 ], [ 127.624728, 35.533688 ], [ 127.628694, 35.535985 ], [ 127.625214, 35.525774 ], [ 127.634423, 35.520214 ], [ 127.63428, 35.512044 ], [ 127.644313, 35.499018 ], [ 127.650388, 35.4979 ], [ 127.653107, 35.486869 ], [ 127.636609, 35.478208 ], [ 127.636688, 35.459352 ], [ 127.645187, 35.449127 ], [ 127.653389, 35.451584 ], [ 127.661157, 35.447544 ], [ 127.670446, 35.448724 ], [ 127.67407, 35.44572 ], [ 127.665177, 35.435649 ], [ 127.665775, 35.427426 ], [ 127.660474, 35.414434 ], [ 127.646447, 35.402664 ], [ 127.636916, 35.401039 ], [ 127.625287, 35.384702 ], [ 127.625654, 35.376911 ], [ 127.610197, 35.365918 ], [ 127.612237, 35.35585 ], [ 127.623331, 35.342166 ], [ 127.620739, 35.332491 ], [ 127.615136, 35.330729 ], [ 127.607685, 35.325044 ], [ 127.604781, 35.318375 ], [ 127.594294, 35.31243 ], [ 127.577481, 35.308901 ], [ 127.577368, 35.295157 ], [ 127.584072, 35.291105 ], [ 127.595697, 35.268133 ], [ 127.610158, 35.262046 ], [ 127.61525, 35.25039 ], [ 127.61282, 35.241617 ], [ 127.619287, 35.235603 ], [ 127.621142, 35.224647 ], [ 127.620728, 35.212657 ], [ 127.616884, 35.206907 ], [ 127.621489, 35.191788 ], [ 127.618144, 35.190898 ], [ 127.648372, 35.160392 ], [ 127.659336, 35.158965 ], [ 127.688684, 35.135171 ], [ 127.694629, 35.124998 ], [ 127.697263, 35.101778 ], [ 127.716121, 35.083471 ], [ 127.736355, 35.0736 ], [ 127.743261, 35.060956 ], [ 127.765322, 35.053628 ], [ 127.771625, 35.033722 ], [ 127.78552, 35.019839 ], [ 127.786823, 35.010214 ], [ 127.780342, 34.989731 ], [ 127.764031, 34.976715 ], [ 127.759392, 34.966776 ], [ 127.765557, 34.966324 ], [ 127.765478, 34.972092 ], [ 127.772543, 34.963362 ], [ 127.773319, 34.954985 ], [ 127.780999, 34.949572 ], [ 127.786013, 34.940279 ], [ 127.787243, 34.943466 ], [ 127.790535, 34.939853 ], [ 127.80765, 34.944545 ], [ 127.807737, 34.941958 ], [ 127.809641, 34.939559 ], [ 127.815508, 34.939867 ], [ 127.818666, 34.942502 ], [ 127.819288, 34.943423 ], [ 127.815098, 34.948967 ], [ 127.818596, 34.949223 ], [ 127.82123, 34.944756 ], [ 127.828871, 34.948079 ], [ 127.822527, 34.954615 ], [ 127.829018, 34.95074 ], [ 127.834802, 34.949446 ], [ 127.838642, 34.950168 ], [ 127.839035, 34.950921 ], [ 127.838618, 34.956081 ], [ 127.840482, 34.963454 ], [ 127.845714, 34.959636 ], [ 127.843208, 34.955817 ], [ 127.845165, 34.949717 ], [ 127.848671, 34.94954 ], [ 127.847116, 34.946881 ], [ 127.854794, 34.948532 ], [ 127.854919, 34.950907 ], [ 127.86575, 34.946228 ], [ 127.88151, 34.949393 ], [ 127.88418, 34.956225 ], [ 127.886578, 34.952032 ], [ 127.894152, 34.958221 ], [ 127.895573, 34.95521 ], [ 127.897368, 34.956651 ], [ 127.895118, 34.962285 ], [ 127.900156, 34.963853 ], [ 127.897398, 34.967285 ], [ 127.901369, 34.972142 ], [ 127.904103, 34.970737 ], [ 127.908877, 34.974396 ], [ 127.911201, 34.97138 ], [ 127.910978, 34.979848 ], [ 127.907173, 34.982709 ], [ 127.911308, 34.984807 ], [ 127.909005, 34.988644 ], [ 127.916856, 34.981462 ], [ 127.917066, 34.988694 ], [ 127.922298, 34.988741 ], [ 127.91426, 34.992691 ], [ 127.919458, 34.99359 ], [ 127.916413, 34.996913 ], [ 127.922302, 35.007056 ], [ 127.913451, 35.01117 ], [ 127.913131, 35.017797 ], [ 127.906127, 35.023034 ], [ 127.91005, 35.02711 ], [ 127.9084, 35.024336 ], [ 127.91361, 35.018083 ], [ 127.916759, 35.011462 ], [ 127.922744, 35.014615 ], [ 127.929638, 35.013497 ], [ 127.932758, 35.006485 ], [ 127.941925, 35.001498 ], [ 127.935022, 34.997995 ], [ 127.944791, 34.999384 ], [ 127.937946, 34.99695 ], [ 127.939988, 34.992406 ], [ 127.936158, 34.992833 ], [ 127.935218, 34.99636 ], [ 127.932406, 34.992652 ], [ 127.934095, 34.98616 ], [ 127.938356, 34.989881 ], [ 127.944502, 34.984078 ], [ 127.940144, 34.982278 ], [ 127.93719, 34.98441 ], [ 127.934891, 34.981555 ], [ 127.952944, 34.975569 ], [ 127.953074, 34.975982 ], [ 127.951937, 34.977583 ], [ 127.948206, 34.978494 ], [ 127.952131, 34.981468 ], [ 127.947044, 34.983578 ], [ 127.953059, 34.98682 ], [ 127.957729, 34.984234 ], [ 127.964134, 34.995023 ], [ 127.967424, 34.991715 ], [ 127.967736, 34.991786 ], [ 127.968424, 34.992712 ], [ 127.968027, 34.99366 ], [ 127.972239, 34.994107 ], [ 127.973843, 34.984994 ], [ 127.97668, 34.986733 ], [ 127.982693, 34.975855 ], [ 127.985088, 34.979254 ], [ 127.986669, 34.979219 ], [ 127.988192, 34.976822 ], [ 127.991753, 34.982261 ], [ 127.988525, 34.988773 ], [ 127.995214, 34.984474 ], [ 127.995852, 34.987961 ], [ 127.993189, 34.991486 ], [ 127.997773, 34.996134 ], [ 128.002314, 34.98926 ], [ 127.999854, 34.983611 ], [ 128.005349, 34.988301 ], [ 128.003681, 34.983212 ], [ 128.007949, 34.982429 ], [ 128.012682, 34.98641 ], [ 128.007446, 34.989849 ], [ 128.007449, 34.995992 ], [ 128.01205, 34.994487 ], [ 128.01368, 34.99023 ], [ 128.015484, 34.9939 ], [ 128.016162, 34.99712 ], [ 128.015321, 34.998133 ], [ 128.018906, 35.001405 ], [ 128.014725, 35.00177 ], [ 128.019844, 35.004652 ], [ 128.016032, 35.007424 ], [ 128.018219, 35.010097 ], [ 128.0075, 35.012879 ], [ 128.006697, 35.0168 ], [ 128.007632, 35.017778 ], [ 128.009907, 35.016351 ], [ 128.005776, 35.024744 ], [ 128.006468, 35.024573 ], [ 128.007764, 35.023405 ], [ 128.005896, 35.025317 ], [ 128.003161, 35.025054 ], [ 127.997955, 35.031146 ], [ 127.994304, 35.031988 ], [ 127.997884, 35.034652 ], [ 127.995997, 35.037596 ], [ 127.987807, 35.039136 ], [ 127.989237, 35.033664 ], [ 127.976869, 35.031406 ], [ 127.973081, 35.03623 ], [ 127.973551, 35.039039 ], [ 127.974587, 35.035743 ], [ 127.979983, 35.034686 ], [ 127.985866, 35.046711 ], [ 127.994701, 35.04672 ], [ 128.003201, 35.042164 ], [ 128.0042, 35.044658 ], [ 128.008384, 35.038541 ], [ 128.014015, 35.039607 ], [ 128.008485, 35.047433 ], [ 128.009808, 35.050062 ], [ 128.019716, 35.040921 ], [ 128.005919, 35.033578 ], [ 128.01447, 35.028692 ], [ 128.020636, 35.028771 ], [ 128.025809, 35.034413 ], [ 128.02793, 35.048716 ], [ 128.030911, 35.049405 ], [ 128.026244, 35.050969 ], [ 128.024818, 35.056003 ], [ 128.034535, 35.062552 ], [ 128.032517, 35.069575 ], [ 128.040907, 35.071807 ], [ 128.040168, 35.075707 ], [ 128.034551, 35.077424 ], [ 128.039871, 35.079188 ], [ 128.046017, 35.075421 ], [ 128.052273, 35.07968 ], [ 128.058402, 35.091001 ], [ 128.054223, 35.081778 ], [ 128.05726, 35.078776 ], [ 128.062467, 35.079109 ], [ 128.044577, 35.066545 ], [ 128.038436, 35.052507 ], [ 128.038836, 35.04821 ], [ 128.042845, 35.047106 ], [ 128.038861, 35.041602 ], [ 128.042339, 35.032263 ], [ 128.034885, 35.023053 ], [ 128.037452, 35.01855 ], [ 128.04491, 35.02462 ], [ 128.050996, 35.016104 ], [ 128.037935, 35.001382 ], [ 128.038774, 34.989513 ], [ 128.043416, 34.988088 ], [ 128.044921, 34.980047 ], [ 128.052559, 34.976953 ], [ 128.050132, 34.969144 ], [ 128.047342, 34.9704 ], [ 128.046844, 34.966894 ], [ 128.033351, 34.957602 ], [ 128.030104, 34.958393 ], [ 128.039466, 34.946379 ], [ 128.039621, 34.940003 ], [ 128.057379, 34.927376 ], [ 128.056225, 34.92923 ], [ 128.056663, 34.929307 ], [ 128.058134, 34.929019 ], [ 128.057638, 34.927802 ], [ 128.062795, 34.92803 ], [ 128.065075, 34.926262 ], [ 128.072031, 34.927372 ], [ 128.071898, 34.924053 ], [ 128.067112, 34.923164 ], [ 128.074048, 34.922814 ], [ 128.077361, 34.927756 ], [ 128.077327, 34.924162 ], [ 128.079576, 34.928479 ], [ 128.087992, 34.926185 ], [ 128.083241, 34.917078 ], [ 128.089127, 34.919072 ], [ 128.096406, 34.926941 ], [ 128.097746, 34.920745 ], [ 128.102245, 34.926011 ], [ 128.10605, 34.922378 ], [ 128.110878, 34.924311 ], [ 128.12159, 34.922852 ], [ 128.116832, 34.920716 ], [ 128.112163, 34.922964 ], [ 128.108399, 34.921295 ], [ 128.109925, 34.916399 ], [ 128.101312, 34.914678 ], [ 128.111508, 34.902357 ], [ 128.102432, 34.900298 ], [ 128.102474, 34.900177 ], [ 128.112547, 34.9025 ], [ 128.11493, 34.910212 ], [ 128.118495, 34.910199 ], [ 128.120939, 34.907291 ], [ 128.117842, 34.90472 ], [ 128.122841, 34.904854 ], [ 128.132913, 34.888443 ], [ 128.137885, 34.89423 ], [ 128.140784, 34.893849 ], [ 128.13869, 34.897458 ], [ 128.141787, 34.903809 ], [ 128.149721, 34.899094 ], [ 128.148123, 34.902302 ], [ 128.145397, 34.904198 ], [ 128.14574, 34.905276 ], [ 128.15121, 34.904399 ], [ 128.156668, 34.909631 ], [ 128.166182, 34.897373 ], [ 128.165903, 34.903445 ], [ 128.1699, 34.90092 ], [ 128.166753, 34.899797 ], [ 128.169567, 34.896818 ], [ 128.176541, 34.895708 ], [ 128.174837, 34.902458 ], [ 128.171138, 34.903789 ], [ 128.177838, 34.907414 ], [ 128.179333, 34.906722 ], [ 128.178381, 34.898847 ], [ 128.183894, 34.894776 ], [ 128.183111, 34.9009 ], [ 128.186426, 34.901713 ], [ 128.184012, 34.905785 ], [ 128.188082, 34.906462 ], [ 128.187824, 34.900271 ], [ 128.190552, 34.899872 ], [ 128.18669, 34.898836 ], [ 128.187988, 34.893701 ], [ 128.199769, 34.893492 ], [ 128.203245, 34.895069 ], [ 128.203107, 34.899658 ], [ 128.19599, 34.911932 ], [ 128.204607, 34.92508 ], [ 128.196165, 34.935621 ], [ 128.200375, 34.939855 ], [ 128.207565, 34.941043 ], [ 128.208764, 34.936134 ], [ 128.210685, 34.942043 ], [ 128.21772, 34.939117 ], [ 128.222917, 34.946661 ], [ 128.22716, 34.94097 ], [ 128.235512, 34.942333 ], [ 128.23759, 34.940194 ], [ 128.238843, 34.943799 ], [ 128.24663, 34.943599 ], [ 128.243574, 34.940197 ], [ 128.244964, 34.936062 ], [ 128.248843, 34.937481 ], [ 128.249523, 34.943673 ], [ 128.252146, 34.942129 ], [ 128.256534, 34.936748 ], [ 128.258869, 34.940867 ], [ 128.263254, 34.937514 ], [ 128.267904, 34.940688 ], [ 128.271593, 34.935128 ], [ 128.266542, 34.933572 ], [ 128.268532, 34.92997 ], [ 128.261331, 34.92713 ], [ 128.257158, 34.930135 ], [ 128.267817, 34.918888 ], [ 128.266194, 34.912264 ], [ 128.271876, 34.914568 ], [ 128.270599, 34.911946 ], [ 128.276171, 34.909878 ], [ 128.275759, 34.904613 ], [ 128.271307, 34.904326 ], [ 128.272748, 34.899894 ], [ 128.27404, 34.903478 ], [ 128.282747, 34.904678 ], [ 128.279894, 34.908305 ], [ 128.281109, 34.916125 ], [ 128.288619, 34.910027 ], [ 128.294816, 34.91114 ], [ 128.295226, 34.91439 ], [ 128.300771, 34.913486 ], [ 128.298194, 34.916901 ], [ 128.304731, 34.919384 ], [ 128.29823, 34.923616 ], [ 128.302436, 34.923493 ], [ 128.301868, 34.926771 ], [ 128.298283, 34.927016 ], [ 128.301316, 34.929474 ], [ 128.299223, 34.936445 ], [ 128.306563, 34.93627 ], [ 128.307188, 34.941562 ], [ 128.310292, 34.942719 ], [ 128.309663, 34.93978 ], [ 128.314023, 34.938906 ], [ 128.313848, 34.942946 ], [ 128.320315, 34.944597 ], [ 128.315796, 34.9505 ], [ 128.318973, 34.954499 ], [ 128.314918, 34.957966 ], [ 128.32048, 34.963065 ], [ 128.321555, 34.956419 ], [ 128.321681, 34.956425 ], [ 128.322651, 34.95716 ], [ 128.323578, 34.958256 ], [ 128.330433, 34.954898 ], [ 128.332578, 34.956879 ], [ 128.329915, 34.947409 ], [ 128.335041, 34.944223 ], [ 128.340553, 34.94833 ], [ 128.341764, 34.94012 ], [ 128.335412, 34.936065 ], [ 128.33743, 34.935594 ], [ 128.344237, 34.939965 ], [ 128.345675, 34.93692 ], [ 128.346748, 34.932846 ], [ 128.343, 34.930129 ], [ 128.345549, 34.929119 ], [ 128.340931, 34.923814 ], [ 128.337683, 34.926631 ], [ 128.335328, 34.920998 ], [ 128.338538, 34.923501 ], [ 128.341349, 34.922189 ], [ 128.343653, 34.925827 ], [ 128.344306, 34.923414 ], [ 128.350659, 34.923685 ], [ 128.351474, 34.922209 ], [ 128.346103, 34.921497 ], [ 128.35456, 34.919392 ], [ 128.350941, 34.916001 ], [ 128.355901, 34.90901 ], [ 128.346057, 34.904412 ], [ 128.338608, 34.908517 ], [ 128.323188, 34.906646 ], [ 128.318871, 34.909567 ], [ 128.30858, 34.908728 ], [ 128.297727, 34.900673 ], [ 128.308925, 34.894111 ], [ 128.312723, 34.88824 ], [ 128.309273, 34.885266 ], [ 128.314044, 34.88568 ], [ 128.31751, 34.880128 ], [ 128.326032, 34.886812 ], [ 128.329879, 34.885244 ], [ 128.325655, 34.882929 ], [ 128.328505, 34.875613 ], [ 128.331251, 34.879375 ], [ 128.336775, 34.877762 ], [ 128.332102, 34.881144 ], [ 128.333684, 34.882902 ], [ 128.340647, 34.882311 ], [ 128.341821, 34.874404 ], [ 128.348443, 34.873337 ], [ 128.349117, 34.887551 ], [ 128.352946, 34.879156 ], [ 128.357468, 34.88183 ], [ 128.35615, 34.871096 ], [ 128.363105, 34.869977 ], [ 128.367985, 34.872669 ], [ 128.374064, 34.869448 ], [ 128.375475, 34.87285 ], [ 128.37153, 34.875567 ], [ 128.368817, 34.885285 ], [ 128.377612, 34.882418 ], [ 128.379838, 34.885728 ], [ 128.376275, 34.891211 ], [ 128.381046, 34.889578 ], [ 128.3853, 34.881733 ], [ 128.38117, 34.873041 ], [ 128.388147, 34.876301 ], [ 128.391015, 34.873529 ], [ 128.384956, 34.871304 ], [ 128.386784, 34.867254 ], [ 128.405331, 34.865592 ], [ 128.405238, 34.867978 ], [ 128.412506, 34.864537 ], [ 128.414989, 34.867701 ], [ 128.419429, 34.865583 ], [ 128.419809, 34.86045 ], [ 128.415041, 34.861418 ], [ 128.413589, 34.857925 ], [ 128.401233, 34.862463 ], [ 128.396988, 34.858232 ], [ 128.397218, 34.862739 ], [ 128.388758, 34.862936 ], [ 128.387678, 34.859423 ], [ 128.384437, 34.860998 ], [ 128.384494, 34.854977 ], [ 128.38423, 34.855039 ], [ 128.383462, 34.855613 ], [ 128.38426, 34.856158 ], [ 128.382833, 34.855826 ], [ 128.38337, 34.856817 ], [ 128.377837, 34.851054 ], [ 128.372174, 34.853215 ], [ 128.369578, 34.849964 ], [ 128.377701, 34.845729 ], [ 128.376792, 34.843551 ], [ 128.371725, 34.844003 ], [ 128.377007, 34.840068 ], [ 128.382123, 34.844213 ], [ 128.388311, 34.842634 ], [ 128.388896, 34.838914 ], [ 128.383462, 34.83799 ], [ 128.383454, 34.835508 ], [ 128.385039, 34.833621 ], [ 128.390932, 34.835832 ], [ 128.394927, 34.829204 ], [ 128.398461, 34.835341 ], [ 128.402081, 34.836105 ], [ 128.405044, 34.832698 ], [ 128.417986, 34.839745 ], [ 128.423607, 34.83919 ], [ 128.424573, 34.844478 ], [ 128.430699, 34.837827 ], [ 128.441687, 34.840596 ], [ 128.432719, 34.841128 ], [ 128.433694, 34.844752 ], [ 128.441137, 34.841774 ], [ 128.452096, 34.847378 ], [ 128.450262, 34.8514 ], [ 128.453159, 34.858178 ], [ 128.446577, 34.863935 ], [ 128.44924, 34.868714 ], [ 128.456432, 34.864785 ], [ 128.453793, 34.868004 ], [ 128.456526, 34.869523 ], [ 128.451855, 34.873804 ], [ 128.456374, 34.87273 ], [ 128.454918, 34.881315 ], [ 128.459278, 34.884251 ], [ 128.459658, 34.883511 ], [ 128.459717, 34.883186 ], [ 128.459214, 34.882424 ], [ 128.458475, 34.881999 ], [ 128.460734, 34.879885 ], [ 128.460405, 34.872766 ], [ 128.466289, 34.871126 ], [ 128.467058, 34.881438 ], [ 128.472242, 34.886612 ], [ 128.468438, 34.887518 ], [ 128.475787, 34.889724 ], [ 128.473068, 34.893278 ], [ 128.465515, 34.891996 ], [ 128.464536, 34.899215 ], [ 128.458539, 34.897514 ], [ 128.453925, 34.900552 ], [ 128.460363, 34.904939 ], [ 128.451917, 34.910634 ], [ 128.453224, 34.914452 ], [ 128.443963, 34.914289 ], [ 128.438155, 34.91199 ], [ 128.451444, 34.902297 ], [ 128.44454, 34.900034 ], [ 128.442178, 34.896902 ], [ 128.444471, 34.894997 ], [ 128.439021, 34.892821 ], [ 128.44377, 34.893138 ], [ 128.441141, 34.89099 ], [ 128.446035, 34.888778 ], [ 128.436547, 34.889772 ], [ 128.435563, 34.886018 ], [ 128.432005, 34.887964 ], [ 128.430966, 34.883503 ], [ 128.434549, 34.884371 ], [ 128.432789, 34.877451 ], [ 128.421443, 34.872647 ], [ 128.423405, 34.883654 ], [ 128.417855, 34.892019 ], [ 128.41998, 34.89612 ], [ 128.411392, 34.89683 ], [ 128.419895, 34.896904 ], [ 128.421631, 34.901801 ], [ 128.425398, 34.902579 ], [ 128.4254, 34.904866 ], [ 128.421072, 34.903894 ], [ 128.417713, 34.910531 ], [ 128.425548, 34.916413 ], [ 128.428763, 34.91419 ], [ 128.428297, 34.928263 ], [ 128.435689, 34.931446 ], [ 128.431512, 34.932266 ], [ 128.427794, 34.935577 ], [ 128.428871, 34.938584 ], [ 128.424681, 34.940283 ], [ 128.430885, 34.947225 ], [ 128.419619, 34.954392 ], [ 128.43258, 34.960992 ], [ 128.443622, 34.977652 ], [ 128.441096, 34.983008 ], [ 128.434227, 34.985053 ], [ 128.427409, 34.983339 ], [ 128.426879, 34.98549 ], [ 128.412864, 34.986516 ], [ 128.408176, 34.982441 ], [ 128.40571, 34.987016 ], [ 128.410389, 34.988115 ], [ 128.407278, 34.994014 ], [ 128.414614, 34.996951 ], [ 128.421988, 34.992919 ], [ 128.43806, 34.994813 ], [ 128.455983, 34.990473 ], [ 128.458449, 34.993593 ], [ 128.459399, 34.990566 ], [ 128.466629, 34.988043 ], [ 128.470421, 34.990209 ], [ 128.463671, 34.99818 ], [ 128.478255, 34.993019 ], [ 128.479687, 34.995747 ], [ 128.476133, 34.998429 ], [ 128.484484, 34.999911 ], [ 128.480608, 35.003945 ], [ 128.484015, 35.005825 ], [ 128.484414, 35.011886 ], [ 128.48512, 35.0125 ], [ 128.487342, 35.011694 ], [ 128.491825, 35.005378 ], [ 128.495163, 35.012067 ], [ 128.501494, 35.014823 ], [ 128.499229, 35.021725 ], [ 128.485676, 35.022265 ], [ 128.488332, 35.024725 ], [ 128.48487, 35.029293 ], [ 128.481218, 35.028295 ], [ 128.485938, 35.038085 ], [ 128.481907, 35.036814 ], [ 128.481419, 35.040202 ], [ 128.476475, 35.042142 ], [ 128.473787, 35.034311 ], [ 128.47081, 35.040872 ], [ 128.4588, 35.047071 ], [ 128.461791, 35.050587 ], [ 128.478855, 35.047156 ], [ 128.482082, 35.052536 ], [ 128.474844, 35.054892 ], [ 128.481911, 35.065523 ], [ 128.475131, 35.065232 ], [ 128.476844, 35.069026 ], [ 128.468885, 35.075321 ], [ 128.468688, 35.068262 ], [ 128.460071, 35.062648 ], [ 128.452659, 35.071238 ], [ 128.444521, 35.066065 ], [ 128.442518, 35.060315 ], [ 128.450448, 35.051492 ], [ 128.438581, 35.04923 ], [ 128.438137, 35.045526 ], [ 128.432804, 35.047309 ], [ 128.428257, 35.044661 ], [ 128.421361, 35.045864 ], [ 128.418038, 35.04258 ], [ 128.406354, 35.042519 ], [ 128.389555, 35.034971 ], [ 128.388101, 35.019149 ], [ 128.390887, 35.015739 ], [ 128.382649, 35.018659 ], [ 128.375783, 35.015195 ], [ 128.3684, 35.015588 ], [ 128.365975, 35.021555 ], [ 128.375124, 35.024062 ], [ 128.365256, 35.030968 ], [ 128.368919, 35.030988 ], [ 128.368736, 35.033525 ], [ 128.374453, 35.030053 ], [ 128.382151, 35.036574 ], [ 128.367332, 35.04356 ], [ 128.364251, 35.048791 ], [ 128.371577, 35.044464 ], [ 128.37291, 35.049939 ], [ 128.375769, 35.049932 ], [ 128.381472, 35.048807 ], [ 128.38312, 35.045966 ], [ 128.386058, 35.048323 ], [ 128.383852, 35.050605 ], [ 128.393054, 35.053182 ], [ 128.395216, 35.051268 ], [ 128.416362, 35.063966 ], [ 128.415151, 35.055471 ], [ 128.419152, 35.054881 ], [ 128.420924, 35.057842 ], [ 128.427784, 35.055131 ], [ 128.431992, 35.057587 ], [ 128.42956, 35.059249 ], [ 128.433628, 35.060943 ], [ 128.435315, 35.06684 ], [ 128.438816, 35.066832 ], [ 128.439155, 35.072513 ], [ 128.446164, 35.071774 ], [ 128.452546, 35.074973 ], [ 128.461388, 35.071665 ], [ 128.468311, 35.081644 ], [ 128.472821, 35.076142 ], [ 128.476547, 35.07613 ], [ 128.479058, 35.081635 ], [ 128.465915, 35.085057 ], [ 128.446616, 35.097591 ], [ 128.448439, 35.101514 ], [ 128.452531, 35.103119 ], [ 128.450495, 35.106196 ], [ 128.458267, 35.104119 ], [ 128.458756, 35.106335 ], [ 128.467314, 35.099548 ], [ 128.470843, 35.098377 ], [ 128.475474, 35.099126 ], [ 128.475965, 35.098361 ], [ 128.477629, 35.099672 ], [ 128.477397, 35.098147 ], [ 128.479984, 35.100606 ], [ 128.479684, 35.102377 ], [ 128.480609, 35.098868 ], [ 128.480922, 35.098944 ], [ 128.481764, 35.100036 ], [ 128.482101, 35.100083 ], [ 128.482259, 35.100469 ], [ 128.483103, 35.100149 ], [ 128.484225, 35.101753 ], [ 128.485454, 35.102031 ], [ 128.48394, 35.112813 ], [ 128.486686, 35.111619 ], [ 128.486052, 35.108558 ], [ 128.495993, 35.106799 ], [ 128.495076, 35.102637 ], [ 128.499114, 35.102251 ], [ 128.494931, 35.10121 ], [ 128.495776, 35.101117 ], [ 128.498332, 35.101612 ], [ 128.500069, 35.102923 ], [ 128.505066, 35.098317 ], [ 128.515763, 35.101143 ], [ 128.51778, 35.097967 ], [ 128.520312, 35.105485 ], [ 128.528932, 35.105784 ], [ 128.537701, 35.120692 ], [ 128.541774, 35.117282 ], [ 128.538754, 35.114478 ], [ 128.539506, 35.10817 ], [ 128.544102, 35.110781 ], [ 128.548868, 35.107396 ], [ 128.541432, 35.101475 ], [ 128.548386, 35.100425 ], [ 128.545456, 35.098323 ], [ 128.546427, 35.092989 ], [ 128.550623, 35.096755 ], [ 128.576626, 35.090283 ], [ 128.582896, 35.091383 ], [ 128.585606, 35.086588 ], [ 128.578363, 35.087556 ], [ 128.578219, 35.088207 ], [ 128.569924, 35.08255 ], [ 128.564214, 35.082429 ], [ 128.562911, 35.075754 ], [ 128.566205, 35.070762 ], [ 128.561401, 35.069757 ], [ 128.562823, 35.06711 ], [ 128.568489, 35.067244 ], [ 128.569038, 35.07003 ], [ 128.578201, 35.067256 ], [ 128.580839, 35.0688 ], [ 128.580663, 35.064608 ], [ 128.587669, 35.069774 ], [ 128.585812, 35.072538 ], [ 128.596945, 35.069775 ], [ 128.597264, 35.068293 ], [ 128.593464, 35.068359 ], [ 128.595267, 35.065624 ], [ 128.590937, 35.066971 ], [ 128.591298, 35.063258 ], [ 128.588699, 35.064724 ], [ 128.584536, 35.061011 ], [ 128.578258, 35.060496 ], [ 128.573193, 35.054672 ], [ 128.589757, 35.05754 ], [ 128.601615, 35.056358 ], [ 128.612975, 35.062536 ], [ 128.634244, 35.068233 ], [ 128.635423, 35.071287 ], [ 128.626338, 35.073815 ], [ 128.613899, 35.069315 ], [ 128.607395, 35.07063 ], [ 128.611747, 35.072363 ], [ 128.610586, 35.075478 ], [ 128.605679, 35.072466 ], [ 128.602814, 35.074434 ], [ 128.602638, 35.076393 ], [ 128.60698, 35.077318 ], [ 128.603223, 35.081187 ], [ 128.627292, 35.083779 ], [ 128.621383, 35.090199 ], [ 128.61202, 35.091542 ], [ 128.617338, 35.093902 ], [ 128.601152, 35.102346 ], [ 128.599491, 35.119131 ], [ 128.595551, 35.11774 ], [ 128.590851, 35.120214 ], [ 128.587473, 35.11807 ], [ 128.58579, 35.120334 ], [ 128.599125, 35.124153 ], [ 128.600082, 35.131944 ], [ 128.59408, 35.132583 ], [ 128.58238, 35.127352 ], [ 128.569972, 35.133273 ], [ 128.574987, 35.133168 ], [ 128.575004, 35.137433 ], [ 128.579345, 35.13718 ], [ 128.57902, 35.139596 ], [ 128.586983, 35.130424 ], [ 128.587597, 35.136784 ], [ 128.590062, 35.134475 ], [ 128.5977, 35.141898 ], [ 128.591097, 35.146603 ], [ 128.585192, 35.146443 ], [ 128.591357, 35.152435 ], [ 128.582817, 35.156748 ], [ 128.59078, 35.157919 ], [ 128.582615, 35.163551 ], [ 128.585759, 35.165232 ], [ 128.579738, 35.172737 ], [ 128.570382, 35.174965 ], [ 128.56456, 35.184552 ], [ 128.569258, 35.193791 ], [ 128.572698, 35.193506 ], [ 128.584621, 35.203436 ], [ 128.589495, 35.215046 ], [ 128.587702, 35.22048 ], [ 128.590383, 35.218636 ], [ 128.588766, 35.209737 ], [ 128.609298, 35.213345 ], [ 128.617414, 35.212666 ], [ 128.634466, 35.22112 ], [ 128.627511, 35.21362 ], [ 128.61683, 35.211182 ], [ 128.608886, 35.212041 ], [ 128.589322, 35.199399 ], [ 128.592649, 35.174833 ], [ 128.600817, 35.167995 ], [ 128.598149, 35.16532 ], [ 128.605521, 35.160481 ], [ 128.61123, 35.163771 ], [ 128.608292, 35.152512 ], [ 128.615046, 35.144665 ], [ 128.610365, 35.143635 ], [ 128.60701, 35.137896 ], [ 128.616436, 35.140125 ], [ 128.619314, 35.133075 ], [ 128.620815, 35.132525 ], [ 128.62871, 35.132559 ], [ 128.621374, 35.132893 ], [ 128.618754, 35.135872 ], [ 128.624474, 35.142853 ], [ 128.627577, 35.14208 ], [ 128.624504, 35.14291 ], [ 128.626982, 35.1449 ], [ 128.624887, 35.14727 ], [ 128.629702, 35.148761 ], [ 128.628761, 35.145769 ], [ 128.630874, 35.146626 ], [ 128.630525, 35.148339 ], [ 128.637186, 35.145971 ], [ 128.634721, 35.149527 ], [ 128.647062, 35.150471 ], [ 128.647029, 35.146527 ], [ 128.643222, 35.14794 ], [ 128.642137, 35.145414 ], [ 128.644456, 35.135618 ], [ 128.648957, 35.135739 ], [ 128.64892, 35.137967 ], [ 128.656229, 35.132656 ], [ 128.656232, 35.136659 ], [ 128.659455, 35.136418 ], [ 128.66365, 35.130201 ], [ 128.661399, 35.126473 ], [ 128.665178, 35.125418 ], [ 128.662174, 35.121855 ], [ 128.666933, 35.123409 ], [ 128.666467, 35.118792 ], [ 128.677665, 35.12638 ], [ 128.67327, 35.133986 ], [ 128.675161, 35.141155 ], [ 128.6733, 35.139608 ], [ 128.670827, 35.142476 ], [ 128.69021, 35.147812 ], [ 128.689988, 35.151082 ], [ 128.691681, 35.147816 ], [ 128.687637, 35.141634 ], [ 128.696312, 35.13878 ], [ 128.698406, 35.134491 ], [ 128.69339, 35.132941 ], [ 128.699722, 35.125778 ], [ 128.700852, 35.116686 ], [ 128.693994, 35.11166 ], [ 128.694858, 35.1076 ], [ 128.688113, 35.108904 ], [ 128.691555, 35.104723 ], [ 128.689086, 35.104868 ], [ 128.689106, 35.101321 ], [ 128.694637, 35.097242 ], [ 128.696133, 35.100229 ], [ 128.698278, 35.098156 ], [ 128.702944, 35.100475 ], [ 128.700122, 35.102876 ], [ 128.703213, 35.105917 ], [ 128.710342, 35.103562 ], [ 128.713445, 35.106839 ], [ 128.71648, 35.104324 ], [ 128.71425, 35.095469 ], [ 128.718757, 35.094401 ], [ 128.724435, 35.097636 ], [ 128.726255, 35.093377 ], [ 128.730754, 35.093811 ], [ 128.728749, 35.090219 ], [ 128.733631, 35.091895 ], [ 128.738269, 35.099443 ], [ 128.743687, 35.099867 ], [ 128.735505, 35.089508 ], [ 128.73885, 35.083522 ], [ 128.741304, 35.081384 ], [ 128.740355, 35.083991 ], [ 128.745905, 35.085961 ], [ 128.743761, 35.084338 ], [ 128.748782, 35.084043 ], [ 128.756596, 35.076955 ], [ 128.763912, 35.077947 ], [ 128.766301, 35.068536 ], [ 128.765027, 35.083016 ], [ 128.779182, 35.082895 ], [ 128.784089, 35.09753 ], [ 128.765376, 35.097494 ], [ 128.764484, 35.101182 ], [ 128.756535, 35.102068 ], [ 128.75339, 35.105431 ], [ 128.756679, 35.102404 ], [ 128.762775, 35.105179 ], [ 128.768939, 35.103853 ], [ 128.772555, 35.099138 ], [ 128.779287, 35.10297 ], [ 128.782596, 35.112525 ], [ 128.789487, 35.113396 ], [ 128.791666, 35.101717 ], [ 128.78872, 35.098521 ], [ 128.79914, 35.100462 ], [ 128.802786, 35.098223 ], [ 128.797611, 35.09246 ], [ 128.789441, 35.093941 ], [ 128.782467, 35.085342 ], [ 128.782475, 35.082636 ], [ 128.784682, 35.077715 ], [ 128.78139, 35.077527 ], [ 128.784869, 35.077535 ], [ 128.784904, 35.079571 ], [ 128.782705, 35.082687 ], [ 128.784126, 35.083003 ], [ 128.791948, 35.078833 ], [ 128.795985, 35.083741 ], [ 128.797292, 35.077557 ], [ 128.811515, 35.07758 ], [ 128.811503, 35.082989 ], [ 128.818527, 35.083317 ] ], [ [ 127.810049, 34.945638 ], [ 127.80891, 34.948119 ], [ 127.81469, 34.948913 ], [ 127.818546, 34.942552 ], [ 127.815462, 34.939996 ], [ 127.809702, 34.940852 ], [ 127.810049, 34.945638 ] ], [ [ 127.835294, 34.958873 ], [ 127.838144, 34.959295 ], [ 127.838903, 34.950938 ], [ 127.834801, 34.949557 ], [ 127.829688, 34.951611 ], [ 127.833191, 34.956352 ], [ 127.834027, 34.956166 ], [ 127.837902, 34.956739 ], [ 127.834025, 34.956224 ], [ 127.835294, 34.958873 ] ] ], [ [ [ 127.823036, 34.881979 ], [ 127.82188, 34.884549 ], [ 127.819656, 34.884279 ], [ 127.820598, 34.882709 ], [ 127.823036, 34.881979 ] ] ], [ [ [ 127.833567, 34.924892 ], [ 127.834225, 34.926864 ], [ 127.828731, 34.925622 ], [ 127.829447, 34.924861 ], [ 127.833567, 34.924892 ] ] ], [ [ [ 127.839844, 34.93157 ], [ 127.839953, 34.932422 ], [ 127.837415, 34.932948 ], [ 127.838439, 34.9302 ], [ 127.839844, 34.93157 ] ] ], [ [ [ 127.833716, 34.939342 ], [ 127.831243, 34.939765 ], [ 127.828494, 34.929841 ], [ 127.83377, 34.927812 ], [ 127.832054, 34.931803 ], [ 127.833716, 34.939342 ] ] ], [ [ [ 127.780713, 34.938566 ], [ 127.782229, 34.93688 ], [ 127.781916, 34.941483 ], [ 127.780146, 34.938758 ], [ 127.776403, 34.940293 ], [ 127.777697, 34.93903 ], [ 127.780713, 34.938566 ] ] ], [ [ [ 127.922153, 34.975687 ], [ 127.917566, 34.976702 ], [ 127.916482, 34.975408 ], [ 127.917858, 34.974473 ], [ 127.922153, 34.975687 ] ] ], [ [ [ 127.9404, 34.730951 ], [ 127.934471, 34.728338 ], [ 127.942239, 34.723808 ], [ 127.942762, 34.72908 ], [ 127.9404, 34.730951 ] ] ], [ [ [ 127.891914, 34.946598 ], [ 127.870758, 34.941956 ], [ 127.865501, 34.937839 ], [ 127.866739, 34.930502 ], [ 127.859425, 34.933093 ], [ 127.860759, 34.927958 ], [ 127.854337, 34.927464 ], [ 127.85948, 34.922431 ], [ 127.853514, 34.921877 ], [ 127.855475, 34.918547 ], [ 127.850186, 34.91405 ], [ 127.852916, 34.915739 ], [ 127.856999, 34.912847 ], [ 127.851398, 34.910231 ], [ 127.857756, 34.911827 ], [ 127.864599, 34.904051 ], [ 127.862108, 34.901362 ], [ 127.869617, 34.897672 ], [ 127.849529, 34.904161 ], [ 127.846959, 34.900773 ], [ 127.841707, 34.906612 ], [ 127.843488, 34.899345 ], [ 127.836532, 34.89513 ], [ 127.83517, 34.901038 ], [ 127.831471, 34.897072 ], [ 127.831284, 34.90216 ], [ 127.825833, 34.902994 ], [ 127.831378, 34.895614 ], [ 127.827226, 34.892537 ], [ 127.833076, 34.892758 ], [ 127.831355, 34.886326 ], [ 127.826389, 34.882878 ], [ 127.830369, 34.88077 ], [ 127.828625, 34.875702 ], [ 127.826575, 34.873048 ], [ 127.821209, 34.87651 ], [ 127.81798, 34.87459 ], [ 127.81561, 34.862253 ], [ 127.810865, 34.865025 ], [ 127.807307, 34.857537 ], [ 127.811245, 34.856177 ], [ 127.807011, 34.853483 ], [ 127.81273, 34.84754 ], [ 127.812877, 34.83466 ], [ 127.828296, 34.816612 ], [ 127.828076, 34.811092 ], [ 127.841289, 34.807538 ], [ 127.839956, 34.806774 ], [ 127.831311, 34.807365 ], [ 127.83657, 34.800204 ], [ 127.835564, 34.7928 ], [ 127.845723, 34.786979 ], [ 127.845295, 34.778726 ], [ 127.854201, 34.782242 ], [ 127.847827, 34.778714 ], [ 127.849029, 34.775278 ], [ 127.8591, 34.776907 ], [ 127.85779, 34.775996 ], [ 127.850272, 34.774112 ], [ 127.850334, 34.767799 ], [ 127.841333, 34.767397 ], [ 127.842651, 34.758106 ], [ 127.836035, 34.756972 ], [ 127.836768, 34.750428 ], [ 127.853219, 34.748049 ], [ 127.857666, 34.741965 ], [ 127.852621, 34.736676 ], [ 127.855463, 34.735466 ], [ 127.858099, 34.737117 ], [ 127.862449, 34.733069 ], [ 127.857638, 34.728055 ], [ 127.874999, 34.72788 ], [ 127.877671, 34.72482 ], [ 127.890822, 34.722364 ], [ 127.90575, 34.727965 ], [ 127.912398, 34.736505 ], [ 127.910302, 34.749823 ], [ 127.904929, 34.754162 ], [ 127.903867, 34.765775 ], [ 127.910955, 34.769531 ], [ 127.9124, 34.767481 ], [ 127.917795, 34.769198 ], [ 127.928542, 34.77604 ], [ 127.952462, 34.777128 ], [ 127.95471, 34.772831 ], [ 127.946007, 34.76329 ], [ 127.946025, 34.762785 ], [ 127.948295, 34.762833 ], [ 127.948275, 34.760302 ], [ 127.944387, 34.746738 ], [ 127.947693, 34.730903 ], [ 127.954812, 34.731545 ], [ 127.950053, 34.725197 ], [ 127.957546, 34.723098 ], [ 127.959185, 34.717663 ], [ 127.9532, 34.715184 ], [ 127.957778, 34.709576 ], [ 127.968772, 34.713231 ], [ 127.983692, 34.70932 ], [ 127.987548, 34.711883 ], [ 127.9836, 34.718277 ], [ 127.990089, 34.720928 ], [ 127.992968, 34.714402 ], [ 127.999392, 34.718393 ], [ 128.007532, 34.711843 ], [ 128.011196, 34.716474 ], [ 128.007136, 34.720671 ], [ 128.014879, 34.724542 ], [ 128.026436, 34.719061 ], [ 128.020842, 34.702851 ], [ 128.024429, 34.701153 ], [ 128.026657, 34.707764 ], [ 128.032136, 34.708808 ], [ 128.037183, 34.707051 ], [ 128.036078, 34.70305 ], [ 128.044207, 34.702346 ], [ 128.042661, 34.706562 ], [ 128.046486, 34.71004 ], [ 128.049015, 34.705617 ], [ 128.05328, 34.712144 ], [ 128.056509, 34.708775 ], [ 128.059974, 34.709936 ], [ 128.053472, 34.71715 ], [ 128.052696, 34.713688 ], [ 128.045584, 34.71348 ], [ 128.045748, 34.716469 ], [ 128.034285, 34.721526 ], [ 128.034449, 34.729428 ], [ 128.041149, 34.737719 ], [ 128.049504, 34.739652 ], [ 128.048776, 34.743108 ], [ 128.055865, 34.745578 ], [ 128.058425, 34.75193 ], [ 128.054144, 34.755095 ], [ 128.054116, 34.769397 ], [ 128.048259, 34.77591 ], [ 128.048888, 34.78243 ], [ 128.057003, 34.791786 ], [ 128.050769, 34.794501 ], [ 128.052206, 34.800545 ], [ 128.056278, 34.802067 ], [ 128.061338, 34.799781 ], [ 128.058722, 34.796457 ], [ 128.064255, 34.800584 ], [ 128.061354, 34.804452 ], [ 128.065893, 34.818007 ], [ 128.055206, 34.82116 ], [ 128.050559, 34.827667 ], [ 128.046391, 34.823616 ], [ 128.038119, 34.823131 ], [ 128.030582, 34.834054 ], [ 128.019267, 34.83318 ], [ 128.019302, 34.830018 ], [ 127.992321, 34.833301 ], [ 127.973658, 34.822411 ], [ 127.97933, 34.820459 ], [ 127.958604, 34.813532 ], [ 127.966104, 34.808343 ], [ 127.953921, 34.804811 ], [ 127.944024, 34.80936 ], [ 127.940796, 34.818165 ], [ 127.944781, 34.829083 ], [ 127.940349, 34.82765 ], [ 127.930132, 34.834241 ], [ 127.924533, 34.830559 ], [ 127.919891, 34.835532 ], [ 127.922141, 34.837948 ], [ 127.920719, 34.837793 ], [ 127.919584, 34.835056 ], [ 127.917108, 34.835392 ], [ 127.913899, 34.847075 ], [ 127.91785, 34.848148 ], [ 127.907086, 34.85251 ], [ 127.905795, 34.857113 ], [ 127.908194, 34.857923 ], [ 127.901598, 34.860282 ], [ 127.904099, 34.862958 ], [ 127.897522, 34.872604 ], [ 127.901238, 34.884018 ], [ 127.904282, 34.88502 ], [ 127.906704, 34.881823 ], [ 127.913452, 34.88921 ], [ 127.918902, 34.887786 ], [ 127.915892, 34.889697 ], [ 127.920178, 34.892275 ], [ 127.926008, 34.891378 ], [ 127.924694, 34.898265 ], [ 127.920516, 34.90019 ], [ 127.928403, 34.906678 ], [ 127.924671, 34.910642 ], [ 127.929772, 34.914479 ], [ 127.924347, 34.920133 ], [ 127.927741, 34.922908 ], [ 127.923619, 34.926795 ], [ 127.926153, 34.927903 ], [ 127.930226, 34.92463 ], [ 127.928312, 34.931433 ], [ 127.924426, 34.930413 ], [ 127.920774, 34.933712 ], [ 127.925727, 34.939717 ], [ 127.918357, 34.94307 ], [ 127.91827, 34.939398 ], [ 127.91345, 34.941542 ], [ 127.908843, 34.938423 ], [ 127.907357, 34.942989 ], [ 127.902558, 34.941098 ], [ 127.891914, 34.946598 ] ] ], [ [ [ 128.030713, 34.842755 ], [ 128.026641, 34.843735 ], [ 128.026155, 34.843254 ], [ 128.031026, 34.840651 ], [ 128.030713, 34.842755 ] ] ], [ [ [ 128.032375, 34.920266 ], [ 128.017143, 34.920702 ], [ 128.002898, 34.91515 ], [ 127.990848, 34.902459 ], [ 127.99076, 34.894713 ], [ 127.982222, 34.885424 ], [ 127.978108, 34.885798 ], [ 127.9775, 34.878956 ], [ 127.972329, 34.878465 ], [ 127.962153, 34.869547 ], [ 127.965014, 34.852938 ], [ 127.972318, 34.845493 ], [ 127.969226, 34.843699 ], [ 127.988731, 34.836381 ], [ 128.017362, 34.838111 ], [ 128.020552, 34.853469 ], [ 128.022172, 34.851105 ], [ 128.022147, 34.848576 ], [ 128.045473, 34.836436 ], [ 128.054582, 34.838943 ], [ 128.06527, 34.830745 ], [ 128.07248, 34.835976 ], [ 128.078478, 34.829189 ], [ 128.086795, 34.82882 ], [ 128.083475, 34.832417 ], [ 128.084641, 34.836369 ], [ 128.076415, 34.8385 ], [ 128.075461, 34.844141 ], [ 128.066003, 34.84757 ], [ 128.065155, 34.843727 ], [ 128.06076, 34.844526 ], [ 128.059883, 34.848071 ], [ 128.064243, 34.84942 ], [ 128.062298, 34.85511 ], [ 128.057402, 34.850656 ], [ 128.052926, 34.852123 ], [ 128.05745, 34.859379 ], [ 128.06067, 34.857315 ], [ 128.060339, 34.860364 ], [ 128.064276, 34.861176 ], [ 128.066644, 34.869769 ], [ 128.063413, 34.870867 ], [ 128.065548, 34.874222 ], [ 128.062168, 34.874587 ], [ 128.063961, 34.877974 ], [ 128.057345, 34.879694 ], [ 128.058432, 34.883433 ], [ 128.056035, 34.88208 ], [ 128.054521, 34.884691 ], [ 128.047735, 34.881755 ], [ 128.050383, 34.886968 ], [ 128.047585, 34.890258 ], [ 128.039295, 34.888414 ], [ 128.040958, 34.893171 ], [ 128.047218, 34.894193 ], [ 128.04756, 34.896781 ], [ 128.040604, 34.89532 ], [ 128.038599, 34.891949 ], [ 128.036331, 34.893172 ], [ 128.038706, 34.896672 ], [ 128.035525, 34.897473 ], [ 128.034964, 34.893301 ], [ 128.029579, 34.891083 ], [ 128.032361, 34.888899 ], [ 128.028193, 34.888777 ], [ 128.025892, 34.88202 ], [ 128.021895, 34.881554 ], [ 128.024794, 34.866013 ], [ 128.019341, 34.863419 ], [ 128.010057, 34.867087 ], [ 128.015834, 34.894569 ], [ 128.029445, 34.906443 ], [ 128.032375, 34.920266 ] ] ], [ [ [ 128.030048, 34.928744 ], [ 128.028094, 34.928308 ], [ 128.03005, 34.926325 ], [ 128.031448, 34.927489 ], [ 128.030048, 34.928744 ] ] ], [ [ [ 128.031162, 34.938143 ], [ 128.028271, 34.935548 ], [ 128.033351, 34.934368 ], [ 128.03037, 34.936918 ], [ 128.031162, 34.938143 ] ] ], [ [ [ 127.966254, 34.96448 ], [ 127.963183, 34.966036 ], [ 127.96105, 34.961382 ], [ 127.965073, 34.960916 ], [ 127.963623, 34.96411 ], [ 127.966254, 34.96448 ] ] ], [ [ [ 127.996328, 34.975114 ], [ 127.995051, 34.977798 ], [ 127.993979, 34.972608 ], [ 127.997316, 34.973264 ], [ 127.996328, 34.975114 ] ] ], [ [ [ 127.969818, 34.987452 ], [ 127.966071, 34.98998 ], [ 127.9657, 34.982353 ], [ 127.962511, 34.983374 ], [ 127.961717, 34.975964 ], [ 127.964749, 34.974735 ], [ 127.962333, 34.971803 ], [ 127.971722, 34.965136 ], [ 127.984057, 34.963282 ], [ 127.98306, 34.965368 ], [ 127.989694, 34.967895 ], [ 127.992389, 34.965163 ], [ 127.991105, 34.96774 ], [ 127.995056, 34.967386 ], [ 127.994943, 34.971016 ], [ 127.988994, 34.970547 ], [ 127.98713, 34.973221 ], [ 127.988311, 34.968589 ], [ 127.985244, 34.966869 ], [ 127.980282, 34.96868 ], [ 127.982895, 34.973234 ], [ 127.976327, 34.974605 ], [ 127.974296, 34.981086 ], [ 127.96608, 34.981538 ], [ 127.970988, 34.984175 ], [ 127.968002, 34.985125 ], [ 127.969818, 34.987452 ] ] ], [ [ [ 127.938885, 34.976822 ], [ 127.938582, 34.978219 ], [ 127.934836, 34.979103 ], [ 127.93437, 34.97767 ], [ 127.938885, 34.976822 ] ] ], [ [ [ 127.923132, 34.982324 ], [ 127.922779, 34.98465 ], [ 127.920596, 34.985807 ], [ 127.92315, 34.980251 ], [ 127.923132, 34.982324 ] ] ], [ [ [ 128.004012, 35.036055 ], [ 128.00642, 35.036856 ], [ 128.005689, 35.038372 ], [ 128.003784, 35.038017 ], [ 128.004012, 35.036055 ] ] ], [ [ [ 128.1875, 34.567925 ], [ 128.189133, 34.572417 ], [ 128.182683, 34.57207 ], [ 128.185023, 34.566274 ], [ 128.177514, 34.558453 ], [ 128.188334, 34.563378 ], [ 128.1875, 34.567925 ] ] ], [ [ [ 128.050616, 34.689024 ], [ 128.045287, 34.690824 ], [ 128.04496, 34.681799 ], [ 128.047574, 34.684669 ], [ 128.050307, 34.683232 ], [ 128.050616, 34.689024 ] ] ], [ [ [ 128.058516, 34.689975 ], [ 128.057708, 34.689421 ], [ 128.05473, 34.690176 ], [ 128.058839, 34.687964 ], [ 128.058516, 34.689975 ] ] ], [ [ [ 128.036078, 34.692711 ], [ 128.036408, 34.694256 ], [ 128.033272, 34.693636 ], [ 128.033798, 34.691488 ], [ 128.036078, 34.692711 ] ] ], [ [ [ 128.054265, 34.698384 ], [ 128.050115, 34.69972 ], [ 128.04767, 34.69518 ], [ 128.05049, 34.697124 ], [ 128.05222, 34.694015 ], [ 128.056957, 34.695334 ], [ 128.05719, 34.698266 ], [ 128.054265, 34.698384 ] ] ], [ [ [ 128.061409, 34.69832 ], [ 128.063673, 34.699372 ], [ 128.058454, 34.698241 ], [ 128.059286, 34.697625 ], [ 128.061409, 34.69832 ] ] ], [ [ [ 128.180478, 34.709912 ], [ 128.174698, 34.71153 ], [ 128.167756, 34.706398 ], [ 128.172408, 34.696633 ], [ 128.184995, 34.691712 ], [ 128.193853, 34.693349 ], [ 128.196833, 34.689518 ], [ 128.201841, 34.692242 ], [ 128.198513, 34.706296 ], [ 128.189991, 34.711162 ], [ 128.180478, 34.709912 ] ] ], [ [ [ 128.051467, 34.71987 ], [ 128.052638, 34.718783 ], [ 128.054815, 34.719335 ], [ 128.051937, 34.721967 ], [ 128.051467, 34.71987 ] ] ], [ [ [ 128.063423, 34.740161 ], [ 128.063634, 34.741776 ], [ 128.059711, 34.740538 ], [ 128.061026, 34.739864 ], [ 128.063423, 34.740161 ] ] ], [ [ [ 128.070548, 34.75414 ], [ 128.070493, 34.751276 ], [ 128.07278, 34.751021 ], [ 128.07297, 34.756896 ], [ 128.070548, 34.75414 ] ] ], [ [ [ 128.135017, 34.834144 ], [ 128.130698, 34.835427 ], [ 128.131066, 34.835225 ], [ 128.13129, 34.834751 ], [ 128.130863, 34.83179 ], [ 128.131016, 34.835155 ], [ 128.126244, 34.835431 ], [ 128.125587, 34.830355 ], [ 128.135036, 34.824535 ], [ 128.140422, 34.826126 ], [ 128.138328, 34.827668 ], [ 128.142698, 34.831094 ], [ 128.138831, 34.833943 ], [ 128.137321, 34.832049 ], [ 128.135678, 34.830775 ], [ 128.133461, 34.829772 ], [ 128.134272, 34.830362 ], [ 128.135326, 34.830839 ], [ 128.135689, 34.830818 ], [ 128.135877, 34.831123 ], [ 128.136078, 34.8312 ], [ 128.136144, 34.83131 ], [ 128.136403, 34.831419 ], [ 128.136501, 34.83172 ], [ 128.13743, 34.832314 ], [ 128.135017, 34.834144 ] ] ], [ [ [ 128.199956, 34.859486 ], [ 128.190384, 34.859363 ], [ 128.167833, 34.851245 ], [ 128.168519, 34.841386 ], [ 128.184074, 34.836445 ], [ 128.184747, 34.833858 ], [ 128.179321, 34.831435 ], [ 128.182692, 34.826965 ], [ 128.194337, 34.828492 ], [ 128.203683, 34.842493 ], [ 128.221007, 34.842168 ], [ 128.221182, 34.844434 ], [ 128.228775, 34.842261 ], [ 128.23275, 34.844802 ], [ 128.222784, 34.85207 ], [ 128.211971, 34.851067 ], [ 128.206306, 34.858612 ], [ 128.199956, 34.859486 ] ] ], [ [ [ 128.181519, 34.885586 ], [ 128.178099, 34.891584 ], [ 128.179361, 34.887777 ], [ 128.176599, 34.88651 ], [ 128.181519, 34.885586 ] ] ], [ [ [ 128.075977, 34.909267 ], [ 128.072233, 34.908719 ], [ 128.074942, 34.907366 ], [ 128.071138, 34.904569 ], [ 128.076272, 34.902274 ], [ 128.073832, 34.900169 ], [ 128.070829, 34.902481 ], [ 128.074589, 34.894112 ], [ 128.071559, 34.888989 ], [ 128.07519, 34.88694 ], [ 128.078708, 34.888915 ], [ 128.075245, 34.893988 ], [ 128.081583, 34.897363 ], [ 128.07866, 34.900865 ], [ 128.080943, 34.902688 ], [ 128.077481, 34.904105 ], [ 128.080049, 34.907108 ], [ 128.075977, 34.909267 ] ] ], [ [ [ 128.037551, 34.925747 ], [ 128.035023, 34.927404 ], [ 128.033109, 34.925319 ], [ 128.037126, 34.91896 ], [ 128.041863, 34.92199 ], [ 128.037551, 34.925747 ] ] ], [ [ [ 128.045907, 34.925258 ], [ 128.044558, 34.927422 ], [ 128.041932, 34.925898 ], [ 128.04344, 34.924482 ], [ 128.045907, 34.925258 ] ] ], [ [ [ 128.306492, 34.621156 ], [ 128.304249, 34.623748 ], [ 128.298757, 34.619649 ], [ 128.304901, 34.61835 ], [ 128.306492, 34.621156 ] ] ], [ [ [ 128.321897, 34.6214 ], [ 128.316344, 34.624441 ], [ 128.315106, 34.622906 ], [ 128.318203, 34.620404 ], [ 128.321897, 34.6214 ] ] ], [ [ [ 128.246539, 34.651956 ], [ 128.233706, 34.652056 ], [ 128.228907, 34.648081 ], [ 128.235218, 34.644104 ], [ 128.235259, 34.640309 ], [ 128.223592, 34.638003 ], [ 128.229716, 34.631443 ], [ 128.237539, 34.635371 ], [ 128.235223, 34.629459 ], [ 128.24321, 34.623015 ], [ 128.240932, 34.618191 ], [ 128.232081, 34.617386 ], [ 128.237556, 34.6114 ], [ 128.245005, 34.613673 ], [ 128.243813, 34.619331 ], [ 128.257169, 34.621639 ], [ 128.264182, 34.628064 ], [ 128.276632, 34.620532 ], [ 128.287543, 34.622102 ], [ 128.289545, 34.630716 ], [ 128.291707, 34.629047 ], [ 128.295897, 34.631475 ], [ 128.293274, 34.634849 ], [ 128.298884, 34.639043 ], [ 128.288238, 34.639879 ], [ 128.275243, 34.630957 ], [ 128.278826, 34.628118 ], [ 128.274604, 34.624714 ], [ 128.265054, 34.634404 ], [ 128.274376, 34.633661 ], [ 128.275534, 34.639369 ], [ 128.246539, 34.651956 ] ] ], [ [ [ 128.253632, 34.665182 ], [ 128.25299, 34.667842 ], [ 128.242278, 34.666489 ], [ 128.250334, 34.661027 ], [ 128.253632, 34.665182 ] ] ], [ [ [ 128.265201, 34.666785 ], [ 128.26507, 34.668551 ], [ 128.263358, 34.669777 ], [ 128.261332, 34.666901 ], [ 128.265201, 34.666785 ] ] ], [ [ [ 128.306213, 34.666887 ], [ 128.30491, 34.670253 ], [ 128.302644, 34.670611 ], [ 128.301593, 34.667407 ], [ 128.306213, 34.666887 ] ] ], [ [ [ 128.253576, 34.675053 ], [ 128.252665, 34.68081 ], [ 128.247694, 34.677049 ], [ 128.245226, 34.67871 ], [ 128.238375, 34.675725 ], [ 128.236351, 34.677656 ], [ 128.233333, 34.673258 ], [ 128.235341, 34.670401 ], [ 128.242339, 34.671866 ], [ 128.244161, 34.668146 ], [ 128.255105, 34.671043 ], [ 128.256827, 34.6742 ], [ 128.253576, 34.675053 ] ] ], [ [ [ 128.223352, 34.67869 ], [ 128.223434, 34.679787 ], [ 128.220436, 34.680146 ], [ 128.221703, 34.677946 ], [ 128.223352, 34.67869 ] ] ], [ [ [ 128.287555, 34.689781 ], [ 128.280161, 34.688354 ], [ 128.280783, 34.687435 ], [ 128.289303, 34.687756 ], [ 128.287555, 34.689781 ] ] ], [ [ [ 128.298651, 34.759072 ], [ 128.293299, 34.762646 ], [ 128.286362, 34.759277 ], [ 128.291916, 34.747862 ], [ 128.300498, 34.746903 ], [ 128.296935, 34.74955 ], [ 128.299318, 34.753702 ], [ 128.305471, 34.752839 ], [ 128.308012, 34.755542 ], [ 128.298651, 34.759072 ] ] ], [ [ [ 128.23758, 34.837919 ], [ 128.236642, 34.841573 ], [ 128.225871, 34.837759 ], [ 128.216497, 34.838547 ], [ 128.213205, 34.831342 ], [ 128.20709, 34.827527 ], [ 128.213833, 34.821095 ], [ 128.199331, 34.824556 ], [ 128.202908, 34.82183 ], [ 128.199324, 34.818246 ], [ 128.211052, 34.817284 ], [ 128.21052, 34.814594 ], [ 128.213796, 34.815549 ], [ 128.216169, 34.812498 ], [ 128.20894, 34.80949 ], [ 128.213321, 34.806923 ], [ 128.2244, 34.808131 ], [ 128.22384, 34.801404 ], [ 128.236629, 34.801576 ], [ 128.240576, 34.795805 ], [ 128.245863, 34.7997 ], [ 128.243802, 34.809142 ], [ 128.238416, 34.808989 ], [ 128.238078, 34.811188 ], [ 128.242696, 34.810947 ], [ 128.243503, 34.814504 ], [ 128.248308, 34.809112 ], [ 128.255011, 34.80819 ], [ 128.257155, 34.811045 ], [ 128.259862, 34.809163 ], [ 128.260556, 34.814884 ], [ 128.26519, 34.814217 ], [ 128.265077, 34.817945 ], [ 128.249655, 34.824545 ], [ 128.244607, 34.833075 ], [ 128.24195, 34.829231 ], [ 128.23758, 34.837919 ] ] ], [ [ [ 128.317587, 34.83544 ], [ 128.322258, 34.837429 ], [ 128.323359, 34.839763 ], [ 128.316278, 34.837683 ], [ 128.317587, 34.83544 ] ] ], [ [ [ 128.252876, 34.893075 ], [ 128.254542, 34.895396 ], [ 128.250863, 34.896513 ], [ 128.251273, 34.891129 ], [ 128.252876, 34.893075 ] ] ], [ [ [ 128.323863, 34.924938 ], [ 128.319058, 34.926272 ], [ 128.319031, 34.920105 ], [ 128.319222, 34.92314 ], [ 128.323863, 34.924938 ] ] ], [ [ [ 128.227177, 34.932405 ], [ 128.220684, 34.9321 ], [ 128.219784, 34.92449 ], [ 128.223491, 34.923407 ], [ 128.227177, 34.932405 ] ] ], [ [ [ 128.262109, 34.929039 ], [ 128.263416, 34.932263 ], [ 128.262387, 34.933765 ], [ 128.261, 34.931071 ], [ 128.262109, 34.929039 ] ] ], [ [ [ 128.357327, 34.647481 ], [ 128.351321, 34.651572 ], [ 128.35039, 34.648368 ], [ 128.345663, 34.649166 ], [ 128.344988, 34.641618 ], [ 128.355329, 34.63975 ], [ 128.361319, 34.643036 ], [ 128.372812, 34.637387 ], [ 128.374285, 34.640058 ], [ 128.378039, 34.639109 ], [ 128.376311, 34.644411 ], [ 128.371402, 34.639385 ], [ 128.366587, 34.64218 ], [ 128.366941, 34.645266 ], [ 128.357327, 34.647481 ] ] ], [ [ [ 128.348786, 34.658379 ], [ 128.346219, 34.661743 ], [ 128.340139, 34.661608 ], [ 128.34156, 34.657365 ], [ 128.351455, 34.654701 ], [ 128.348786, 34.658379 ] ] ], [ [ [ 128.393613, 34.695034 ], [ 128.39704, 34.694047 ], [ 128.398939, 34.695379 ], [ 128.393502, 34.696466 ], [ 128.393613, 34.695034 ] ] ], [ [ [ 128.394727, 34.705549 ], [ 128.399145, 34.70556 ], [ 128.399088, 34.709306 ], [ 128.395247, 34.708904 ], [ 128.394727, 34.705549 ] ] ], [ [ [ 128.401341, 34.738606 ], [ 128.393377, 34.735904 ], [ 128.399768, 34.730062 ], [ 128.404639, 34.729535 ], [ 128.406572, 34.733289 ], [ 128.401341, 34.738606 ] ] ], [ [ [ 128.383285, 34.741427 ], [ 128.378599, 34.739617 ], [ 128.391418, 34.737917 ], [ 128.388225, 34.741441 ], [ 128.383285, 34.741427 ] ] ], [ [ [ 128.405655, 34.748133 ], [ 128.403545, 34.751321 ], [ 128.399385, 34.746857 ], [ 128.403575, 34.745896 ], [ 128.404344, 34.741756 ], [ 128.410429, 34.746018 ], [ 128.405655, 34.748133 ] ] ], [ [ [ 128.416006, 34.747075 ], [ 128.413138, 34.748512 ], [ 128.411143, 34.746181 ], [ 128.415116, 34.747256 ], [ 128.417331, 34.744576 ], [ 128.416006, 34.747075 ] ] ], [ [ [ 128.400573, 34.753077 ], [ 128.400133, 34.756132 ], [ 128.395963, 34.752499 ], [ 128.391814, 34.754705 ], [ 128.396419, 34.750886 ], [ 128.400573, 34.753077 ] ] ], [ [ [ 128.408809, 34.753061 ], [ 128.406243, 34.755358 ], [ 128.403872, 34.752556 ], [ 128.406335, 34.752203 ], [ 128.408809, 34.753061 ] ] ], [ [ [ 128.369861, 34.782392 ], [ 128.368715, 34.785963 ], [ 128.365109, 34.782921 ], [ 128.362271, 34.784377 ], [ 128.362611, 34.779817 ], [ 128.361126, 34.779188 ], [ 128.355997, 34.780512 ], [ 128.356059, 34.777622 ], [ 128.35941, 34.774186 ], [ 128.365405, 34.778777 ], [ 128.370768, 34.775944 ], [ 128.373989, 34.781885 ], [ 128.369861, 34.782392 ] ] ], [ [ [ 128.363112, 34.786043 ], [ 128.359468, 34.787514 ], [ 128.358934, 34.785296 ], [ 128.360696, 34.784793 ], [ 128.363112, 34.786043 ] ] ], [ [ [ 128.351553, 34.840689 ], [ 128.348083, 34.8424 ], [ 128.349362, 34.83525 ], [ 128.344387, 34.831338 ], [ 128.34111, 34.83443 ], [ 128.340142, 34.827796 ], [ 128.332527, 34.834282 ], [ 128.337339, 34.827128 ], [ 128.33054, 34.829779 ], [ 128.330258, 34.826134 ], [ 128.333181, 34.821729 ], [ 128.336283, 34.823261 ], [ 128.335481, 34.818227 ], [ 128.340044, 34.818493 ], [ 128.345474, 34.825544 ], [ 128.356215, 34.824222 ], [ 128.358184, 34.827252 ], [ 128.358253, 34.823329 ], [ 128.379062, 34.815497 ], [ 128.381792, 34.811085 ], [ 128.377685, 34.811027 ], [ 128.375669, 34.807593 ], [ 128.380718, 34.806341 ], [ 128.375897, 34.803277 ], [ 128.378274, 34.798499 ], [ 128.372569, 34.802496 ], [ 128.372945, 34.798436 ], [ 128.369126, 34.800719 ], [ 128.363994, 34.795759 ], [ 128.373942, 34.793931 ], [ 128.375562, 34.788923 ], [ 128.377363, 34.793849 ], [ 128.374134, 34.794543 ], [ 128.38365, 34.796885 ], [ 128.381648, 34.793203 ], [ 128.391447, 34.786348 ], [ 128.38557, 34.780039 ], [ 128.388174, 34.775833 ], [ 128.391198, 34.780074 ], [ 128.397625, 34.779397 ], [ 128.394552, 34.773577 ], [ 128.397741, 34.765631 ], [ 128.406692, 34.768548 ], [ 128.406367, 34.76252 ], [ 128.421089, 34.765316 ], [ 128.423718, 34.762118 ], [ 128.423383, 34.769594 ], [ 128.434965, 34.781632 ], [ 128.421361, 34.788373 ], [ 128.419483, 34.792315 ], [ 128.42092, 34.793641 ], [ 128.433937, 34.789147 ], [ 128.439988, 34.794817 ], [ 128.431058, 34.802212 ], [ 128.433671, 34.810574 ], [ 128.435931, 34.802712 ], [ 128.441726, 34.804187 ], [ 128.43881, 34.8163 ], [ 128.440621, 34.828013 ], [ 128.434829, 34.825208 ], [ 128.432418, 34.830852 ], [ 128.430872, 34.8284 ], [ 128.419197, 34.834319 ], [ 128.409167, 34.834424 ], [ 128.40438, 34.828224 ], [ 128.400736, 34.828691 ], [ 128.391178, 34.822454 ], [ 128.391397, 34.826221 ], [ 128.38447, 34.829597 ], [ 128.384419, 34.820353 ], [ 128.388183, 34.815653 ], [ 128.385196, 34.813412 ], [ 128.382328, 34.823651 ], [ 128.375078, 34.826488 ], [ 128.378512, 34.829689 ], [ 128.372218, 34.828844 ], [ 128.373519, 34.832433 ], [ 128.370538, 34.834333 ], [ 128.365873, 34.830352 ], [ 128.365045, 34.835059 ], [ 128.3563, 34.831476 ], [ 128.358334, 34.839923 ], [ 128.354316, 34.8386 ], [ 128.354507, 34.842251 ], [ 128.351553, 34.840689 ] ] ], [ [ [ 128.352782, 34.819906 ], [ 128.350641, 34.822367 ], [ 128.34642, 34.816532 ], [ 128.351709, 34.816344 ], [ 128.356446, 34.81157 ], [ 128.361435, 34.813988 ], [ 128.369113, 34.811504 ], [ 128.362982, 34.815763 ], [ 128.35602, 34.8144 ], [ 128.36041, 34.818574 ], [ 128.352782, 34.819906 ] ] ], [ [ [ 128.340041, 34.84114 ], [ 128.33654, 34.841564 ], [ 128.340639, 34.834894 ], [ 128.342226, 34.840519 ], [ 128.340041, 34.84114 ] ] ], [ [ [ 128.332315, 34.925867 ], [ 128.328659, 34.926859 ], [ 128.328886, 34.92239 ], [ 128.331844, 34.923397 ], [ 128.332315, 34.925867 ] ] ], [ [ [ 128.447139, 34.544241 ], [ 128.446057, 34.54707 ], [ 128.436296, 34.535882 ], [ 128.444341, 34.539177 ], [ 128.447139, 34.544241 ] ] ], [ [ [ 128.459936, 34.717011 ], [ 128.447484, 34.709618 ], [ 128.452202, 34.705235 ], [ 128.460826, 34.704132 ], [ 128.466102, 34.708242 ], [ 128.459936, 34.717011 ] ] ], [ [ [ 128.424271, 34.723613 ], [ 128.426642, 34.720058 ], [ 128.428347, 34.733599 ], [ 128.425656, 34.731148 ], [ 128.424271, 34.723613 ] ] ], [ [ [ 128.468471, 34.73139 ], [ 128.464902, 34.734962 ], [ 128.456416, 34.729868 ], [ 128.46046, 34.718818 ], [ 128.470666, 34.72913 ], [ 128.468471, 34.73139 ] ] ], [ [ [ 128.423717, 34.752188 ], [ 128.425308, 34.754321 ], [ 128.422091, 34.755743 ], [ 128.418223, 34.744881 ], [ 128.421848, 34.746143 ], [ 128.423717, 34.752188 ] ] ], [ [ [ 128.482315, 34.815802 ], [ 128.484144, 34.817757 ], [ 128.478414, 34.815458 ], [ 128.469771, 34.817544 ], [ 128.465814, 34.81248 ], [ 128.469387, 34.804669 ], [ 128.478417, 34.80625 ], [ 128.485883, 34.79734 ], [ 128.473816, 34.803558 ], [ 128.474946, 34.793638 ], [ 128.469711, 34.795267 ], [ 128.465925, 34.787478 ], [ 128.468108, 34.801402 ], [ 128.462632, 34.804325 ], [ 128.464495, 34.797026 ], [ 128.45998, 34.786568 ], [ 128.465563, 34.781835 ], [ 128.468734, 34.783545 ], [ 128.473366, 34.775804 ], [ 128.472619, 34.768825 ], [ 128.467599, 34.768179 ], [ 128.471394, 34.766165 ], [ 128.46907, 34.761583 ], [ 128.47495, 34.759727 ], [ 128.479045, 34.76248 ], [ 128.48831, 34.7573 ], [ 128.502693, 34.766355 ], [ 128.50838, 34.766721 ], [ 128.510637, 34.778302 ], [ 128.504146, 34.781546 ], [ 128.504969, 34.784299 ], [ 128.493364, 34.781852 ], [ 128.489243, 34.796027 ], [ 128.491375, 34.801674 ], [ 128.484733, 34.806906 ], [ 128.48798, 34.812265 ], [ 128.483463, 34.811988 ], [ 128.480965, 34.807939 ], [ 128.47752, 34.812856 ], [ 128.482315, 34.815802 ] ] ], [ [ [ 128.475344, 34.828611 ], [ 128.470433, 34.829634 ], [ 128.473701, 34.833283 ], [ 128.466051, 34.835169 ], [ 128.463094, 34.83098 ], [ 128.46427, 34.825905 ], [ 128.470263, 34.826289 ], [ 128.473091, 34.821021 ], [ 128.479964, 34.82517 ], [ 128.475344, 34.828611 ] ] ], [ [ [ 128.469097, 34.868757 ], [ 128.466484, 34.867688 ], [ 128.466303, 34.863924 ], [ 128.469245, 34.865347 ], [ 128.469097, 34.868757 ] ] ], [ [ [ 128.424917, 34.89378 ], [ 128.423585, 34.896628 ], [ 128.420875, 34.894737 ], [ 128.423152, 34.889589 ], [ 128.423907, 34.893468 ], [ 128.424917, 34.89378 ] ] ], [ [ [ 128.483756, 34.895673 ], [ 128.485758, 34.895152 ], [ 128.480942, 34.896542 ], [ 128.481677, 34.895394 ], [ 128.483756, 34.895673 ] ] ], [ [ [ 128.473271, 34.913868 ], [ 128.474709, 34.918722 ], [ 128.46527, 34.922346 ], [ 128.469265, 34.918451 ], [ 128.464253, 34.912343 ], [ 128.466148, 34.905859 ], [ 128.47627, 34.904896 ], [ 128.480164, 34.910062 ], [ 128.473271, 34.913868 ] ] ], [ [ [ 128.437181, 34.925184 ], [ 128.434849, 34.925093 ], [ 128.435049, 34.923479 ], [ 128.438281, 34.92437 ], [ 128.437181, 34.925184 ] ] ], [ [ [ 128.490206, 34.934285 ], [ 128.488477, 34.93878 ], [ 128.485283, 34.933636 ], [ 128.487472, 34.928937 ], [ 128.491999, 34.930874 ], [ 128.490206, 34.934285 ] ] ], [ [ [ 128.489941, 34.965691 ], [ 128.486363, 34.967889 ], [ 128.482402, 34.964533 ], [ 128.485158, 34.954364 ], [ 128.490784, 34.95467 ], [ 128.484825, 34.959774 ], [ 128.489941, 34.965691 ] ] ], [ [ [ 128.489873, 35.083444 ], [ 128.488027, 35.078344 ], [ 128.490955, 35.077026 ], [ 128.495196, 35.079839 ], [ 128.489873, 35.083444 ] ] ], [ [ [ 128.493478, 35.092935 ], [ 128.488396, 35.092203 ], [ 128.494992, 35.084877 ], [ 128.493023, 35.088814 ], [ 128.493478, 35.092935 ] ] ], [ [ [ 128.547959, 34.620087 ], [ 128.54958, 34.620138 ], [ 128.548166, 34.622935 ], [ 128.54527, 34.620303 ], [ 128.547959, 34.620087 ] ] ], [ [ [ 128.555168, 34.629139 ], [ 128.554728, 34.631669 ], [ 128.545255, 34.628528 ], [ 128.551053, 34.623197 ], [ 128.555168, 34.629139 ] ] ], [ [ [ 128.578515, 34.647653 ], [ 128.576776, 34.650669 ], [ 128.570477, 34.640995 ], [ 128.559449, 34.635702 ], [ 128.563902, 34.633313 ], [ 128.571652, 34.634366 ], [ 128.577178, 34.641147 ], [ 128.584819, 34.641068 ], [ 128.578515, 34.647653 ] ] ], [ [ [ 128.577286, 34.656228 ], [ 128.577039, 34.657933 ], [ 128.571546, 34.656443 ], [ 128.57305, 34.654102 ], [ 128.577286, 34.656228 ] ] ], [ [ [ 128.579837, 34.681327 ], [ 128.583223, 34.68109 ], [ 128.577687, 34.687425 ], [ 128.576084, 34.681953 ], [ 128.579837, 34.681327 ] ] ], [ [ [ 128.547632, 34.698478 ], [ 128.547079, 34.700354 ], [ 128.542136, 34.700251 ], [ 128.548745, 34.696642 ], [ 128.547632, 34.698478 ] ] ], [ [ [ 128.559898, 34.714113 ], [ 128.553699, 34.718285 ], [ 128.560842, 34.707426 ], [ 128.564876, 34.707968 ], [ 128.561243, 34.711347 ], [ 128.559898, 34.714113 ] ] ], [ [ [ 128.529623, 34.734453 ], [ 128.521648, 34.73129 ], [ 128.521945, 34.72764 ], [ 128.535498, 34.72939 ], [ 128.536171, 34.732898 ], [ 128.529623, 34.734453 ] ] ], [ [ [ 128.497649, 34.746285 ], [ 128.493721, 34.750043 ], [ 128.484807, 34.744909 ], [ 128.475298, 34.746226 ], [ 128.466932, 34.740325 ], [ 128.481915, 34.73997 ], [ 128.482478, 34.735597 ], [ 128.486295, 34.737282 ], [ 128.488819, 34.733402 ], [ 128.492648, 34.736298 ], [ 128.49719, 34.732893 ], [ 128.502054, 34.738972 ], [ 128.50444, 34.733211 ], [ 128.513493, 34.734445 ], [ 128.513799, 34.736717 ], [ 128.501681, 34.739986 ], [ 128.497649, 34.746285 ] ] ], [ [ [ 128.517779, 34.76575 ], [ 128.510201, 34.765748 ], [ 128.511351, 34.759593 ], [ 128.508198, 34.758674 ], [ 128.537082, 34.754925 ], [ 128.550262, 34.748405 ], [ 128.560596, 34.750546 ], [ 128.553482, 34.753607 ], [ 128.559921, 34.755401 ], [ 128.558519, 34.759823 ], [ 128.545548, 34.76122 ], [ 128.53949, 34.756447 ], [ 128.531908, 34.757221 ], [ 128.52982, 34.762316 ], [ 128.533756, 34.764765 ], [ 128.517779, 34.76575 ] ] ], [ [ [ 128.51714, 34.797286 ], [ 128.512929, 34.797643 ], [ 128.51086, 34.795729 ], [ 128.519349, 34.793304 ], [ 128.51714, 34.797286 ] ] ], [ [ [ 128.502338, 34.801847 ], [ 128.498722, 34.802481 ], [ 128.499554, 34.794769 ], [ 128.494709, 34.792788 ], [ 128.49806, 34.790296 ], [ 128.500362, 34.792856 ], [ 128.504626, 34.787379 ], [ 128.507271, 34.799614 ], [ 128.510712, 34.800323 ], [ 128.502338, 34.801847 ] ] ], [ [ [ 128.497949, 34.811252 ], [ 128.496474, 34.813121 ], [ 128.490918, 34.812869 ], [ 128.494038, 34.809276 ], [ 128.497949, 34.811252 ] ] ], [ [ [ 128.537228, 34.804869 ], [ 128.547385, 34.816742 ], [ 128.546691, 34.823794 ], [ 128.536548, 34.823881 ], [ 128.531233, 34.81347 ], [ 128.526646, 34.811661 ], [ 128.527991, 34.802776 ], [ 128.537228, 34.804869 ] ] ], [ [ [ 128.493835, 34.82821 ], [ 128.496444, 34.828807 ], [ 128.49668, 34.831409 ], [ 128.494333, 34.831585 ], [ 128.493835, 34.82821 ] ] ], [ [ [ 128.527017, 34.928556 ], [ 128.530252, 34.930472 ], [ 128.527406, 34.931176 ], [ 128.528561, 34.934529 ], [ 128.524744, 34.934995 ], [ 128.525941, 34.939869 ], [ 128.53172, 34.938045 ], [ 128.53397, 34.941391 ], [ 128.525782, 34.946621 ], [ 128.52127, 34.955796 ], [ 128.530956, 34.958674 ], [ 128.531457, 34.958998 ], [ 128.532211, 34.959721 ], [ 128.532267, 34.959859 ], [ 128.531539, 34.960586 ], [ 128.535497, 34.963142 ], [ 128.534672, 34.96358 ], [ 128.537734, 34.964471 ], [ 128.531914, 34.972685 ], [ 128.517702, 34.975594 ], [ 128.512109, 34.96445 ], [ 128.518192, 34.959048 ], [ 128.519228, 34.951569 ], [ 128.515484, 34.949476 ], [ 128.517819, 34.946174 ], [ 128.511984, 34.943496 ], [ 128.520598, 34.932989 ], [ 128.519208, 34.930099 ], [ 128.527017, 34.928556 ] ] ], [ [ [ 128.57563, 35.060594 ], [ 128.574804, 35.06313 ], [ 128.569833, 35.0619 ], [ 128.570289, 35.057215 ], [ 128.572724, 35.057518 ], [ 128.57563, 35.060594 ] ] ], [ [ [ 128.556025, 35.068692 ], [ 128.542279, 35.069044 ], [ 128.555195, 35.053837 ], [ 128.56719, 35.053478 ], [ 128.567301, 35.057332 ], [ 128.561765, 35.059108 ], [ 128.56004, 35.063722 ], [ 128.563516, 35.064348 ], [ 128.556025, 35.068692 ] ] ], [ [ [ 128.494273, 35.071409 ], [ 128.495557, 35.069553 ], [ 128.497331, 35.070113 ], [ 128.496572, 35.072628 ], [ 128.494273, 35.071409 ] ] ], [ [ [ 128.557902, 35.073157 ], [ 128.552799, 35.072656 ], [ 128.563175, 35.072729 ], [ 128.561776, 35.073398 ], [ 128.557902, 35.073157 ] ] ], [ [ [ 128.546814, 35.085153 ], [ 128.542167, 35.085308 ], [ 128.543123, 35.077265 ], [ 128.544676, 35.083834 ], [ 128.546814, 35.085153 ] ] ], [ [ [ 128.521553, 35.095863 ], [ 128.514562, 35.095996 ], [ 128.516785, 35.088905 ], [ 128.518407, 35.093338 ], [ 128.521553, 35.095863 ] ] ], [ [ [ 128.581349, 35.180209 ], [ 128.578568, 35.17857 ], [ 128.583964, 35.177108 ], [ 128.583139, 35.179747 ], [ 128.581349, 35.180209 ] ] ], [ [ [ 128.73255, 34.534714 ], [ 128.736064, 34.535983 ], [ 128.731629, 34.538615 ], [ 128.733064, 34.536371 ], [ 128.73255, 34.534714 ] ] ], [ [ [ 128.682573, 34.730466 ], [ 128.685152, 34.731932 ], [ 128.684759, 34.735777 ], [ 128.682472, 34.734154 ], [ 128.682573, 34.730466 ] ] ], [ [ [ 128.714165, 34.769032 ], [ 128.712564, 34.771049 ], [ 128.710303, 34.771509 ], [ 128.710134, 34.767925 ], [ 128.714165, 34.769032 ] ] ], [ [ [ 128.716194, 34.788887 ], [ 128.711048, 34.787134 ], [ 128.716419, 34.78128 ], [ 128.715099, 34.783891 ], [ 128.716194, 34.788887 ] ] ], [ [ [ 128.751714, 34.821957 ], [ 128.754432, 34.826152 ], [ 128.749933, 34.824221 ], [ 128.746238, 34.815075 ], [ 128.752918, 34.81741 ], [ 128.751714, 34.821957 ] ] ], [ [ [ 128.657874, 34.983024 ], [ 128.657982, 34.979416 ], [ 128.650301, 34.979331 ], [ 128.652402, 34.976949 ], [ 128.647174, 34.963212 ], [ 128.652893, 34.960742 ], [ 128.649388, 34.957268 ], [ 128.646384, 34.961772 ], [ 128.642163, 34.958584 ], [ 128.632834, 34.966546 ], [ 128.632678, 34.960893 ], [ 128.626285, 34.964029 ], [ 128.619249, 34.961192 ], [ 128.61804, 34.963995 ], [ 128.605124, 34.957887 ], [ 128.61118, 34.965115 ], [ 128.605773, 34.969939 ], [ 128.598239, 34.965851 ], [ 128.601157, 34.95884 ], [ 128.598695, 34.952968 ], [ 128.593371, 34.949078 ], [ 128.588548, 34.952404 ], [ 128.585787, 34.946809 ], [ 128.586843, 34.941303 ], [ 128.594797, 34.93696 ], [ 128.592267, 34.935169 ], [ 128.597545, 34.93011 ], [ 128.600164, 34.9316 ], [ 128.603608, 34.924777 ], [ 128.611148, 34.923486 ], [ 128.608157, 34.915006 ], [ 128.612157, 34.913532 ], [ 128.615021, 34.916845 ], [ 128.617981, 34.906344 ], [ 128.625852, 34.898519 ], [ 128.624234, 34.892216 ], [ 128.622804, 34.897627 ], [ 128.615632, 34.895485 ], [ 128.614237, 34.897485 ], [ 128.613464, 34.894419 ], [ 128.611116, 34.901503 ], [ 128.606415, 34.897367 ], [ 128.606473, 34.906878 ], [ 128.604912, 34.90347 ], [ 128.597026, 34.902534 ], [ 128.596385, 34.906218 ], [ 128.591204, 34.904377 ], [ 128.59106, 34.905715 ], [ 128.589109, 34.907764 ], [ 128.589285, 34.906145 ], [ 128.590712, 34.90558 ], [ 128.585379, 34.905366 ], [ 128.584411, 34.907221 ], [ 128.588834, 34.907734 ], [ 128.584372, 34.907246 ], [ 128.583782, 34.906562 ], [ 128.586273, 34.912633 ], [ 128.581782, 34.912554 ], [ 128.582582, 34.914296 ], [ 128.570812, 34.908232 ], [ 128.576181, 34.904376 ], [ 128.575927, 34.900919 ], [ 128.565854, 34.899025 ], [ 128.543669, 34.910976 ], [ 128.545137, 34.914111 ], [ 128.537152, 34.918649 ], [ 128.538393, 34.921142 ], [ 128.532375, 34.92017 ], [ 128.527773, 34.923411 ], [ 128.518852, 34.915079 ], [ 128.515229, 34.915402 ], [ 128.514551, 34.908922 ], [ 128.507024, 34.90694 ], [ 128.500374, 34.911241 ], [ 128.506708, 34.90379 ], [ 128.497409, 34.907137 ], [ 128.498, 34.90329 ], [ 128.502391, 34.902203 ], [ 128.498217, 34.898049 ], [ 128.49204, 34.900684 ], [ 128.48484, 34.888096 ], [ 128.478759, 34.886738 ], [ 128.475937, 34.879076 ], [ 128.471993, 34.877731 ], [ 128.473048, 34.869942 ], [ 128.476033, 34.868624 ], [ 128.474888, 34.860615 ], [ 128.478049, 34.857647 ], [ 128.47531, 34.855841 ], [ 128.476051, 34.855031 ], [ 128.481584, 34.855412 ], [ 128.477102, 34.850918 ], [ 128.482, 34.840303 ], [ 128.493035, 34.836752 ], [ 128.495882, 34.832672 ], [ 128.508062, 34.838099 ], [ 128.501584, 34.833179 ], [ 128.501007, 34.823946 ], [ 128.509254, 34.81769 ], [ 128.510387, 34.809004 ], [ 128.516488, 34.808375 ], [ 128.523581, 34.816384 ], [ 128.519147, 34.822917 ], [ 128.528169, 34.821612 ], [ 128.527493, 34.825163 ], [ 128.520978, 34.826889 ], [ 128.527624, 34.829519 ], [ 128.523966, 34.832462 ], [ 128.534033, 34.833797 ], [ 128.534088, 34.833104 ], [ 128.532764, 34.831456 ], [ 128.536843, 34.82945 ], [ 128.540459, 34.835942 ], [ 128.542842, 34.832995 ], [ 128.563154, 34.833219 ], [ 128.56253, 34.843241 ], [ 128.56524, 34.846895 ], [ 128.568426, 34.845595 ], [ 128.572884, 34.854415 ], [ 128.582654, 34.850141 ], [ 128.581981, 34.846117 ], [ 128.584025, 34.849078 ], [ 128.588803, 34.846978 ], [ 128.587335, 34.84075 ], [ 128.576971, 34.843854 ], [ 128.580239, 34.841608 ], [ 128.57785, 34.840139 ], [ 128.585863, 34.837936 ], [ 128.587433, 34.831281 ], [ 128.595963, 34.835762 ], [ 128.589967, 34.830711 ], [ 128.59249, 34.828295 ], [ 128.595909, 34.829765 ], [ 128.601677, 34.829829 ], [ 128.595309, 34.829402 ], [ 128.593328, 34.824205 ], [ 128.586082, 34.82052 ], [ 128.586637, 34.810227 ], [ 128.582667, 34.805195 ], [ 128.585387, 34.801571 ], [ 128.580242, 34.794502 ], [ 128.565078, 34.79353 ], [ 128.561717, 34.7903 ], [ 128.558278, 34.792352 ], [ 128.55636, 34.790126 ], [ 128.551812, 34.794496 ], [ 128.546636, 34.787963 ], [ 128.538713, 34.787334 ], [ 128.54464, 34.7849 ], [ 128.541306, 34.780621 ], [ 128.543235, 34.775326 ], [ 128.556554, 34.789502 ], [ 128.568827, 34.78639 ], [ 128.560968, 34.778065 ], [ 128.555852, 34.778367 ], [ 128.552166, 34.774448 ], [ 128.553121, 34.768045 ], [ 128.556329, 34.766912 ], [ 128.565473, 34.768172 ], [ 128.567168, 34.773384 ], [ 128.575255, 34.778887 ], [ 128.582047, 34.775504 ], [ 128.597731, 34.777227 ], [ 128.591672, 34.770548 ], [ 128.601121, 34.767133 ], [ 128.600995, 34.763886 ], [ 128.591294, 34.764529 ], [ 128.586806, 34.761384 ], [ 128.58447, 34.764683 ], [ 128.579699, 34.762102 ], [ 128.582534, 34.756983 ], [ 128.57814, 34.75334 ], [ 128.575672, 34.739327 ], [ 128.591079, 34.738815 ], [ 128.59759, 34.735292 ], [ 128.602231, 34.736908 ], [ 128.607382, 34.731807 ], [ 128.603835, 34.725981 ], [ 128.600424, 34.727835 ], [ 128.593041, 34.722493 ], [ 128.585731, 34.722547 ], [ 128.588026, 34.716443 ], [ 128.578955, 34.714971 ], [ 128.576766, 34.707735 ], [ 128.580313, 34.703393 ], [ 128.588491, 34.709874 ], [ 128.610325, 34.702293 ], [ 128.626028, 34.714078 ], [ 128.638191, 34.707622 ], [ 128.638086, 34.715479 ], [ 128.626783, 34.725178 ], [ 128.629806, 34.729219 ], [ 128.628115, 34.728831 ], [ 128.626901, 34.728098 ], [ 128.624809, 34.730904 ], [ 128.621749, 34.727959 ], [ 128.619969, 34.730294 ], [ 128.627335, 34.737014 ], [ 128.630516, 34.735191 ], [ 128.628369, 34.730112 ], [ 128.639568, 34.736194 ], [ 128.65163, 34.734423 ], [ 128.653394, 34.740313 ], [ 128.662099, 34.739654 ], [ 128.66703, 34.735587 ], [ 128.671648, 34.73929 ], [ 128.671691, 34.730172 ], [ 128.675657, 34.729306 ], [ 128.675147, 34.737242 ], [ 128.682068, 34.736677 ], [ 128.676582, 34.7431 ], [ 128.671376, 34.742169 ], [ 128.668792, 34.744927 ], [ 128.662675, 34.744832 ], [ 128.66221, 34.741899 ], [ 128.651378, 34.742358 ], [ 128.646715, 34.746725 ], [ 128.649266, 34.750827 ], [ 128.637901, 34.761314 ], [ 128.643308, 34.777065 ], [ 128.64926, 34.779145 ], [ 128.658398, 34.774751 ], [ 128.673027, 34.785839 ], [ 128.665999, 34.793328 ], [ 128.667308, 34.812597 ], [ 128.672552, 34.814705 ], [ 128.69132, 34.808571 ], [ 128.693531, 34.805445 ], [ 128.688792, 34.797962 ], [ 128.694816, 34.797193 ], [ 128.698895, 34.797926 ], [ 128.700868, 34.805127 ], [ 128.69813, 34.802958 ], [ 128.696808, 34.807422 ], [ 128.708616, 34.812918 ], [ 128.715319, 34.801044 ], [ 128.709867, 34.795119 ], [ 128.724, 34.792033 ], [ 128.731383, 34.793738 ], [ 128.735518, 34.787012 ], [ 128.739705, 34.788008 ], [ 128.734958, 34.79682 ], [ 128.737122, 34.799025 ], [ 128.728075, 34.811345 ], [ 128.721721, 34.813985 ], [ 128.721263, 34.821664 ], [ 128.71889, 34.821618 ], [ 128.718798, 34.82496 ], [ 128.725297, 34.829276 ], [ 128.717618, 34.836453 ], [ 128.720707, 34.838555 ], [ 128.722453, 34.839205 ], [ 128.71745, 34.837646 ], [ 128.710312, 34.828359 ], [ 128.703749, 34.831473 ], [ 128.700828, 34.836882 ], [ 128.702767, 34.842405 ], [ 128.717009, 34.849685 ], [ 128.72052, 34.849258 ], [ 128.726159, 34.841294 ], [ 128.735149, 34.843785 ], [ 128.733659, 34.851574 ], [ 128.728957, 34.853505 ], [ 128.727702, 34.862652 ], [ 128.723735, 34.864845 ], [ 128.729375, 34.867191 ], [ 128.728838, 34.862617 ], [ 128.733199, 34.862111 ], [ 128.742799, 34.86748 ], [ 128.738433, 34.877999 ], [ 128.744773, 34.880459 ], [ 128.743145, 34.885112 ], [ 128.75227, 34.894185 ], [ 128.751446, 34.89487 ], [ 128.741394, 34.88768 ], [ 128.73736, 34.889113 ], [ 128.739482, 34.887923 ], [ 128.740149, 34.887727 ], [ 128.741462, 34.887627 ], [ 128.739952, 34.884849 ], [ 128.735886, 34.885402 ], [ 128.733044, 34.891216 ], [ 128.724713, 34.889052 ], [ 128.709825, 34.868788 ], [ 128.704635, 34.872391 ], [ 128.70902, 34.876532 ], [ 128.705031, 34.879437 ], [ 128.698754, 34.874164 ], [ 128.699725, 34.878707 ], [ 128.696436, 34.88018 ], [ 128.698563, 34.883455 ], [ 128.694658, 34.878732 ], [ 128.697955, 34.885257 ], [ 128.69667, 34.891303 ], [ 128.700025, 34.889591 ], [ 128.704356, 34.891735 ], [ 128.707269, 34.89932 ], [ 128.717312, 34.901245 ], [ 128.713162, 34.903734 ], [ 128.710603, 34.911458 ], [ 128.713567, 34.913069 ], [ 128.719987, 34.909823 ], [ 128.723757, 34.914632 ], [ 128.716068, 34.925053 ], [ 128.719312, 34.92643 ], [ 128.716102, 34.929965 ], [ 128.71991, 34.933908 ], [ 128.714826, 34.936213 ], [ 128.720281, 34.938708 ], [ 128.718858, 34.941491 ], [ 128.722896, 34.938539 ], [ 128.721881, 34.935909 ], [ 128.726421, 34.93771 ], [ 128.725434, 34.94576 ], [ 128.71545, 34.956605 ], [ 128.715297, 34.960718 ], [ 128.718313, 34.96022 ], [ 128.716455, 34.964137 ], [ 128.707837, 34.964732 ], [ 128.703958, 34.971604 ], [ 128.696786, 34.972533 ], [ 128.694739, 34.980153 ], [ 128.700344, 34.991244 ], [ 128.695161, 34.99044 ], [ 128.696491, 34.992922 ], [ 128.692693, 34.995742 ], [ 128.702128, 34.998966 ], [ 128.70657, 34.996201 ], [ 128.706648, 35.000804 ], [ 128.701082, 35.002071 ], [ 128.701959, 35.006692 ], [ 128.70867, 35.009596 ], [ 128.711986, 35.004986 ], [ 128.716387, 35.009737 ], [ 128.721485, 35.018352 ], [ 128.721031, 35.023745 ], [ 128.715881, 35.028682 ], [ 128.705404, 35.031528 ], [ 128.699272, 35.036508 ], [ 128.700086, 35.031374 ], [ 128.693649, 35.030308 ], [ 128.686189, 35.038778 ], [ 128.675086, 35.040167 ], [ 128.684947, 35.033725 ], [ 128.675041, 35.031269 ], [ 128.675776, 35.019631 ], [ 128.671801, 35.021643 ], [ 128.671931, 35.012741 ], [ 128.668107, 35.010584 ], [ 128.675987, 35.004646 ], [ 128.679621, 35.008922 ], [ 128.682204, 35.006769 ], [ 128.682471, 35.001342 ], [ 128.673262, 35.000303 ], [ 128.679013, 34.996889 ], [ 128.681545, 34.989692 ], [ 128.678743, 34.987067 ], [ 128.676025, 34.988598 ], [ 128.671424, 34.998664 ], [ 128.665954, 34.993959 ], [ 128.664265, 34.997174 ], [ 128.659376, 34.997792 ], [ 128.660083, 34.993534 ], [ 128.667358, 34.987929 ], [ 128.655668, 34.990291 ], [ 128.652882, 34.983975 ], [ 128.657874, 34.983024 ] ] ], [ [ [ 128.730593, 34.970129 ], [ 128.726013, 34.971082 ], [ 128.722814, 34.966612 ], [ 128.729611, 34.965206 ], [ 128.735913, 34.967704 ], [ 128.730593, 34.970129 ] ] ], [ [ [ 128.630412, 34.972814 ], [ 128.633736, 34.971883 ], [ 128.635904, 34.976767 ], [ 128.632925, 34.973319 ], [ 128.630412, 34.972814 ] ] ], [ [ [ 128.647402, 34.986631 ], [ 128.645148, 34.994182 ], [ 128.652437, 34.993741 ], [ 128.652472, 34.99606 ], [ 128.647359, 34.996388 ], [ 128.645648, 35.000275 ], [ 128.650763, 35.001061 ], [ 128.649503, 35.004219 ], [ 128.653157, 35.00538 ], [ 128.654801, 35.012598 ], [ 128.648057, 35.021247 ], [ 128.644482, 35.012626 ], [ 128.640108, 35.011509 ], [ 128.641705, 35.013477 ], [ 128.638373, 35.015567 ], [ 128.631336, 35.00863 ], [ 128.634522, 34.99868 ], [ 128.617028, 34.999016 ], [ 128.616184, 34.995026 ], [ 128.62477, 34.995501 ], [ 128.626619, 34.993108 ], [ 128.621546, 34.985574 ], [ 128.610359, 34.983941 ], [ 128.613221, 34.980214 ], [ 128.608799, 34.974586 ], [ 128.61247, 34.972794 ], [ 128.616773, 34.974716 ], [ 128.621675, 34.983426 ], [ 128.630559, 34.980547 ], [ 128.626805, 34.977862 ], [ 128.62853, 34.975898 ], [ 128.644636, 34.978502 ], [ 128.647402, 34.986631 ] ] ], [ [ [ 128.625695, 35.007782 ], [ 128.62899, 35.005746 ], [ 128.621936, 35.011797 ], [ 128.61946, 35.011 ], [ 128.619189, 35.007747 ], [ 128.625695, 35.007782 ] ] ], [ [ [ 128.640134, 35.015509 ], [ 128.641798, 35.016307 ], [ 128.641251, 35.020719 ], [ 128.638356, 35.019313 ], [ 128.640134, 35.015509 ] ] ], [ [ [ 128.742214, 35.02114 ], [ 128.736436, 35.022373 ], [ 128.735558, 35.017706 ], [ 128.746143, 35.01495 ], [ 128.746361, 35.01673 ], [ 128.742214, 35.02114 ] ] ], [ [ [ 128.670807, 35.058651 ], [ 128.668677, 35.061047 ], [ 128.66253, 35.060013 ], [ 128.665112, 35.058275 ], [ 128.66909, 35.058429 ], [ 128.669933, 35.055884 ], [ 128.672986, 35.057909 ], [ 128.670807, 35.058651 ] ] ], [ [ [ 128.636888, 35.06489 ], [ 128.634375, 35.065259 ], [ 128.63175, 35.060873 ], [ 128.639806, 35.063039 ], [ 128.636888, 35.06489 ] ] ], [ [ [ 128.767793, 35.066245 ], [ 128.762942, 35.065621 ], [ 128.761904, 35.061372 ], [ 128.770088, 35.064019 ], [ 128.77176, 35.061597 ], [ 128.77817, 35.058604 ], [ 128.771913, 35.06166 ], [ 128.771998, 35.062395 ], [ 128.770195, 35.064044 ], [ 128.770517, 35.065241 ], [ 128.767793, 35.066245 ] ] ], [ [ [ 128.74624, 35.080985 ], [ 128.740025, 35.072166 ], [ 128.746177, 35.073514 ], [ 128.746324, 35.078021 ], [ 128.750156, 35.078856 ], [ 128.74624, 35.080985 ] ] ], [ [ [ 128.693854, 35.077989 ], [ 128.697245, 35.077208 ], [ 128.697617, 35.079171 ], [ 128.696774, 35.079816 ], [ 128.693854, 35.077989 ] ] ], [ [ [ 128.710704, 35.082029 ], [ 128.708084, 35.082657 ], [ 128.707225, 35.080892 ], [ 128.713087, 35.080302 ], [ 128.710704, 35.082029 ] ] ], [ [ [ 128.723219, 35.088426 ], [ 128.721259, 35.088951 ], [ 128.717815, 35.084202 ], [ 128.723912, 35.084263 ], [ 128.723219, 35.088426 ] ] ], [ [ [ 128.722621, 35.091152 ], [ 128.719551, 35.092966 ], [ 128.718183, 35.091091 ], [ 128.719151, 35.089603 ], [ 128.722621, 35.091152 ] ] ], [ [ [ 128.659155, 35.105443 ], [ 128.649746, 35.105734 ], [ 128.649101, 35.102159 ], [ 128.643833, 35.102614 ], [ 128.646197, 35.099229 ], [ 128.65338, 35.099898 ], [ 128.660485, 35.094107 ], [ 128.658013, 35.099312 ], [ 128.660213, 35.10174 ], [ 128.654079, 35.101519 ], [ 128.661685, 35.104976 ], [ 128.659155, 35.105443 ] ] ] ] } },
{ "type": "Feature", "properties": { "province_code": "50", "name_en": "Jeju Special Self-Governing Province", "name_ko": "제주특별자치도" }, "geometry": { "type": "MultiPolygon", "coordinates": [ [ [ [ 126.266163, 33.115149 ], [ 126.26916, 33.11452 ], [ 126.269293, 33.122786 ], [ 126.265334, 33.117931 ], [ 126.266163, 33.115149 ] ] ], [ [ [ 126.274099, 33.174154 ], [ 126.269835, 33.174452 ], [ 126.264541, 33.169761 ], [ 126.270797, 33.16407 ], [ 126.278888, 33.168028 ], [ 126.274099, 33.174154 ] ] ], [ [ [ 126.15319, 33.311563 ], [ 126.151429, 33.31329 ], [ 126.144116, 33.311296 ], [ 126.149775, 33.310039 ], [ 126.15319, 33.311563 ] ] ], [ [ [ 126.231231, 33.410606 ], [ 126.224136, 33.411258 ], [ 126.222616, 33.405894 ], [ 126.22926, 33.404926 ], [ 126.231231, 33.410606 ] ] ], [ [ [ 126.291901, 33.965858 ], [ 126.283399, 33.96575 ], [ 126.289497, 33.96277 ], [ 126.286149, 33.960692 ], [ 126.3014, 33.952721 ], [ 126.301531, 33.958725 ], [ 126.294303, 33.96148 ], [ 126.296417, 33.963747 ], [ 126.300067, 33.962418 ], [ 126.291901, 33.965858 ] ] ], [ [ [ 126.250934, 33.982579 ], [ 126.250407, 33.985902 ], [ 126.247101, 33.984025 ], [ 126.250726, 33.982857 ], [ 126.250934, 33.982579 ] ] ], [ [ [ 126.323696, 33.918947 ], [ 126.322235, 33.916809 ], [ 126.326109, 33.915285 ], [ 126.326948, 33.918242 ], [ 126.323696, 33.918947 ] ] ], [ [ [ 126.340433, 33.95551 ], [ 126.331938, 33.956073 ], [ 126.326112, 33.951017 ], [ 126.313415, 33.954881 ], [ 126.310636, 33.952132 ], [ 126.304527, 33.953126 ], [ 126.304041, 33.949918 ], [ 126.31682, 33.941439 ], [ 126.321634, 33.93028 ], [ 126.32931, 33.930613 ], [ 126.329944, 33.934486 ], [ 126.324364, 33.936103 ], [ 126.328193, 33.939514 ], [ 126.324421, 33.938058 ], [ 126.324081, 33.940982 ], [ 126.328444, 33.945097 ], [ 126.329531, 33.939113 ], [ 126.330289, 33.944812 ], [ 126.341636, 33.946595 ], [ 126.337803, 33.952755 ], [ 126.340433, 33.95551 ] ] ], [ [ [ 126.351119, 33.98158 ], [ 126.353054, 33.983276 ], [ 126.34737, 33.984977 ], [ 126.346456, 33.982808 ], [ 126.351119, 33.98158 ] ] ], [ [ [ 126.322215, 33.984819 ], [ 126.32346, 33.987345 ], [ 126.31843, 33.988267 ], [ 126.319415, 33.986288 ], [ 126.322215, 33.984819 ] ] ], [ [ [ 126.340072, 34.011591 ], [ 126.336549, 34.013639 ], [ 126.331619, 34.011568 ], [ 126.34414, 34.008658 ], [ 126.348202, 34.004767 ], [ 126.353264, 34.006249 ], [ 126.345754, 34.011561 ], [ 126.340072, 34.011591 ] ] ], [ [ [ 126.514135, 33.219874 ], [ 126.514379, 33.218063 ], [ 126.516701, 33.217542 ], [ 126.515329, 33.221258 ], [ 126.514135, 33.219874 ] ] ], [ [ [ 126.656466, 33.22525 ], [ 126.655645, 33.226464 ], [ 126.653074, 33.224935 ], [ 126.655604, 33.224045 ], [ 126.656466, 33.22525 ] ] ], [ [ [ 126.568269, 33.226987 ], [ 126.56484, 33.227471 ], [ 126.563633, 33.226468 ], [ 126.567307, 33.224869 ], [ 126.568269, 33.226987 ] ] ], [ [ [ 126.601714, 33.2301 ], [ 126.598546, 33.23217 ], [ 126.596178, 33.230474 ], [ 126.600307, 33.228564 ], [ 126.602518, 33.228887 ], [ 126.601714, 33.2301 ] ] ], [ [ [ 126.561154, 33.235569 ], [ 126.564074, 33.234976 ], [ 126.562788, 33.238193 ], [ 126.5588, 33.236681 ], [ 126.561154, 33.235569 ] ] ], [ [ [ 126.771382, 33.56465 ], [ 126.763748, 33.56506 ], [ 126.760192, 33.557145 ], [ 126.7538, 33.559238 ], [ 126.74237, 33.557733 ], [ 126.740258, 33.560104 ], [ 126.739352, 33.557579 ], [ 126.741467, 33.558612 ], [ 126.742454, 33.556975 ], [ 126.743994, 33.55787 ], [ 126.745507, 33.555654 ], [ 126.743951, 33.557355 ], [ 126.738366, 33.554674 ], [ 126.736697, 33.558872 ], [ 126.740895, 33.561103 ], [ 126.737722, 33.560448 ], [ 126.735701, 33.557534 ], [ 126.727559, 33.560033 ], [ 126.719505, 33.557519 ], [ 126.716316, 33.553425 ], [ 126.713927, 33.555299 ], [ 126.699863, 33.552995 ], [ 126.684263, 33.54774 ], [ 126.677778, 33.552442 ], [ 126.674516, 33.544719 ], [ 126.66719, 33.542775 ], [ 126.654477, 33.547803 ], [ 126.656196, 33.54976 ], [ 126.652934, 33.552417 ], [ 126.65104, 33.548885 ], [ 126.651737, 33.547513 ], [ 126.647807, 33.549126 ], [ 126.650245, 33.553465 ], [ 126.64465, 33.555518 ], [ 126.638542, 33.548946 ], [ 126.639277, 33.545794 ], [ 126.632694, 33.542186 ], [ 126.636504, 33.541065 ], [ 126.635319, 33.535708 ], [ 126.628395, 33.537221 ], [ 126.627909, 33.540233 ], [ 126.626162, 33.536214 ], [ 126.622635, 33.539443 ], [ 126.613105, 33.538116 ], [ 126.608944, 33.534691 ], [ 126.597718, 33.537676 ], [ 126.58996, 33.533221 ], [ 126.589361, 33.532306 ], [ 126.589551, 33.531041 ], [ 126.588784, 33.530622 ], [ 126.589254, 33.529089 ], [ 126.586226, 33.525533 ], [ 126.579889, 33.524628 ], [ 126.576353, 33.527949 ], [ 126.573499, 33.525149 ], [ 126.56823, 33.527034 ], [ 126.565285, 33.524008 ], [ 126.562088, 33.527369 ], [ 126.558962, 33.52251 ], [ 126.550917, 33.520341 ], [ 126.544674, 33.521604 ], [ 126.541614, 33.529471 ], [ 126.542857, 33.522885 ], [ 126.53723, 33.523099 ], [ 126.533461, 33.517975 ], [ 126.528466, 33.517078 ], [ 126.537176, 33.524802 ], [ 126.534714, 33.523601 ], [ 126.540585, 33.5323 ], [ 126.534527, 33.523563 ], [ 126.528597, 33.519372 ], [ 126.528311, 33.518076 ], [ 126.517585, 33.519389 ], [ 126.51136, 33.515551 ], [ 126.495085, 33.52064 ], [ 126.485938, 33.517368 ], [ 126.482748, 33.510633 ], [ 126.464871, 33.508716 ], [ 126.467232, 33.505059 ], [ 126.46388, 33.506672 ], [ 126.464626, 33.509693 ], [ 126.463908, 33.509072 ], [ 126.46372, 33.508712 ], [ 126.462856, 33.503027 ], [ 126.460457, 33.505492 ], [ 126.453644, 33.5043 ], [ 126.452042, 33.501787 ], [ 126.455162, 33.499298 ], [ 126.452349, 33.497151 ], [ 126.445082, 33.498651 ], [ 126.428113, 33.493608 ], [ 126.427043, 33.49587 ], [ 126.418619, 33.489092 ], [ 126.41092, 33.49016 ], [ 126.407698, 33.485172 ], [ 126.400275, 33.483109 ], [ 126.394472, 33.48413 ], [ 126.390644, 33.489347 ], [ 126.385508, 33.488984 ], [ 126.369077, 33.478273 ], [ 126.353776, 33.47766 ], [ 126.351295, 33.47279 ], [ 126.347347, 33.473596 ], [ 126.338273, 33.467065 ], [ 126.327769, 33.468826 ], [ 126.320655, 33.465096 ], [ 126.320936, 33.467094 ], [ 126.327225, 33.47017 ], [ 126.319472, 33.467103 ], [ 126.311446, 33.468049 ], [ 126.308423, 33.465836 ], [ 126.310914, 33.460005 ], [ 126.308613, 33.455775 ], [ 126.299321, 33.446782 ], [ 126.29275, 33.446504 ], [ 126.293341, 33.443788 ], [ 126.289735, 33.442928 ], [ 126.278109, 33.44368 ], [ 126.273361, 33.434788 ], [ 126.271427, 33.437344 ], [ 126.263348, 33.435818 ], [ 126.264217, 33.423688 ], [ 126.263022, 33.422494 ], [ 126.262944, 33.423733 ], [ 126.258852, 33.422794 ], [ 126.258129, 33.421775 ], [ 126.257758, 33.420467 ], [ 126.257661, 33.417252 ], [ 126.251898, 33.417048 ], [ 126.257702, 33.417159 ], [ 126.258463, 33.417947 ], [ 126.258202, 33.421751 ], [ 126.260626, 33.423189 ], [ 126.264908, 33.415105 ], [ 126.260032, 33.416795 ], [ 126.255849, 33.412653 ], [ 126.253128, 33.415673 ], [ 126.253978, 33.412695 ], [ 126.258912, 33.40903 ], [ 126.252389, 33.407689 ], [ 126.250387, 33.401131 ], [ 126.243235, 33.398846 ], [ 126.234351, 33.389233 ], [ 126.222054, 33.390629 ], [ 126.221522, 33.386514 ], [ 126.214521, 33.380734 ], [ 126.216457, 33.378723 ], [ 126.205292, 33.368469 ], [ 126.191131, 33.363199 ], [ 126.18752, 33.358498 ], [ 126.181215, 33.35851 ], [ 126.18135, 33.349404 ], [ 126.178683, 33.349104 ], [ 126.182138, 33.345395 ], [ 126.179036, 33.346094 ], [ 126.178055, 33.349553 ], [ 126.177833, 33.348573 ], [ 126.177822, 33.347762 ], [ 126.179173, 33.345804 ], [ 126.17234, 33.34294 ], [ 126.169432, 33.345581 ], [ 126.169319, 33.343588 ], [ 126.172001, 33.34269 ], [ 126.165942, 33.341705 ], [ 126.1673, 33.339094 ], [ 126.16185, 33.333851 ], [ 126.165792, 33.331607 ], [ 126.162879, 33.324597 ], [ 126.166823, 33.323324 ], [ 126.168681, 33.316435 ], [ 126.163703, 33.307966 ], [ 126.167957, 33.298839 ], [ 126.161634, 33.291661 ], [ 126.162907, 33.285547 ], [ 126.169287, 33.281807 ], [ 126.16875, 33.276592 ], [ 126.17912, 33.26814 ], [ 126.183411, 33.259464 ], [ 126.202322, 33.246584 ], [ 126.22725, 33.239743 ], [ 126.227623, 33.240172 ], [ 126.227874, 33.240907 ], [ 126.228038, 33.240947 ], [ 126.228009, 33.241803 ], [ 126.22877, 33.241825 ], [ 126.22923, 33.237385 ], [ 126.235415, 33.235896 ], [ 126.238327, 33.229242 ], [ 126.241582, 33.228739 ], [ 126.24103, 33.223845 ], [ 126.247112, 33.220901 ], [ 126.24716, 33.216943 ], [ 126.24961, 33.212543 ], [ 126.249315, 33.213215 ], [ 126.249252, 33.214638 ], [ 126.248939, 33.215519 ], [ 126.247384, 33.216998 ], [ 126.250042, 33.220422 ], [ 126.250522, 33.220293 ], [ 126.250973, 33.219756 ], [ 126.249777, 33.219174 ], [ 126.251197, 33.21959 ], [ 126.249777, 33.216517 ], [ 126.253147, 33.215122 ], [ 126.250345, 33.213799 ], [ 126.262505, 33.211665 ], [ 126.264117, 33.198224 ], [ 126.270264, 33.196026 ], [ 126.276042, 33.200214 ], [ 126.284587, 33.201198 ], [ 126.290821, 33.19541 ], [ 126.294476, 33.198267 ], [ 126.289461, 33.205414 ], [ 126.296998, 33.223681 ], [ 126.308669, 33.227409 ], [ 126.310838, 33.232764 ], [ 126.315371, 33.231592 ], [ 126.3148, 33.23652 ], [ 126.326803, 33.24141 ], [ 126.33605, 33.239408 ], [ 126.333666, 33.23414 ], [ 126.336922, 33.235051 ], [ 126.337281, 33.236782 ], [ 126.350763, 33.235176 ], [ 126.361818, 33.237243 ], [ 126.364958, 33.232347 ], [ 126.370176, 33.231731 ], [ 126.384303, 33.233655 ], [ 126.408679, 33.245919 ], [ 126.417864, 33.244 ], [ 126.424282, 33.237511 ], [ 126.433578, 33.233944 ], [ 126.438197, 33.239026 ], [ 126.442558, 33.237427 ], [ 126.457442, 33.242244 ], [ 126.462332, 33.237679 ], [ 126.462988, 33.232086 ], [ 126.471382, 33.226465 ], [ 126.491605, 33.233265 ], [ 126.508177, 33.230875 ], [ 126.520868, 33.241412 ], [ 126.532353, 33.239534 ], [ 126.539377, 33.242023 ], [ 126.547011, 33.238694 ], [ 126.550963, 33.241779 ], [ 126.55975, 33.237369 ], [ 126.561711, 33.243195 ], [ 126.560929, 33.240694 ], [ 126.568084, 33.236092 ], [ 126.569833, 33.237312 ], [ 126.566205, 33.240793 ], [ 126.571421, 33.244925 ], [ 126.585928, 33.244786 ], [ 126.59908, 33.236174 ], [ 126.617211, 33.242262 ], [ 126.619542, 33.250011 ], [ 126.639518, 33.257891 ], [ 126.643936, 33.267036 ], [ 126.653073, 33.270176 ], [ 126.660831, 33.268594 ], [ 126.658445, 33.274132 ], [ 126.662857, 33.273714 ], [ 126.664205, 33.269778 ], [ 126.661116, 33.267289 ], [ 126.663255, 33.268299 ], [ 126.665097, 33.270875 ], [ 126.665063, 33.271207 ], [ 126.668881, 33.271473 ], [ 126.676686, 33.268303 ], [ 126.681109, 33.271181 ], [ 126.69152, 33.269395 ], [ 126.73342, 33.281861 ], [ 126.743353, 33.278852 ], [ 126.751979, 33.289805 ], [ 126.753754, 33.287442 ], [ 126.763344, 33.292323 ], [ 126.77573, 33.307005 ], [ 126.803342, 33.302836 ], [ 126.805972, 33.30588 ], [ 126.804776, 33.302812 ], [ 126.808217, 33.303009 ], [ 126.816343, 33.307997 ], [ 126.829093, 33.306514 ], [ 126.847053, 33.320898 ], [ 126.84683, 33.327701 ], [ 126.845639, 33.325342 ], [ 126.845818, 33.327479 ], [ 126.837678, 33.325968 ], [ 126.837043, 33.329692 ], [ 126.855767, 33.338981 ], [ 126.859398, 33.347332 ], [ 126.868179, 33.354723 ], [ 126.867156, 33.364142 ], [ 126.871703, 33.366162 ], [ 126.870774, 33.372139 ], [ 126.880772, 33.379414 ], [ 126.880299, 33.382746 ], [ 126.905549, 33.391646 ], [ 126.902866, 33.403448 ], [ 126.90757, 33.407097 ], [ 126.916347, 33.427143 ], [ 126.916189, 33.434593 ], [ 126.92366, 33.434521 ], [ 126.926211, 33.430777 ], [ 126.923545, 33.427498 ], [ 126.92914, 33.423565 ], [ 126.934558, 33.428964 ], [ 126.921748, 33.438798 ], [ 126.92079, 33.44508 ], [ 126.924728, 33.453515 ], [ 126.933503, 33.460763 ], [ 126.940947, 33.456388 ], [ 126.945459, 33.457391 ], [ 126.936041, 33.464235 ], [ 126.935915, 33.47825 ], [ 126.935779, 33.473609 ], [ 126.934824, 33.471377 ], [ 126.935546, 33.47371 ], [ 126.92821, 33.473129 ], [ 126.931823, 33.463482 ], [ 126.923359, 33.455106 ], [ 126.92205, 33.463088 ], [ 126.914859, 33.462697 ], [ 126.924316, 33.468555 ], [ 126.922649, 33.470385 ], [ 126.927592, 33.47572 ], [ 126.920492, 33.469262 ], [ 126.912384, 33.472537 ], [ 126.910118, 33.479716 ], [ 126.909526, 33.47976 ], [ 126.908117, 33.478307 ], [ 126.906166, 33.47873 ], [ 126.908173, 33.478177 ], [ 126.903609, 33.477766 ], [ 126.902473, 33.486335 ], [ 126.910613, 33.488653 ], [ 126.909159, 33.495854 ], [ 126.913627, 33.496268 ], [ 126.911544, 33.508087 ], [ 126.906546, 33.510634 ], [ 126.89963, 33.50949 ], [ 126.898365, 33.513234 ], [ 126.903679, 33.521027 ], [ 126.899997, 33.519524 ], [ 126.891667, 33.527794 ], [ 126.883769, 33.526727 ], [ 126.881747, 33.529244 ], [ 126.86638, 33.528902 ], [ 126.860737, 33.524697 ], [ 126.856437, 33.526651 ], [ 126.858547, 33.529979 ], [ 126.854887, 33.528178 ], [ 126.858, 33.53055 ], [ 126.85748, 33.530568 ], [ 126.855263, 33.52979 ], [ 126.854817, 33.529396 ], [ 126.851689, 33.529607 ], [ 126.851344, 33.532327 ], [ 126.84078, 33.533139 ], [ 126.840824, 33.536647 ], [ 126.827745, 33.543856 ], [ 126.826545, 33.558848 ], [ 126.814033, 33.56153 ], [ 126.806775, 33.557627 ], [ 126.80984, 33.555618 ], [ 126.802441, 33.557854 ], [ 126.798213, 33.555028 ], [ 126.793417, 33.559528 ], [ 126.784057, 33.561983 ], [ 126.783615, 33.564611 ], [ 126.776598, 33.563927 ], [ 126.774681, 33.561118 ], [ 126.776513, 33.563939 ], [ 126.771382, 33.56465 ] ] ], [ [ [ 126.954109, 33.524382 ], [ 126.948426, 33.522836 ], [ 126.950923, 33.517664 ], [ 126.941287, 33.506626 ], [ 126.943582, 33.495043 ], [ 126.950645, 33.49387 ], [ 126.949995, 33.491685 ], [ 126.959298, 33.493186 ], [ 126.966245, 33.490736 ], [ 126.966086, 33.496956 ], [ 126.970428, 33.499165 ], [ 126.965042, 33.513248 ], [ 126.969884, 33.515046 ], [ 126.958803, 33.512451 ], [ 126.957848, 33.516249 ], [ 126.96156, 33.518444 ], [ 126.954109, 33.524382 ] ] ], [ [ [ 126.641134, 33.921603 ], [ 126.63582, 33.921982 ], [ 126.635265, 33.921425 ], [ 126.638565, 33.918612 ], [ 126.641134, 33.921603 ] ] ] ] } }
]
}
